qa_id	qa_class	qa_type	goal	tool_id	tool_name	study	project_name	tumor_subtype	question	answer	required_inputs	reference_inputs	functions	applicable_modals	negative_type	data
class300001	class3_data_tool_recommend	single_tool	接头与低质量序列修剪	T001	fastp	HRA000071	Chinese Glioma Genome Altas (CGGA) - WES dataset	Malignant Glioma	要完成接头与低质量序列修剪，需要准备哪些数据、推荐哪个工具？	完成接头与低质量序列修剪需要数据：原始双端测序数据（R1）、原始双端测序数据（R2）；推荐工具 fastp。图谱中项目 Chinese Glioma Genome Altas (CGGA) - WES dataset 的 HRA000071（癌种：Malignant Glioma）存在这些数据，共 1144 个匹配文件（文件引用已脱敏）。	["RAW_PAIRED_END_R1_FASTQ", "RAW_PAIRED_END_R2_FASTQ"]	[]	["接头与低质量序列修剪", "测序质量评估"]	["WES"]		[{"semantic_format": "RAW_PAIRED_END_R1_FASTQ", "data_desc": "原始双端测序数据（R1）", "count": 572, "study": "HRA000071", "project_name": "Chinese Glioma Genome Altas (CGGA) - WES dataset", "tumor_subtype": "Malignant Glioma"}, {"semantic_format": "RAW_PAIRED_END_R2_FASTQ", "data_desc": "原始双端测序数据（R2）", "count": 572, "study": "HRA000071", "project_name": "Chinese Glioma Genome Altas (CGGA) - WES dataset", "tumor_subtype": "Malignant Glioma"}]
class300002	class3_data_tool_recommend	single_tool	测序质量评估	T002	fastqc	HRA000001	CAS Precision Medicine Initiative, capital Initiative	Natural	项目CAS Precision Medicine Initiative, capital Initiative中要做测序质量评估，需要哪些数据、用什么工具？	完成测序质量评估需要数据：原始单端测序数据；推荐工具 fastqc。图谱中项目 CAS Precision Medicine Initiative, capital Initiative 的 HRA000001（癌种：Natural）存在这些数据，共 1114 个匹配文件（文件引用已脱敏）。	["RAW_SINGLE_END_FASTQ"]	[]	["可视化与报告", "测序质量评估"]	["WES", "WGS", "bulk_RNA", "sc-RNA"]		[{"semantic_format": "RAW_PAIRED_END_R1_FASTQ", "data_desc": "原始双端测序数据（R1）", "count": 557, "study": "HRA000001", "project_name": "CAS Precision Medicine Initiative, capital Initiative", "tumor_subtype": "Natural"}, {"semantic_format": "RAW_PAIRED_END_R2_FASTQ", "data_desc": "原始双端测序数据（R2）", "count": 557, "study": "HRA000001", "project_name": "CAS Precision Medicine Initiative, capital Initiative", "tumor_subtype": "Natural"}]
class300003	class3_data_tool_recommend	single_tool	单细胞比对与定量	T003	cellranger_workflow	HRA000073	Chinese Glioma Genome Altas (CGGA) - RNA-seq dataset (325)	Malignant Glioma	目标是单细胞比对与定量，应该选择什么数据和什么工具？	完成单细胞比对与定量需要数据：基因组比对 BAM 数据、原始单端测序数据；推荐工具 cellranger_workflow。图谱中项目 Chinese Glioma Genome Altas (CGGA) - RNA-seq dataset (325) 的 HRA000073（癌种：Malignant Glioma）存在这些数据，共 975 个匹配文件（文件引用已脱敏）。	["DNA_GENOMIC_ALIGNMENT_BAM", "RAW_SINGLE_END_FASTQ"]	[]	["单细胞比对与定量", "可视化与报告", "测序质量评估"]	["bulk_RNA", "sc-RNA"]		[{"semantic_format": "RNA_TRANSCRIPTOME_ALIGNMENT_BAM", "data_desc": "转录组比对 BAM 数据", "count": 325, "study": "HRA000073", "project_name": "Chinese Glioma Genome Altas (CGGA) - RNA-seq dataset (325)", "tumor_subtype": "Malignant Glioma"}, {"semantic_format": "RAW_PAIRED_END_R1_FASTQ", "data_desc": "原始双端测序数据（R1）", "count": 325, "study": "HRA000073", "project_name": "Chinese Glioma Genome Altas (CGGA) - RNA-seq dataset (325)", "tumor_subtype": "Malignant Glioma"}, {"semantic_format": "RAW_PAIRED_END_R2_FASTQ", "data_desc": "原始双端测序数据（R2）", "count": 325, "study": "HRA000073", "project_name": "Chinese Glioma Genome Altas (CGGA) - RNA-seq dataset (325)", "tumor_subtype": "Malignant Glioma"}]
class300004	class3_data_tool_recommend	single_tool	接头与低质量序列修剪	T004	trim_galore	HRA000073	Chinese Glioma Genome Altas (CGGA) - RNA-seq dataset (325)	Malignant Glioma	完成接头与低质量序列修剪需要的数据和工具分别是什么？	完成接头与低质量序列修剪需要数据：原始双端测序数据（R1）、原始双端测序数据（R2）；推荐工具 trim_galore。图谱中项目 Chinese Glioma Genome Altas (CGGA) - RNA-seq dataset (325) 的 HRA000073（癌种：Malignant Glioma）存在这些数据，共 650 个匹配文件（文件引用已脱敏）。	["RAW_PAIRED_END_R1_FASTQ", "RAW_PAIRED_END_R2_FASTQ"]	[]	["接头与低质量序列修剪"]	["bulk_RNA"]		[{"semantic_format": "RAW_PAIRED_END_R1_FASTQ", "data_desc": "原始双端测序数据（R1）", "count": 325, "study": "HRA000073", "project_name": "Chinese Glioma Genome Altas (CGGA) - RNA-seq dataset (325)", "tumor_subtype": "Malignant Glioma"}, {"semantic_format": "RAW_PAIRED_END_R2_FASTQ", "data_desc": "原始双端测序数据（R2）", "count": 325, "study": "HRA000073", "project_name": "Chinese Glioma Genome Altas (CGGA) - RNA-seq dataset (325)", "tumor_subtype": "Malignant Glioma"}]
class300005	class3_data_tool_recommend	single_tool	RNA序列比对	T005	star	HRA000073	Chinese Glioma Genome Altas (CGGA) - RNA-seq dataset (325)	Malignant Glioma	我想完成RNA序列比对，需要什么数据、应该用什么工具？	完成RNA序列比对需要数据：原始双端测序数据（R1）、原始双端测序数据（R2）；推荐工具 star（另需公共参考资源：参考基因组 FASTA）。图谱中项目 Chinese Glioma Genome Altas (CGGA) - RNA-seq dataset (325) 的 HRA000073（癌种：Malignant Glioma）存在这些数据，共 650 个匹配文件（文件引用已脱敏）。	["RAW_PAIRED_END_R1_FASTQ", "RAW_PAIRED_END_R2_FASTQ"]	["REFERENCE_GENOME_FASTA"]	["RNA序列比对"]	["bulk_RNA"]		[{"semantic_format": "RAW_PAIRED_END_R1_FASTQ", "data_desc": "原始双端测序数据（R1）", "count": 325, "study": "HRA000073", "project_name": "Chinese Glioma Genome Altas (CGGA) - RNA-seq dataset (325)", "tumor_subtype": "Malignant Glioma"}, {"semantic_format": "RAW_PAIRED_END_R2_FASTQ", "data_desc": "原始双端测序数据（R2）", "count": 325, "study": "HRA000073", "project_name": "Chinese Glioma Genome Altas (CGGA) - RNA-seq dataset (325)", "tumor_subtype": "Malignant Glioma"}]
class300006	class3_data_tool_recommend	single_tool	DNA序列比对	T006	bwa	HRA000071	Chinese Glioma Genome Altas (CGGA) - WES dataset	Malignant Glioma	要完成DNA序列比对，需要准备哪些数据、推荐哪个工具？	完成DNA序列比对需要数据：原始双端测序数据（R1）、原始双端测序数据（R2）；推荐工具 bwa（另需公共参考资源：参考基因组 FASTA）。图谱中项目 Chinese Glioma Genome Altas (CGGA) - WES dataset 的 HRA000071（癌种：Malignant Glioma）存在这些数据，共 1144 个匹配文件（文件引用已脱敏）。	["RAW_PAIRED_END_R1_FASTQ", "RAW_PAIRED_END_R2_FASTQ"]	["REFERENCE_GENOME_FASTA"]	["DNA序列比对"]	["WES"]		[{"semantic_format": "RAW_PAIRED_END_R1_FASTQ", "data_desc": "原始双端测序数据（R1）", "count": 572, "study": "HRA000071", "project_name": "Chinese Glioma Genome Altas (CGGA) - WES dataset", "tumor_subtype": "Malignant Glioma"}, {"semantic_format": "RAW_PAIRED_END_R2_FASTQ", "data_desc": "原始双端测序数据（R2）", "count": 572, "study": "HRA000071", "project_name": "Chinese Glioma Genome Altas (CGGA) - WES dataset", "tumor_subtype": "Malignant Glioma"}]
class300007	class3_data_tool_recommend	single_tool	比对后处理与去重	T007	samtools	HRA000021	Whole Genome Sequencing  in Esophageal Squamous Cell Carcinoma	Esophageal Squamous Cell Carcinoma	项目Whole Genome Sequencing  in Esophageal Squamous Cell Carcinoma中要做比对后处理与去重，需要哪些数据、用什么工具？	完成比对后处理与去重需要数据：基因组比对 BAM 数据；推荐工具 samtools。图谱中项目 Whole Genome Sequencing  in Esophageal Squamous Cell Carcinoma 的 HRA000021（癌种：Esophageal Squamous Cell Carcinoma）存在这些数据，共 1016 个匹配文件（文件引用已脱敏）。	["DNA_GENOMIC_ALIGNMENT_BAM"]	[]	["比对后处理与去重"]	["WES", "WGS", "bulk_RNA"]		[{"semantic_format": "DNA_ALIGNMENT_BQSR_BAM", "data_desc": "碱基质量校正后的比对 BAM 数据", "count": 1016, "study": "HRA000021", "project_name": "Whole Genome Sequencing  in Esophageal Squamous Cell Carcinoma", "tumor_subtype": "Esophageal Squamous Cell Carcinoma"}]
class300008	class3_data_tool_recommend	single_tool	体细胞变异检测	T008	gatk	HRA000071	Chinese Glioma Genome Altas (CGGA) - WES dataset	Malignant Glioma	目标是体细胞变异检测，应该选择什么数据和什么工具？	完成体细胞变异检测需要数据：基因组比对 BAM 数据；推荐工具 gatk（另需公共参考资源：参考基因组 FASTA、目标区间列表）。图谱中项目 Chinese Glioma Genome Altas (CGGA) - WES dataset 的 HRA000071（癌种：Malignant Glioma）存在这些数据，共 572 个匹配文件（文件引用已脱敏）。	["DNA_GENOMIC_ALIGNMENT_BAM"]	["REFERENCE_GENOME_FASTA", "TARGET_INTERVAL_LIST"]	["体细胞变异检测", "变异质量校正"]	["WES"]		[{"semantic_format": "DNA_ALIGNMENT_BQSR_BAM", "data_desc": "碱基质量校正后的比对 BAM 数据", "count": 572, "study": "HRA000071", "project_name": "Chinese Glioma Genome Altas (CGGA) - WES dataset", "tumor_subtype": "Malignant Glioma"}]
class300009	class3_data_tool_recommend	single_tool	变异过滤与处理	T009	bcftools	HRA000873	Whole  exome sequencing  of patients with CRC from the Changkang project	Colorectal Cancer	完成变异过滤与处理需要的数据和工具分别是什么？	完成变异过滤与处理需要数据：VCF 索引数据、变异 VCF 数据；推荐工具 bcftools（另需公共参考资源：参考基因组 FASTA）。图谱中项目 Whole  exome sequencing  of patients with CRC from the Changkang project 的 HRA000873（癌种：Colorectal Cancer）存在这些数据，共 6090 个匹配文件（文件引用已脱敏）。	["DNA_VARIANT_INDEX_TBI", "DNA_VARIANT_VCF_GENERAL"]	["REFERENCE_GENOME_FASTA"]	["变异过滤与处理", "可视化与报告"]	["WES"]		[{"semantic_format": "DNA_VARIANT_INDEX_TBI", "data_desc": "VCF 索引数据", "count": 3045, "study": "HRA000873", "project_name": "Whole  exome sequencing  of patients with CRC from the Changkang project", "tumor_subtype": "Colorectal Cancer"}, {"semantic_format": "DNA_VARIANT_VCF_GENERAL", "data_desc": "变异 VCF 数据", "count": 3045, "study": "HRA000873", "project_name": "Whole  exome sequencing  of patients with CRC from the Changkang project", "tumor_subtype": "Colorectal Cancer"}]
class300010	class3_data_tool_recommend	single_tool	变异注释	T010	snpeff	HRA000001	CAS Precision Medicine Initiative, capital Initiative	Natural	我想完成变异注释，需要什么数据、应该用什么工具？	完成变异注释需要数据：变异 VCF 数据；推荐工具 snpeff（另需公共参考资源：参考基因组 FASTA）。图谱中项目 CAS Precision Medicine Initiative, capital Initiative 的 HRA000001（癌种：Natural）存在这些数据，共 4 个匹配文件（文件引用已脱敏）。	["DNA_VARIANT_VCF_GENERAL"]	["REFERENCE_GENOME_FASTA"]	["变异注释", "可视化与报告"]	["WES", "WGS"]		[{"semantic_format": "DNA_VARIANT_VCF_GENERAL", "data_desc": "变异 VCF 数据", "count": 4, "study": "HRA000001", "project_name": "CAS Precision Medicine Initiative, capital Initiative", "tumor_subtype": "Natural"}]
class300011	class3_data_tool_recommend	single_tool	表达定量	T011	rsem	HRA000073	Chinese Glioma Genome Altas (CGGA) - RNA-seq dataset (325)	Malignant Glioma	要完成表达定量，需要准备哪些数据、推荐哪个工具？	完成表达定量需要数据：转录组比对 BAM 数据；推荐工具 rsem。图谱中项目 Chinese Glioma Genome Altas (CGGA) - RNA-seq dataset (325) 的 HRA000073（癌种：Malignant Glioma）存在这些数据，共 325 个匹配文件（文件引用已脱敏）。	["RNA_TRANSCRIPTOME_ALIGNMENT_BAM"]	[]	["表达定量"]	["bulk_RNA"]		[{"semantic_format": "RNA_TRANSCRIPTOME_ALIGNMENT_BAM", "data_desc": "转录组比对 BAM 数据", "count": 325, "study": "HRA000073", "project_name": "Chinese Glioma Genome Altas (CGGA) - RNA-seq dataset (325)", "tumor_subtype": "Malignant Glioma"}]
class300012	class3_data_tool_recommend	single_tool	表达定量	T012	featurecounts	HRA000073	Chinese Glioma Genome Altas (CGGA) - RNA-seq dataset (325)	Malignant Glioma	项目Chinese Glioma Genome Altas (CGGA) - RNA-seq dataset (325)中要做表达定量，需要哪些数据、用什么工具？	完成表达定量需要数据：基因组比对 BAM 数据；推荐工具 featurecounts。图谱中项目 Chinese Glioma Genome Altas (CGGA) - RNA-seq dataset (325) 的 HRA000073（癌种：Malignant Glioma）存在这些数据，共 325 个匹配文件（文件引用已脱敏）。	["DNA_GENOMIC_ALIGNMENT_BAM"]	[]	["表达定量"]	["bulk_RNA"]		[{"semantic_format": "RNA_TRANSCRIPTOME_ALIGNMENT_BAM", "data_desc": "转录组比对 BAM 数据", "count": 325, "study": "HRA000073", "project_name": "Chinese Glioma Genome Altas (CGGA) - RNA-seq dataset (325)", "tumor_subtype": "Malignant Glioma"}]
class300013	class3_data_tool_recommend	single_tool	功能富集分析	T014	diff_expr_go	HRA000073	Chinese Glioma Genome Altas (CGGA) - RNA-seq dataset (325)	Malignant Glioma	目标是功能富集分析，应该选择什么数据和什么工具？	完成功能富集分析需要数据：基因表达矩阵/表格数据；推荐工具 diff_expr_go。图谱中项目 Chinese Glioma Genome Altas (CGGA) - RNA-seq dataset (325) 的 HRA000073（癌种：Malignant Glioma）存在这些数据，共 3 个匹配文件（文件引用已脱敏）。	["TABULAR_BIO_DATA"]	[]	["功能富集分析", "差异表达分析"]	["bulk_RNA"]		[{"semantic_format": "TABULAR_BIO_DATA", "data_desc": "基因表达矩阵/表格数据", "count": 3, "study": "HRA000073", "project_name": "Chinese Glioma Genome Altas (CGGA) - RNA-seq dataset (325)", "tumor_subtype": "Malignant Glioma"}]
class300014	class3_data_tool_recommend	single_tool	功能富集分析	T015	diff_expr_kegg	HRA000073	Chinese Glioma Genome Altas (CGGA) - RNA-seq dataset (325)	Malignant Glioma	完成功能富集分析需要的数据和工具分别是什么？	完成功能富集分析需要数据：基因表达矩阵/表格数据；推荐工具 diff_expr_kegg。图谱中项目 Chinese Glioma Genome Altas (CGGA) - RNA-seq dataset (325) 的 HRA000073（癌种：Malignant Glioma）存在这些数据，共 3 个匹配文件（文件引用已脱敏）。	["TABULAR_BIO_DATA"]	[]	["功能富集分析", "差异表达分析"]	["bulk_RNA"]		[{"semantic_format": "TABULAR_BIO_DATA", "data_desc": "基因表达矩阵/表格数据", "count": 3, "study": "HRA000073", "project_name": "Chinese Glioma Genome Altas (CGGA) - RNA-seq dataset (325)", "tumor_subtype": "Malignant Glioma"}]
class300015	class3_data_tool_recommend	single_tool	突变景观与可视化	T016	driver_gene_gender_analysis	HRA000071	Chinese Glioma Genome Altas (CGGA) - WES dataset	Malignant Glioma	我想完成突变景观与可视化，需要什么数据、应该用什么工具？	完成突变景观与可视化需要数据：临床表型数据、体细胞突变 MAF 数据；推荐工具 driver_gene_gender_analysis。图谱中项目 Chinese Glioma Genome Altas (CGGA) - WES dataset 的 HRA000071（癌种：Malignant Glioma）存在这些数据，共 2 个匹配文件（文件引用已脱敏）。	["CLINICAL_DATA_EXCEL", "MUTATION_ANNOTATION_FORMAT_MAF"]	[]	["可视化与报告", "突变景观与可视化"]	["Clinical", "WES"]		[{"semantic_format": "CLINICAL_DATA_EXCEL", "data_desc": "临床表型数据", "count": 1, "study": "HRA000071", "project_name": "Chinese Glioma Genome Altas (CGGA) - WES dataset", "tumor_subtype": "Malignant Glioma"}, {"semantic_format": "MUTATION_ANNOTATION_FORMAT_MAF", "data_desc": "体细胞突变 MAF 数据", "count": 1, "study": "HRA000071", "project_name": "Chinese Glioma Genome Altas (CGGA) - WES dataset", "tumor_subtype": "Malignant Glioma"}]
class300016	class3_data_tool_recommend	single_tool	生存分析	T017	her2_pfs_survival	HRA000071	Chinese Glioma Genome Altas (CGGA) - WES dataset	Malignant Glioma	要完成生存分析，需要准备哪些数据、推荐哪个工具？	完成生存分析需要数据：临床表型数据、基因表达矩阵/表格数据；推荐工具 her2_pfs_survival。图谱中项目 Chinese Glioma Genome Altas (CGGA) - WES dataset 的 HRA000071（癌种：Malignant Glioma）存在这些数据，共 2 个匹配文件（文件引用已脱敏）。	["CLINICAL_DATA_EXCEL", "TABULAR_BIO_DATA"]	[]	["可视化与报告", "生存分析"]	["Clinical", "bulk_RNA"]		[{"semantic_format": "CLINICAL_DATA_EXCEL", "data_desc": "临床表型数据", "count": 1, "study": "HRA000071", "project_name": "Chinese Glioma Genome Altas (CGGA) - WES dataset", "tumor_subtype": "Malignant Glioma"}, {"semantic_format": "SOMATIC_CNV_TSV", "data_desc": "体细胞拷贝数变异数据", "count": 1, "study": "HRA000071", "project_name": "Chinese Glioma Genome Altas (CGGA) - WES dataset", "tumor_subtype": "Malignant Glioma"}]
class300017	class3_data_tool_recommend	single_tool	免疫浸润与微环境分析	T018	immune_infiltration_iobr	HRA000071	Chinese Glioma Genome Altas (CGGA) - WES dataset	Malignant Glioma	项目Chinese Glioma Genome Altas (CGGA) - WES dataset中要做免疫浸润与微环境分析，需要哪些数据、用什么工具？	完成免疫浸润与微环境分析需要数据：临床表型数据、基因表达矩阵/表格数据；推荐工具 immune_infiltration_iobr。图谱中项目 Chinese Glioma Genome Altas (CGGA) - WES dataset 的 HRA000071（癌种：Malignant Glioma）存在这些数据，共 2 个匹配文件（文件引用已脱敏）。	["CLINICAL_DATA_EXCEL", "TABULAR_BIO_DATA"]	[]	["免疫浸润与微环境分析", "可视化与报告"]	["Clinical", "bulk_RNA"]		[{"semantic_format": "CLINICAL_DATA_EXCEL", "data_desc": "临床表型数据", "count": 1, "study": "HRA000071", "project_name": "Chinese Glioma Genome Altas (CGGA) - WES dataset", "tumor_subtype": "Malignant Glioma"}, {"semantic_format": "SOMATIC_CNV_TSV", "data_desc": "体细胞拷贝数变异数据", "count": 1, "study": "HRA000071", "project_name": "Chinese Glioma Genome Altas (CGGA) - WES dataset", "tumor_subtype": "Malignant Glioma"}]
class300018	class3_data_tool_recommend	single_tool	序列格式转换	T019	paired_fastq_to_unmapped_bam	HRA000071	Chinese Glioma Genome Altas (CGGA) - WES dataset	Malignant Glioma	目标是序列格式转换，应该选择什么数据和什么工具？	完成序列格式转换需要数据：基因组比对 BAM 数据、原始双端测序数据（R1）、原始双端测序数据（R2）；推荐工具 paired_fastq_to_unmapped_bam。图谱中项目 Chinese Glioma Genome Altas (CGGA) - WES dataset 的 HRA000071（癌种：Malignant Glioma）存在这些数据，共 1716 个匹配文件（文件引用已脱敏）。	["DNA_GENOMIC_ALIGNMENT_BAM", "RAW_PAIRED_END_R1_FASTQ", "RAW_PAIRED_END_R2_FASTQ"]	[]	["序列格式转换"]	["WES"]		[{"semantic_format": "DNA_ALIGNMENT_BQSR_BAM", "data_desc": "碱基质量校正后的比对 BAM 数据", "count": 572, "study": "HRA000071", "project_name": "Chinese Glioma Genome Altas (CGGA) - WES dataset", "tumor_subtype": "Malignant Glioma"}, {"semantic_format": "RAW_PAIRED_END_R1_FASTQ", "data_desc": "原始双端测序数据（R1）", "count": 572, "study": "HRA000071", "project_name": "Chinese Glioma Genome Altas (CGGA) - WES dataset", "tumor_subtype": "Malignant Glioma"}, {"semantic_format": "RAW_PAIRED_END_R2_FASTQ", "data_desc": "原始双端测序数据（R2）", "count": 572, "study": "HRA000071", "project_name": "Chinese Glioma Genome Altas (CGGA) - WES dataset", "tumor_subtype": "Malignant Glioma"}]
class300019	class3_data_tool_recommend	single_tool	无监督聚类分析	T020	rnaseq_unsupervised_cluster	HRA000073	Chinese Glioma Genome Altas (CGGA) - RNA-seq dataset (325)	Malignant Glioma	完成无监督聚类分析需要的数据和工具分别是什么？	完成无监督聚类分析需要数据：基因表达矩阵/表格数据；推荐工具 rnaseq_unsupervised_cluster。图谱中项目 Chinese Glioma Genome Altas (CGGA) - RNA-seq dataset (325) 的 HRA000073（癌种：Malignant Glioma）存在这些数据，共 3 个匹配文件（文件引用已脱敏）。	["TABULAR_BIO_DATA"]	[]	["可视化与报告", "无监督聚类分析"]	["bulk_RNA"]		[{"semantic_format": "TABULAR_BIO_DATA", "data_desc": "基因表达矩阵/表格数据", "count": 3, "study": "HRA000073", "project_name": "Chinese Glioma Genome Altas (CGGA) - RNA-seq dataset (325)", "tumor_subtype": "Malignant Glioma"}]
class300020	class3_data_tool_recommend	single_tool	生存分析	T021	survival_analysis	HRA000071	Chinese Glioma Genome Altas (CGGA) - WES dataset	Malignant Glioma	我想完成生存分析，需要什么数据、应该用什么工具？	完成生存分析需要数据：临床表型数据、体细胞突变 MAF 数据；推荐工具 survival_analysis。图谱中项目 Chinese Glioma Genome Altas (CGGA) - WES dataset 的 HRA000071（癌种：Malignant Glioma）存在这些数据，共 2 个匹配文件（文件引用已脱敏）。	["CLINICAL_DATA_EXCEL", "MUTATION_ANNOTATION_FORMAT_MAF"]	[]	["生存分析"]	["Clinical", "WES"]		[{"semantic_format": "CLINICAL_DATA_EXCEL", "data_desc": "临床表型数据", "count": 1, "study": "HRA000071", "project_name": "Chinese Glioma Genome Altas (CGGA) - WES dataset", "tumor_subtype": "Malignant Glioma"}, {"semantic_format": "MUTATION_ANNOTATION_FORMAT_MAF", "data_desc": "体细胞突变 MAF 数据", "count": 1, "study": "HRA000071", "project_name": "Chinese Glioma Genome Altas (CGGA) - WES dataset", "tumor_subtype": "Malignant Glioma"}]
class300021	class3_data_tool_recommend	single_tool	生存分析	T022	tmb_survival_analysis	HRA000071	Chinese Glioma Genome Altas (CGGA) - WES dataset	Malignant Glioma	要完成生存分析，需要准备哪些数据、推荐哪个工具？	完成生存分析需要数据：临床表型数据、体细胞突变 MAF 数据；推荐工具 tmb_survival_analysis。图谱中项目 Chinese Glioma Genome Altas (CGGA) - WES dataset 的 HRA000071（癌种：Malignant Glioma）存在这些数据，共 2 个匹配文件（文件引用已脱敏）。	["CLINICAL_DATA_EXCEL", "MUTATION_ANNOTATION_FORMAT_MAF"]	[]	["生存分析", "突变景观与可视化"]	["Clinical", "WES"]		[{"semantic_format": "CLINICAL_DATA_EXCEL", "data_desc": "临床表型数据", "count": 1, "study": "HRA000071", "project_name": "Chinese Glioma Genome Altas (CGGA) - WES dataset", "tumor_subtype": "Malignant Glioma"}, {"semantic_format": "MUTATION_ANNOTATION_FORMAT_MAF", "data_desc": "体细胞突变 MAF 数据", "count": 1, "study": "HRA000071", "project_name": "Chinese Glioma Genome Altas (CGGA) - WES dataset", "tumor_subtype": "Malignant Glioma"}]
class300022	class3_data_tool_recommend	single_tool	突变景观与可视化	T023	wes_somatic_maf_landscape	HRA000071	Chinese Glioma Genome Altas (CGGA) - WES dataset	Malignant Glioma	项目Chinese Glioma Genome Altas (CGGA) - WES dataset中要做突变景观与可视化，需要哪些数据、用什么工具？	完成突变景观与可视化需要数据：体细胞突变 MAF 数据；推荐工具 wes_somatic_maf_landscape。图谱中项目 Chinese Glioma Genome Altas (CGGA) - WES dataset 的 HRA000071（癌种：Malignant Glioma）存在这些数据，共 1 个匹配文件（文件引用已脱敏）。	["MUTATION_ANNOTATION_FORMAT_MAF"]	[]	["突变景观与可视化"]	["WES"]		[{"semantic_format": "MUTATION_ANNOTATION_FORMAT_MAF", "data_desc": "体细胞突变 MAF 数据", "count": 1, "study": "HRA000071", "project_name": "Chinese Glioma Genome Altas (CGGA) - WES dataset", "tumor_subtype": "Malignant Glioma"}]
class300023	class3_data_tool_recommend	single_tool	共表达网络分析	T024	wgcna	HRA000071	Chinese Glioma Genome Altas (CGGA) - WES dataset	Malignant Glioma	目标是共表达网络分析，应该选择什么数据和什么工具？	完成共表达网络分析需要数据：临床表型数据、基因表达矩阵/表格数据；推荐工具 wgcna。图谱中项目 Chinese Glioma Genome Altas (CGGA) - WES dataset 的 HRA000071（癌种：Malignant Glioma）存在这些数据，共 2 个匹配文件（文件引用已脱敏）。	["CLINICAL_DATA_EXCEL", "TABULAR_BIO_DATA"]	[]	["共表达网络分析"]	["Clinical", "bulk_RNA"]		[{"semantic_format": "CLINICAL_DATA_EXCEL", "data_desc": "临床表型数据", "count": 1, "study": "HRA000071", "project_name": "Chinese Glioma Genome Altas (CGGA) - WES dataset", "tumor_subtype": "Malignant Glioma"}, {"semantic_format": "SOMATIC_CNV_TSV", "data_desc": "体细胞拷贝数变异数据", "count": 1, "study": "HRA000071", "project_name": "Chinese Glioma Genome Altas (CGGA) - WES dataset", "tumor_subtype": "Malignant Glioma"}]
class300024	class3_data_tool_recommend	single_tool	细胞通讯分析	T026	breast_cellchat	HRA000087	Single-cell RNA analysis reveals an epithelial-immune dual feature of tumor cells in nasopharyngeal carcinoma	Nasopharynx Carcinoma	完成细胞通讯分析需要的数据和工具分别是什么？	完成细胞通讯分析需要数据：单细胞分析对象（RDS）数据；推荐工具 breast_cellchat（另需公共参考资源：参考基因组 FASTA）。图谱中项目 Single-cell RNA analysis reveals an epithelial-immune dual feature of tumor cells in nasopharyngeal carcinoma 的 HRA000087（癌种：Nasopharynx Carcinoma）存在这些数据，共 2 个匹配文件（文件引用已脱敏）。	["SCRNA_OBJECT_RDS"]	["REFERENCE_GENOME_FASTA"]	["细胞通讯分析"]	["bulk_RNA", "sc-RNA"]		[{"semantic_format": "BIO_DATA_CONTAINER_OBJECT", "data_desc": "单细胞/复杂分析对象数据", "count": 2, "study": "HRA000087", "project_name": "Single-cell RNA analysis reveals an epithelial-immune dual feature of tumor cells in nasopharyngeal carcinoma", "tumor_subtype": "Nasopharynx Carcinoma"}]
class300025	class3_data_tool_recommend	single_tool	差异表达分析	T027	celltype_case_control_de	HRA000087	Single-cell RNA analysis reveals an epithelial-immune dual feature of tumor cells in nasopharyngeal carcinoma	Nasopharynx Carcinoma	我想完成差异表达分析，需要什么数据、应该用什么工具？	完成差异表达分析需要数据：单细胞分析对象（RDS）数据、基因表达矩阵/表格数据；推荐工具 celltype_case_control_de（另需公共参考资源：参考基因组 FASTA）。图谱中项目 Single-cell RNA analysis reveals an epithelial-immune dual feature of tumor cells in nasopharyngeal carcinoma 的 HRA000087（癌种：Nasopharynx Carcinoma）存在这些数据，共 11 个匹配文件（文件引用已脱敏）。	["SCRNA_OBJECT_RDS", "TABULAR_BIO_DATA"]	["REFERENCE_GENOME_FASTA"]	["差异表达分析"]	["bulk_RNA", "sc-RNA"]		[{"semantic_format": "BIO_DATA_CONTAINER_OBJECT", "data_desc": "单细胞/复杂分析对象数据", "count": 2, "study": "HRA000087", "project_name": "Single-cell RNA analysis reveals an epithelial-immune dual feature of tumor cells in nasopharyngeal carcinoma", "tumor_subtype": "Nasopharynx Carcinoma"}, {"semantic_format": "TABULAR_BIO_DATA", "data_desc": "基因表达矩阵/表格数据", "count": 9, "study": "HRA000087", "project_name": "Single-cell RNA analysis reveals an epithelial-immune dual feature of tumor cells in nasopharyngeal carcinoma", "tumor_subtype": "Nasopharynx Carcinoma"}]
class300026	class3_data_tool_recommend	single_tool	拷贝数变异分析	T028	cnvkit_cnv_clinical	HRA000021	Whole Genome Sequencing  in Esophageal Squamous Cell Carcinoma	Esophageal Squamous Cell Carcinoma	要完成拷贝数变异分析，需要准备哪些数据、推荐哪个工具？	完成拷贝数变异分析需要数据：基因组比对 BAM 数据；推荐工具 cnvkit_cnv_clinical。图谱中项目 Whole Genome Sequencing  in Esophageal Squamous Cell Carcinoma 的 HRA000021（癌种：Esophageal Squamous Cell Carcinoma）存在这些数据，共 1016 个匹配文件（文件引用已脱敏）。	["DNA_GENOMIC_ALIGNMENT_BAM"]	[]	["可视化与报告", "拷贝数变异分析"]	["Clinical", "WES", "WGS"]		[{"semantic_format": "DNA_ALIGNMENT_BQSR_BAM", "data_desc": "碱基质量校正后的比对 BAM 数据", "count": 1016, "study": "HRA000021", "project_name": "Whole Genome Sequencing  in Esophageal Squamous Cell Carcinoma", "tumor_subtype": "Esophageal Squamous Cell Carcinoma"}]
class300027	class3_data_tool_recommend	single_tool	生存分析	T029	cox_model	HRA000071	Chinese Glioma Genome Altas (CGGA) - WES dataset	Malignant Glioma	项目Chinese Glioma Genome Altas (CGGA) - WES dataset中要做生存分析，需要哪些数据、用什么工具？	完成生存分析需要数据：临床表型数据、样本元数据、基因表达矩阵/表格数据；推荐工具 cox_model。图谱中项目 Chinese Glioma Genome Altas (CGGA) - WES dataset 的 HRA000071（癌种：Malignant Glioma）存在这些数据，共 3 个匹配文件（文件引用已脱敏）。	["CLINICAL_DATA_EXCEL", "METADATA_SAMPLE_INFO", "TABULAR_BIO_DATA"]	[]	["生存分析"]	["Clinical", "bulk_RNA"]		[{"semantic_format": "CLINICAL_DATA_EXCEL", "data_desc": "临床表型数据", "count": 1, "study": "HRA000071", "project_name": "Chinese Glioma Genome Altas (CGGA) - WES dataset", "tumor_subtype": "Malignant Glioma"}, {"semantic_format": "METADATA_SAMPLE_INFO", "data_desc": "样本元数据", "count": 1, "study": "HRA000071", "project_name": "Chinese Glioma Genome Altas (CGGA) - WES dataset", "tumor_subtype": "Malignant Glioma"}, {"semantic_format": "SOMATIC_CNV_TSV", "data_desc": "体细胞拷贝数变异数据", "count": 1, "study": "HRA000071", "project_name": "Chinese Glioma Genome Altas (CGGA) - WES dataset", "tumor_subtype": "Malignant Glioma"}]
class300028	class3_data_tool_recommend	single_tool	单细胞下游分析	T030	dataset_downstream	HRA000087	Single-cell RNA analysis reveals an epithelial-immune dual feature of tumor cells in nasopharyngeal carcinoma	Nasopharynx Carcinoma	目标是单细胞下游分析，应该选择什么数据和什么工具？	完成单细胞下游分析需要数据：单细胞分析对象（RDS）数据、基因表达矩阵/表格数据；推荐工具 dataset_downstream（另需公共参考资源：参考基因组 FASTA）。图谱中项目 Single-cell RNA analysis reveals an epithelial-immune dual feature of tumor cells in nasopharyngeal carcinoma 的 HRA000087（癌种：Nasopharynx Carcinoma）存在这些数据，共 11 个匹配文件（文件引用已脱敏）。	["SCRNA_OBJECT_RDS", "TABULAR_BIO_DATA"]	["REFERENCE_GENOME_FASTA"]	["单细胞下游分析", "差异表达分析"]	["sc-RNA"]		[{"semantic_format": "BIO_DATA_CONTAINER_OBJECT", "data_desc": "单细胞/复杂分析对象数据", "count": 2, "study": "HRA000087", "project_name": "Single-cell RNA analysis reveals an epithelial-immune dual feature of tumor cells in nasopharyngeal carcinoma", "tumor_subtype": "Nasopharynx Carcinoma"}, {"semantic_format": "TABULAR_BIO_DATA", "data_desc": "基因表达矩阵/表格数据", "count": 9, "study": "HRA000087", "project_name": "Single-cell RNA analysis reveals an epithelial-immune dual feature of tumor cells in nasopharyngeal carcinoma", "tumor_subtype": "Nasopharynx Carcinoma"}]
class300029	class3_data_tool_recommend	single_tool	单细胞下游分析	T031	dataset_matrix_annotation	HRA000087	Single-cell RNA analysis reveals an epithelial-immune dual feature of tumor cells in nasopharyngeal carcinoma	Nasopharynx Carcinoma	完成单细胞下游分析需要的数据和工具分别是什么？	完成单细胞下游分析需要数据：单细胞分析对象（RDS）数据、基因表达矩阵/表格数据；推荐工具 dataset_matrix_annotation（另需公共参考资源：参考基因组 FASTA）。图谱中项目 Single-cell RNA analysis reveals an epithelial-immune dual feature of tumor cells in nasopharyngeal carcinoma 的 HRA000087（癌种：Nasopharynx Carcinoma）存在这些数据，共 11 个匹配文件（文件引用已脱敏）。	["SCRNA_OBJECT_RDS", "TABULAR_BIO_DATA"]	["REFERENCE_GENOME_FASTA"]	["单细胞下游分析"]	["sc-RNA"]		[{"semantic_format": "BIO_DATA_CONTAINER_OBJECT", "data_desc": "单细胞/复杂分析对象数据", "count": 2, "study": "HRA000087", "project_name": "Single-cell RNA analysis reveals an epithelial-immune dual feature of tumor cells in nasopharyngeal carcinoma", "tumor_subtype": "Nasopharynx Carcinoma"}, {"semantic_format": "TABULAR_BIO_DATA", "data_desc": "基因表达矩阵/表格数据", "count": 9, "study": "HRA000087", "project_name": "Single-cell RNA analysis reveals an epithelial-immune dual feature of tumor cells in nasopharyngeal carcinoma", "tumor_subtype": "Nasopharynx Carcinoma"}]
class300030	class3_data_tool_recommend	single_tool	功能富集分析	T032	de_enrichment	HRA000071	Chinese Glioma Genome Altas (CGGA) - WES dataset	Malignant Glioma	我想完成功能富集分析，需要什么数据、应该用什么工具？	完成功能富集分析需要数据：临床表型数据、样本元数据、基因表达矩阵/表格数据；推荐工具 de_enrichment。图谱中项目 Chinese Glioma Genome Altas (CGGA) - WES dataset 的 HRA000071（癌种：Malignant Glioma）存在这些数据，共 3 个匹配文件（文件引用已脱敏）。	["CLINICAL_DATA_EXCEL", "METADATA_SAMPLE_INFO", "TABULAR_BIO_DATA"]	[]	["功能富集分析", "可视化与报告", "差异表达分析"]	["Clinical", "bulk_RNA"]		[{"semantic_format": "CLINICAL_DATA_EXCEL", "data_desc": "临床表型数据", "count": 1, "study": "HRA000071", "project_name": "Chinese Glioma Genome Altas (CGGA) - WES dataset", "tumor_subtype": "Malignant Glioma"}, {"semantic_format": "METADATA_SAMPLE_INFO", "data_desc": "样本元数据", "count": 1, "study": "HRA000071", "project_name": "Chinese Glioma Genome Altas (CGGA) - WES dataset", "tumor_subtype": "Malignant Glioma"}, {"semantic_format": "SOMATIC_CNV_TSV", "data_desc": "体细胞拷贝数变异数据", "count": 1, "study": "HRA000071", "project_name": "Chinese Glioma Genome Altas (CGGA) - WES dataset", "tumor_subtype": "Malignant Glioma"}]
class300031	class3_data_tool_recommend	single_tool	功能富集分析	T033	deg_enrichment	HRA000071	Chinese Glioma Genome Altas (CGGA) - WES dataset	Malignant Glioma	要完成功能富集分析，需要准备哪些数据、推荐哪个工具？	完成功能富集分析需要数据：临床表型数据、样本元数据、基因表达矩阵/表格数据；推荐工具 deg_enrichment。图谱中项目 Chinese Glioma Genome Altas (CGGA) - WES dataset 的 HRA000071（癌种：Malignant Glioma）存在这些数据，共 3 个匹配文件（文件引用已脱敏）。	["CLINICAL_DATA_EXCEL", "METADATA_SAMPLE_INFO", "TABULAR_BIO_DATA"]	[]	["功能富集分析", "差异表达分析"]	["Clinical", "bulk_RNA"]		[{"semantic_format": "CLINICAL_DATA_EXCEL", "data_desc": "临床表型数据", "count": 1, "study": "HRA000071", "project_name": "Chinese Glioma Genome Altas (CGGA) - WES dataset", "tumor_subtype": "Malignant Glioma"}, {"semantic_format": "METADATA_SAMPLE_INFO", "data_desc": "样本元数据", "count": 1, "study": "HRA000071", "project_name": "Chinese Glioma Genome Altas (CGGA) - WES dataset", "tumor_subtype": "Malignant Glioma"}, {"semantic_format": "SOMATIC_CNV_TSV", "data_desc": "体细胞拷贝数变异数据", "count": 1, "study": "HRA000071", "project_name": "Chinese Glioma Genome Altas (CGGA) - WES dataset", "tumor_subtype": "Malignant Glioma"}]
class300032	class3_data_tool_recommend	single_tool	差异表达分析	T034	deg_trend	HRA000071	Chinese Glioma Genome Altas (CGGA) - WES dataset	Malignant Glioma	项目Chinese Glioma Genome Altas (CGGA) - WES dataset中要做差异表达分析，需要哪些数据、用什么工具？	完成差异表达分析需要数据：临床表型数据、样本元数据、基因表达矩阵/表格数据；推荐工具 deg_trend。图谱中项目 Chinese Glioma Genome Altas (CGGA) - WES dataset 的 HRA000071（癌种：Malignant Glioma）存在这些数据，共 3 个匹配文件（文件引用已脱敏）。	["CLINICAL_DATA_EXCEL", "METADATA_SAMPLE_INFO", "TABULAR_BIO_DATA"]	[]	["可视化与报告", "差异表达分析"]	["Clinical", "bulk_RNA"]		[{"semantic_format": "CLINICAL_DATA_EXCEL", "data_desc": "临床表型数据", "count": 1, "study": "HRA000071", "project_name": "Chinese Glioma Genome Altas (CGGA) - WES dataset", "tumor_subtype": "Malignant Glioma"}, {"semantic_format": "METADATA_SAMPLE_INFO", "data_desc": "样本元数据", "count": 1, "study": "HRA000071", "project_name": "Chinese Glioma Genome Altas (CGGA) - WES dataset", "tumor_subtype": "Malignant Glioma"}, {"semantic_format": "SOMATIC_CNV_TSV", "data_desc": "体细胞拷贝数变异数据", "count": 1, "study": "HRA000071", "project_name": "Chinese Glioma Genome Altas (CGGA) - WES dataset", "tumor_subtype": "Malignant Glioma"}]
class300033	class3_data_tool_recommend	single_tool	可视化与报告	T035	gene_boxplot	HRA000071	Chinese Glioma Genome Altas (CGGA) - WES dataset	Malignant Glioma	目标是可视化与报告，应该选择什么数据和什么工具？	完成可视化与报告需要数据：临床表型数据、样本元数据、基因表达矩阵/表格数据；推荐工具 gene_boxplot。图谱中项目 Chinese Glioma Genome Altas (CGGA) - WES dataset 的 HRA000071（癌种：Malignant Glioma）存在这些数据，共 3 个匹配文件（文件引用已脱敏）。	["CLINICAL_DATA_EXCEL", "METADATA_SAMPLE_INFO", "TABULAR_BIO_DATA"]	[]	["可视化与报告"]	["Clinical", "bulk_RNA"]		[{"semantic_format": "CLINICAL_DATA_EXCEL", "data_desc": "临床表型数据", "count": 1, "study": "HRA000071", "project_name": "Chinese Glioma Genome Altas (CGGA) - WES dataset", "tumor_subtype": "Malignant Glioma"}, {"semantic_format": "METADATA_SAMPLE_INFO", "data_desc": "样本元数据", "count": 1, "study": "HRA000071", "project_name": "Chinese Glioma Genome Altas (CGGA) - WES dataset", "tumor_subtype": "Malignant Glioma"}, {"semantic_format": "SOMATIC_CNV_TSV", "data_desc": "体细胞拷贝数变异数据", "count": 1, "study": "HRA000071", "project_name": "Chinese Glioma Genome Altas (CGGA) - WES dataset", "tumor_subtype": "Malignant Glioma"}]
class300034	class3_data_tool_recommend	single_tool	功能富集分析	T036	gsea_pathway_enrichment	HRA000071	Chinese Glioma Genome Altas (CGGA) - WES dataset	Malignant Glioma	完成功能富集分析需要的数据和工具分别是什么？	完成功能富集分析需要数据：基因表达矩阵/表格数据；推荐工具 gsea_pathway_enrichment。图谱中项目 Chinese Glioma Genome Altas (CGGA) - WES dataset 的 HRA000071（癌种：Malignant Glioma）存在这些数据，共 1 个匹配文件（文件引用已脱敏）。	["TABULAR_BIO_DATA"]	[]	["功能富集分析"]	["Clinical", "bulk_RNA"]		[{"semantic_format": "SOMATIC_CNV_TSV", "data_desc": "体细胞拷贝数变异数据", "count": 1, "study": "HRA000071", "project_name": "Chinese Glioma Genome Altas (CGGA) - WES dataset", "tumor_subtype": "Malignant Glioma"}]
class300035	class3_data_tool_recommend	single_tool	细胞通讯分析	T038	immunotherapy_cellchat	HRA000087	Single-cell RNA analysis reveals an epithelial-immune dual feature of tumor cells in nasopharyngeal carcinoma	Nasopharynx Carcinoma	我想完成细胞通讯分析，需要什么数据、应该用什么工具？	完成细胞通讯分析需要数据：单细胞分析对象（RDS）数据；推荐工具 immunotherapy_cellchat（另需公共参考资源：参考基因组 FASTA）。图谱中项目 Single-cell RNA analysis reveals an epithelial-immune dual feature of tumor cells in nasopharyngeal carcinoma 的 HRA000087（癌种：Nasopharynx Carcinoma）存在这些数据，共 2 个匹配文件（文件引用已脱敏）。	["SCRNA_OBJECT_RDS"]	["REFERENCE_GENOME_FASTA"]	["细胞通讯分析"]	["sc-RNA"]		[{"semantic_format": "BIO_DATA_CONTAINER_OBJECT", "data_desc": "单细胞/复杂分析对象数据", "count": 2, "study": "HRA000087", "project_name": "Single-cell RNA analysis reveals an epithelial-immune dual feature of tumor cells in nasopharyngeal carcinoma", "tumor_subtype": "Nasopharynx Carcinoma"}]
class300036	class3_data_tool_recommend	single_tool	单细胞下游分析	T039	ipf_trajectory_regulon	HRA000087	Single-cell RNA analysis reveals an epithelial-immune dual feature of tumor cells in nasopharyngeal carcinoma	Nasopharynx Carcinoma	要完成单细胞下游分析，需要准备哪些数据、推荐哪个工具？	完成单细胞下游分析需要数据：样本元数据、单细胞分析对象（RDS）数据；推荐工具 ipf_trajectory_regulon（另需公共参考资源：参考基因组 FASTA）。图谱中项目 Single-cell RNA analysis reveals an epithelial-immune dual feature of tumor cells in nasopharyngeal carcinoma 的 HRA000087（癌种：Nasopharynx Carcinoma）存在这些数据，共 3 个匹配文件（文件引用已脱敏）。	["METADATA_SAMPLE_INFO", "SCRNA_OBJECT_RDS"]	["REFERENCE_GENOME_FASTA"]	["单细胞下游分析", "轨迹推断"]	["bulk_RNA", "sc-RNA"]		[{"semantic_format": "METADATA_SAMPLE_INFO", "data_desc": "样本元数据", "count": 1, "study": "HRA000087", "project_name": "Single-cell RNA analysis reveals an epithelial-immune dual feature of tumor cells in nasopharyngeal carcinoma", "tumor_subtype": "Nasopharynx Carcinoma"}, {"semantic_format": "BIO_DATA_CONTAINER_OBJECT", "data_desc": "单细胞/复杂分析对象数据", "count": 2, "study": "HRA000087", "project_name": "Single-cell RNA analysis reveals an epithelial-immune dual feature of tumor cells in nasopharyngeal carcinoma", "tumor_subtype": "Nasopharynx Carcinoma"}]
class300037	class3_data_tool_recommend	single_tool	生存分析	T040	km_survival	HRA000071	Chinese Glioma Genome Altas (CGGA) - WES dataset	Malignant Glioma	项目Chinese Glioma Genome Altas (CGGA) - WES dataset中要做生存分析，需要哪些数据、用什么工具？	完成生存分析需要数据：临床表型数据、样本元数据、基因表达矩阵/表格数据；推荐工具 km_survival。图谱中项目 Chinese Glioma Genome Altas (CGGA) - WES dataset 的 HRA000071（癌种：Malignant Glioma）存在这些数据，共 3 个匹配文件（文件引用已脱敏）。	["CLINICAL_DATA_EXCEL", "METADATA_SAMPLE_INFO", "TABULAR_BIO_DATA"]	[]	["可视化与报告", "生存分析"]	["Clinical", "bulk_RNA"]		[{"semantic_format": "CLINICAL_DATA_EXCEL", "data_desc": "临床表型数据", "count": 1, "study": "HRA000071", "project_name": "Chinese Glioma Genome Altas (CGGA) - WES dataset", "tumor_subtype": "Malignant Glioma"}, {"semantic_format": "METADATA_SAMPLE_INFO", "data_desc": "样本元数据", "count": 1, "study": "HRA000071", "project_name": "Chinese Glioma Genome Altas (CGGA) - WES dataset", "tumor_subtype": "Malignant Glioma"}, {"semantic_format": "SOMATIC_CNV_TSV", "data_desc": "体细胞拷贝数变异数据", "count": 1, "study": "HRA000071", "project_name": "Chinese Glioma Genome Altas (CGGA) - WES dataset", "tumor_subtype": "Malignant Glioma"}]
class300038	class3_data_tool_recommend	single_tool	免疫浸润与微环境分析	T041	lung_tme_annotation_cnv	HRA000087	Single-cell RNA analysis reveals an epithelial-immune dual feature of tumor cells in nasopharyngeal carcinoma	Nasopharynx Carcinoma	目标是免疫浸润与微环境分析，应该选择什么数据和什么工具？	完成免疫浸润与微环境分析需要数据：单细胞分析对象（RDS）数据、基因表达矩阵/表格数据；推荐工具 lung_tme_annotation_cnv（另需公共参考资源：参考基因组 FASTA）。图谱中项目 Single-cell RNA analysis reveals an epithelial-immune dual feature of tumor cells in nasopharyngeal carcinoma 的 HRA000087（癌种：Nasopharynx Carcinoma）存在这些数据，共 11 个匹配文件（文件引用已脱敏）。	["SCRNA_OBJECT_RDS", "TABULAR_BIO_DATA"]	["REFERENCE_GENOME_FASTA"]	["免疫浸润与微环境分析", "单细胞下游分析", "拷贝数变异分析"]	["sc-RNA"]		[{"semantic_format": "BIO_DATA_CONTAINER_OBJECT", "data_desc": "单细胞/复杂分析对象数据", "count": 2, "study": "HRA000087", "project_name": "Single-cell RNA analysis reveals an epithelial-immune dual feature of tumor cells in nasopharyngeal carcinoma", "tumor_subtype": "Nasopharynx Carcinoma"}, {"semantic_format": "TABULAR_BIO_DATA", "data_desc": "基因表达矩阵/表格数据", "count": 9, "study": "HRA000087", "project_name": "Single-cell RNA analysis reveals an epithelial-immune dual feature of tumor cells in nasopharyngeal carcinoma", "tumor_subtype": "Nasopharynx Carcinoma"}]
class300039	class3_data_tool_recommend	single_tool	表达矩阵预处理与归一化	T042	preprocess_counts	HRA000073	Chinese Glioma Genome Altas (CGGA) - RNA-seq dataset (325)	Malignant Glioma	完成表达矩阵预处理与归一化需要的数据和工具分别是什么？	完成表达矩阵预处理与归一化需要数据：基因表达矩阵/表格数据；推荐工具 preprocess_counts。图谱中项目 Chinese Glioma Genome Altas (CGGA) - RNA-seq dataset (325) 的 HRA000073（癌种：Malignant Glioma）存在这些数据，共 3 个匹配文件（文件引用已脱敏）。	["TABULAR_BIO_DATA"]	[]	["表达矩阵预处理与归一化"]	["bulk_RNA"]		[{"semantic_format": "TABULAR_BIO_DATA", "data_desc": "基因表达矩阵/表格数据", "count": 3, "study": "HRA000073", "project_name": "Chinese Glioma Genome Altas (CGGA) - RNA-seq dataset (325)", "tumor_subtype": "Malignant Glioma"}]
class300040	class3_data_tool_recommend	single_tool	可变剪接分析	T043	rmats_alternative_splicing	HRA000073	Chinese Glioma Genome Altas (CGGA) - RNA-seq dataset (325)	Malignant Glioma	我想完成可变剪接分析，需要什么数据、应该用什么工具？	完成可变剪接分析需要数据：转录组比对 BAM 数据；推荐工具 rmats_alternative_splicing（另需公共参考资源：参考基因组 FASTA）。图谱中项目 Chinese Glioma Genome Altas (CGGA) - RNA-seq dataset (325) 的 HRA000073（癌种：Malignant Glioma）存在这些数据，共 325 个匹配文件（文件引用已脱敏）。	["RNA_TRANSCRIPTOME_ALIGNMENT_BAM"]	["REFERENCE_GENOME_FASTA"]	["可变剪接分析"]	["bulk_RNA"]		[{"semantic_format": "RNA_TRANSCRIPTOME_ALIGNMENT_BAM", "data_desc": "转录组比对 BAM 数据", "count": 325, "study": "HRA000073", "project_name": "Chinese Glioma Genome Altas (CGGA) - RNA-seq dataset (325)", "tumor_subtype": "Malignant Glioma"}]
class300041	class3_data_tool_recommend	single_tool	RNA序列比对	T044	rnaseq_singletask	HRA000073	Chinese Glioma Genome Altas (CGGA) - RNA-seq dataset (325)	Malignant Glioma	要完成RNA序列比对，需要准备哪些数据、推荐哪个工具？	完成RNA序列比对需要数据：原始双端测序数据（R1）、原始双端测序数据（R2）；推荐工具 rnaseq_singletask（另需公共参考资源：参考基因组 FASTA）。图谱中项目 Chinese Glioma Genome Altas (CGGA) - RNA-seq dataset (325) 的 HRA000073（癌种：Malignant Glioma）存在这些数据，共 650 个匹配文件（文件引用已脱敏）。	["RAW_PAIRED_END_R1_FASTQ", "RAW_PAIRED_END_R2_FASTQ"]	["REFERENCE_GENOME_FASTA"]	["RNA序列比对", "接头与低质量序列修剪", "测序质量评估", "表达定量"]	["bulk_RNA"]		[{"semantic_format": "RAW_PAIRED_END_R1_FASTQ", "data_desc": "原始双端测序数据（R1）", "count": 325, "study": "HRA000073", "project_name": "Chinese Glioma Genome Altas (CGGA) - RNA-seq dataset (325)", "tumor_subtype": "Malignant Glioma"}, {"semantic_format": "RAW_PAIRED_END_R2_FASTQ", "data_desc": "原始双端测序数据（R2）", "count": 325, "study": "HRA000073", "project_name": "Chinese Glioma Genome Altas (CGGA) - RNA-seq dataset (325)", "tumor_subtype": "Malignant Glioma"}]
class300042	class3_data_tool_recommend	single_tool	细胞通讯分析	T045	scrna_cell_communication	HRA000087	Single-cell RNA analysis reveals an epithelial-immune dual feature of tumor cells in nasopharyngeal carcinoma	Nasopharynx Carcinoma	项目Single-cell RNA analysis reveals an epithelial-immune dual feature of tumor cells in nasopharyngeal carcinoma中要做细胞通讯分析，需要哪些数据、用什么工具？	完成细胞通讯分析需要数据：样本元数据、单细胞分析对象（RDS）数据、基因表达矩阵/表格数据；推荐工具 scrna_cell_communication。图谱中项目 Single-cell RNA analysis reveals an epithelial-immune dual feature of tumor cells in nasopharyngeal carcinoma 的 HRA000087（癌种：Nasopharynx Carcinoma）存在这些数据，共 12 个匹配文件（文件引用已脱敏）。	["METADATA_SAMPLE_INFO", "SCRNA_OBJECT_RDS", "TABULAR_BIO_DATA"]	[]	["细胞通讯分析"]	["bulk_RNA", "sc-RNA"]		[{"semantic_format": "METADATA_SAMPLE_INFO", "data_desc": "样本元数据", "count": 1, "study": "HRA000087", "project_name": "Single-cell RNA analysis reveals an epithelial-immune dual feature of tumor cells in nasopharyngeal carcinoma", "tumor_subtype": "Nasopharynx Carcinoma"}, {"semantic_format": "BIO_DATA_CONTAINER_OBJECT", "data_desc": "单细胞/复杂分析对象数据", "count": 2, "study": "HRA000087", "project_name": "Single-cell RNA analysis reveals an epithelial-immune dual feature of tumor cells in nasopharyngeal carcinoma", "tumor_subtype": "Nasopharynx Carcinoma"}, {"semantic_format": "TABULAR_BIO_DATA", "data_desc": "基因表达矩阵/表格数据", "count": 9, "study": "HRA000087", "project_name": "Single-cell RNA analysis reveals an epithelial-immune dual feature of tumor cells in nasopharyngeal carcinoma", "tumor_subtype": "Nasopharynx Carcinoma"}]
class300043	class3_data_tool_recommend	single_tool	可视化与报告	T046	stage_heatmap	HRA000071	Chinese Glioma Genome Altas (CGGA) - WES dataset	Malignant Glioma	目标是可视化与报告，应该选择什么数据和什么工具？	完成可视化与报告需要数据：临床表型数据、样本元数据、基因表达矩阵/表格数据；推荐工具 stage_heatmap。图谱中项目 Chinese Glioma Genome Altas (CGGA) - WES dataset 的 HRA000071（癌种：Malignant Glioma）存在这些数据，共 3 个匹配文件（文件引用已脱敏）。	["CLINICAL_DATA_EXCEL", "METADATA_SAMPLE_INFO", "TABULAR_BIO_DATA"]	[]	["可视化与报告"]	["Clinical", "bulk_RNA"]		[{"semantic_format": "CLINICAL_DATA_EXCEL", "data_desc": "临床表型数据", "count": 1, "study": "HRA000071", "project_name": "Chinese Glioma Genome Altas (CGGA) - WES dataset", "tumor_subtype": "Malignant Glioma"}, {"semantic_format": "METADATA_SAMPLE_INFO", "data_desc": "样本元数据", "count": 1, "study": "HRA000071", "project_name": "Chinese Glioma Genome Altas (CGGA) - WES dataset", "tumor_subtype": "Malignant Glioma"}, {"semantic_format": "SOMATIC_CNV_TSV", "data_desc": "体细胞拷贝数变异数据", "count": 1, "study": "HRA000071", "project_name": "Chinese Glioma Genome Altas (CGGA) - WES dataset", "tumor_subtype": "Malignant Glioma"}]
class300044	class3_data_tool_recommend	single_tool	差异表达分析	T047	tcell_intervention	HRA000087	Single-cell RNA analysis reveals an epithelial-immune dual feature of tumor cells in nasopharyngeal carcinoma	Nasopharynx Carcinoma	完成差异表达分析需要的数据和工具分别是什么？	完成差异表达分析需要数据：样本元数据、单细胞分析对象（RDS）数据、基因表达矩阵/表格数据；推荐工具 tcell_intervention（另需公共参考资源：参考基因组 FASTA）。图谱中项目 Single-cell RNA analysis reveals an epithelial-immune dual feature of tumor cells in nasopharyngeal carcinoma 的 HRA000087（癌种：Nasopharynx Carcinoma）存在这些数据，共 12 个匹配文件（文件引用已脱敏）。	["METADATA_SAMPLE_INFO", "SCRNA_OBJECT_RDS", "TABULAR_BIO_DATA"]	["REFERENCE_GENOME_FASTA"]	["差异表达分析"]	["bulk_RNA", "sc-RNA"]		[{"semantic_format": "METADATA_SAMPLE_INFO", "data_desc": "样本元数据", "count": 1, "study": "HRA000087", "project_name": "Single-cell RNA analysis reveals an epithelial-immune dual feature of tumor cells in nasopharyngeal carcinoma", "tumor_subtype": "Nasopharynx Carcinoma"}, {"semantic_format": "BIO_DATA_CONTAINER_OBJECT", "data_desc": "单细胞/复杂分析对象数据", "count": 2, "study": "HRA000087", "project_name": "Single-cell RNA analysis reveals an epithelial-immune dual feature of tumor cells in nasopharyngeal carcinoma", "tumor_subtype": "Nasopharynx Carcinoma"}, {"semantic_format": "TABULAR_BIO_DATA", "data_desc": "基因表达矩阵/表格数据", "count": 9, "study": "HRA000087", "project_name": "Single-cell RNA analysis reveals an epithelial-immune dual feature of tumor cells in nasopharyngeal carcinoma", "tumor_subtype": "Nasopharynx Carcinoma"}]
class300045	class3_data_tool_recommend	single_tool	可视化与报告	T048	umap	HRA000071	Chinese Glioma Genome Altas (CGGA) - WES dataset	Malignant Glioma	我想完成可视化与报告，需要什么数据、应该用什么工具？	完成可视化与报告需要数据：临床表型数据、样本元数据、基因表达矩阵/表格数据；推荐工具 umap。图谱中项目 Chinese Glioma Genome Altas (CGGA) - WES dataset 的 HRA000071（癌种：Malignant Glioma）存在这些数据，共 3 个匹配文件（文件引用已脱敏）。	["CLINICAL_DATA_EXCEL", "METADATA_SAMPLE_INFO", "TABULAR_BIO_DATA"]	[]	["可视化与报告"]	["Clinical", "bulk_RNA"]		[{"semantic_format": "CLINICAL_DATA_EXCEL", "data_desc": "临床表型数据", "count": 1, "study": "HRA000071", "project_name": "Chinese Glioma Genome Altas (CGGA) - WES dataset", "tumor_subtype": "Malignant Glioma"}, {"semantic_format": "METADATA_SAMPLE_INFO", "data_desc": "样本元数据", "count": 1, "study": "HRA000071", "project_name": "Chinese Glioma Genome Altas (CGGA) - WES dataset", "tumor_subtype": "Malignant Glioma"}, {"semantic_format": "SOMATIC_CNV_TSV", "data_desc": "体细胞拷贝数变异数据", "count": 1, "study": "HRA000071", "project_name": "Chinese Glioma Genome Altas (CGGA) - WES dataset", "tumor_subtype": "Malignant Glioma"}]
class300046	class3_data_tool_recommend	single_tool	DNA序列比对	T049	wes_somatic_pair	HRA000001	CAS Precision Medicine Initiative, capital Initiative	Natural	要完成DNA序列比对，需要准备哪些数据、推荐哪个工具？	完成DNA序列比对需要数据：变异 VCF 数据、原始双端测序数据（R1）、原始双端测序数据（R2）；推荐工具 wes_somatic_pair（另需公共参考资源：参考基因组 FASTA、目标区间列表）。图谱中项目 CAS Precision Medicine Initiative, capital Initiative 的 HRA000001（癌种：Natural）存在这些数据，共 1118 个匹配文件（文件引用已脱敏）。	["DNA_VARIANT_VCF_GENERAL", "RAW_PAIRED_END_R1_FASTQ", "RAW_PAIRED_END_R2_FASTQ"]	["REFERENCE_GENOME_FASTA", "TARGET_INTERVAL_LIST"]	["DNA序列比对", "体细胞变异检测", "变异注释", "变异质量校正", "可视化与报告", "测序质量评估"]	["WES", "WGS"]		[{"semantic_format": "DNA_VARIANT_VCF_GENERAL", "data_desc": "变异 VCF 数据", "count": 4, "study": "HRA000001", "project_name": "CAS Precision Medicine Initiative, capital Initiative", "tumor_subtype": "Natural"}, {"semantic_format": "RAW_PAIRED_END_R1_FASTQ", "data_desc": "原始双端测序数据（R1）", "count": 557, "study": "HRA000001", "project_name": "CAS Precision Medicine Initiative, capital Initiative", "tumor_subtype": "Natural"}, {"semantic_format": "RAW_PAIRED_END_R2_FASTQ", "data_desc": "原始双端测序数据（R2）", "count": 557, "study": "HRA000001", "project_name": "CAS Precision Medicine Initiative, capital Initiative", "tumor_subtype": "Natural"}]
class300047	class3_data_tool_recommend	single_tool	共表达网络分析	T050	wgcna_hub	HRA000071	Chinese Glioma Genome Altas (CGGA) - WES dataset	Malignant Glioma	项目Chinese Glioma Genome Altas (CGGA) - WES dataset中要做共表达网络分析，需要哪些数据、用什么工具？	完成共表达网络分析需要数据：临床表型数据、样本元数据、基因表达矩阵/表格数据；推荐工具 wgcna_hub。图谱中项目 Chinese Glioma Genome Altas (CGGA) - WES dataset 的 HRA000071（癌种：Malignant Glioma）存在这些数据，共 3 个匹配文件（文件引用已脱敏）。	["CLINICAL_DATA_EXCEL", "METADATA_SAMPLE_INFO", "TABULAR_BIO_DATA"]	[]	["共表达网络分析"]	["Clinical", "bulk_RNA"]		[{"semantic_format": "CLINICAL_DATA_EXCEL", "data_desc": "临床表型数据", "count": 1, "study": "HRA000071", "project_name": "Chinese Glioma Genome Altas (CGGA) - WES dataset", "tumor_subtype": "Malignant Glioma"}, {"semantic_format": "METADATA_SAMPLE_INFO", "data_desc": "样本元数据", "count": 1, "study": "HRA000071", "project_name": "Chinese Glioma Genome Altas (CGGA) - WES dataset", "tumor_subtype": "Malignant Glioma"}, {"semantic_format": "SOMATIC_CNV_TSV", "data_desc": "体细胞拷贝数变异数据", "count": 1, "study": "HRA000071", "project_name": "Chinese Glioma Genome Altas (CGGA) - WES dataset", "tumor_subtype": "Malignant Glioma"}]
class300048	class3_data_tool_recommend	single_tool	共表达网络分析	T051	wgcna_module_trait	HRA000071	Chinese Glioma Genome Altas (CGGA) - WES dataset	Malignant Glioma	目标是共表达网络分析，应该选择什么数据和什么工具？	完成共表达网络分析需要数据：临床表型数据、样本元数据、基因表达矩阵/表格数据；推荐工具 wgcna_module_trait。图谱中项目 Chinese Glioma Genome Altas (CGGA) - WES dataset 的 HRA000071（癌种：Malignant Glioma）存在这些数据，共 3 个匹配文件（文件引用已脱敏）。	["CLINICAL_DATA_EXCEL", "METADATA_SAMPLE_INFO", "TABULAR_BIO_DATA"]	[]	["共表达网络分析"]	["Clinical", "bulk_RNA"]		[{"semantic_format": "CLINICAL_DATA_EXCEL", "data_desc": "临床表型数据", "count": 1, "study": "HRA000071", "project_name": "Chinese Glioma Genome Altas (CGGA) - WES dataset", "tumor_subtype": "Malignant Glioma"}, {"semantic_format": "METADATA_SAMPLE_INFO", "data_desc": "样本元数据", "count": 1, "study": "HRA000071", "project_name": "Chinese Glioma Genome Altas (CGGA) - WES dataset", "tumor_subtype": "Malignant Glioma"}, {"semantic_format": "SOMATIC_CNV_TSV", "data_desc": "体细胞拷贝数变异数据", "count": 1, "study": "HRA000071", "project_name": "Chinese Glioma Genome Altas (CGGA) - WES dataset", "tumor_subtype": "Malignant Glioma"}]
class300049	class3_data_tool_recommend	single_tool	变异过滤与处理	T052	gatk_germline_cohort	HRA000873	Whole  exome sequencing  of patients with CRC from the Changkang project	Colorectal Cancer	完成变异过滤与处理需要的数据和工具分别是什么？	完成变异过滤与处理需要数据：临床表型数据、基因组比对 BAM 数据、VCF 索引数据、变异 VCF 数据、样本元数据；推荐工具 gatk_germline_cohort（另需公共参考资源：参考基因组 FASTA、目标区间列表）。图谱中项目 Whole  exome sequencing  of patients with CRC from the Changkang project 的 HRA000873（癌种：Colorectal Cancer）存在这些数据，共 8122 个匹配文件（文件引用已脱敏）。	["CLINICAL_DATA_EXCEL", "DNA_GENOMIC_ALIGNMENT_BAM", "DNA_VARIANT_INDEX_TBI", "DNA_VARIANT_VCF_GENERAL", "METADATA_SAMPLE_INFO"]	["REFERENCE_GENOME_FASTA", "TARGET_INTERVAL_LIST"]	["变异过滤与处理", "胚系变异检测"]	["Clinical", "WES", "WGS"]		[{"semantic_format": "CLINICAL_DATA_EXCEL", "data_desc": "临床表型数据", "count": 1, "study": "HRA000873", "project_name": "Whole  exome sequencing  of patients with CRC from the Changkang project", "tumor_subtype": "Colorectal Cancer"}, {"semantic_format": "DNA_ALIGNMENT_BQSR_BAM", "data_desc": "碱基质量校正后的比对 BAM 数据", "count": 2030, "study": "HRA000873", "project_name": "Whole  exome sequencing  of patients with CRC from the Changkang project", "tumor_subtype": "Colorectal Cancer"}, {"semantic_format": "DNA_VARIANT_INDEX_TBI", "data_desc": "VCF 索引数据", "count": 3045, "study": "HRA000873", "project_name": "Whole  exome sequencing  of patients with CRC from the Changkang project", "tumor_subtype": "Colorectal Cancer"}, {"semantic_format": "DNA_VARIANT_VCF_GENERAL", "data_desc": "变异 VCF 数据", "count": 3045, "study": "HRA000873", "project_name": "Whole  exome sequencing  of patients with CRC from the Changkang project", "tumor_subtype": "Colorectal Cancer"}, {"semantic_format": "METADATA_SAMPLE_INFO", "data_desc": "样本元数据", "count": 1, "study": "HRA000873", "project_name": "Whole  exome sequencing  of patients with CRC from the Changkang project", "tumor_subtype": "Colorectal Cancer"}]
class300050	class3_data_tool_recommend	single_tool	结构变异检测	T053	manta_structural_variants	HRA000021	Whole Genome Sequencing  in Esophageal Squamous Cell Carcinoma	Esophageal Squamous Cell Carcinoma	我想完成结构变异检测，需要什么数据、应该用什么工具？	完成结构变异检测需要数据：基因组比对 BAM 数据；推荐工具 manta_structural_variants（另需公共参考资源：参考基因组 FASTA）。图谱中项目 Whole Genome Sequencing  in Esophageal Squamous Cell Carcinoma 的 HRA000021（癌种：Esophageal Squamous Cell Carcinoma）存在这些数据，共 1016 个匹配文件（文件引用已脱敏）。	["DNA_GENOMIC_ALIGNMENT_BAM"]	["REFERENCE_GENOME_FASTA"]	["结构变异检测"]	["WES", "WGS"]		[{"semantic_format": "DNA_ALIGNMENT_BQSR_BAM", "data_desc": "碱基质量校正后的比对 BAM 数据", "count": 1016, "study": "HRA000021", "project_name": "Whole Genome Sequencing  in Esophageal Squamous Cell Carcinoma", "tumor_subtype": "Esophageal Squamous Cell Carcinoma"}]
class300051	class3_data_tool_recommend	single_tool	基因融合检测	T054	star_fusion	HRA000021	Whole Genome Sequencing  in Esophageal Squamous Cell Carcinoma	Esophageal Squamous Cell Carcinoma	要完成基因融合检测，需要准备哪些数据、推荐哪个工具？	完成基因融合检测需要数据：样本元数据、原始双端测序数据（R1）、原始双端测序数据（R2）；推荐工具 star_fusion。图谱中项目 Whole Genome Sequencing  in Esophageal Squamous Cell Carcinoma 的 HRA000021（癌种：Esophageal Squamous Cell Carcinoma）存在这些数据，共 1631 个匹配文件（文件引用已脱敏）。	["METADATA_SAMPLE_INFO", "RAW_PAIRED_END_R1_FASTQ", "RAW_PAIRED_END_R2_FASTQ"]	[]	["基因融合检测"]	["Clinical", "bulk_RNA"]		[{"semantic_format": "METADATA_SAMPLE_INFO", "data_desc": "样本元数据", "count": 1, "study": "HRA000021", "project_name": "Whole Genome Sequencing  in Esophageal Squamous Cell Carcinoma", "tumor_subtype": "Esophageal Squamous Cell Carcinoma"}, {"semantic_format": "RAW_PAIRED_END_R1_FASTQ", "data_desc": "原始双端测序数据（R1）", "count": 815, "study": "HRA000021", "project_name": "Whole Genome Sequencing  in Esophageal Squamous Cell Carcinoma", "tumor_subtype": "Esophageal Squamous Cell Carcinoma"}, {"semantic_format": "RAW_PAIRED_END_R2_FASTQ", "data_desc": "原始双端测序数据（R2）", "count": 815, "study": "HRA000021", "project_name": "Whole Genome Sequencing  in Esophageal Squamous Cell Carcinoma", "tumor_subtype": "Esophageal Squamous Cell Carcinoma"}]
class300052	class3_data_tool_recommend	single_tool	肿瘤演化与克隆推断	T055	tumor_evolution_inference	HRA001272	Integrated genomic and transcriptomic profiling dissects spatiotemporal evolution of metastatic hepatocellular carcinoma	Hepatocellular carcinoma	项目Integrated genomic and transcriptomic profiling dissects spatiotemporal evolution of metastatic hepatocellular carcinoma中要做肿瘤演化与克隆推断，需要哪些数据、用什么工具？	完成肿瘤演化与克隆推断需要数据：基因组比对 BAM 数据、变异 VCF 数据、基因表达矩阵/表格数据；推荐工具 tumor_evolution_inference。图谱中项目 Integrated genomic and transcriptomic profiling dissects spatiotemporal evolution of metastatic hepatocellular carcinoma 的 HRA001272（癌种：Hepatocellular carcinoma）存在这些数据，共 3524 个匹配文件（文件引用已脱敏）。	["DNA_GENOMIC_ALIGNMENT_BAM", "DNA_VARIANT_VCF_GENERAL", "TABULAR_BIO_DATA"]	[]	["肿瘤演化与克隆推断"]	["WGS", "bulk_RNA", "sc-RNA"]		[{"semantic_format": "DNA_ALIGNMENT_BQSR_BAM", "data_desc": "碱基质量校正后的比对 BAM 数据", "count": 750, "study": "HRA001272", "project_name": "Integrated genomic and transcriptomic profiling dissects spatiotemporal evolution of metastatic hepatocellular carcinoma", "tumor_subtype": "Hepatocellular carcinoma"}, {"semantic_format": "RNA_TRANSCRIPTOME_ALIGNMENT_BAM", "data_desc": "转录组比对 BAM 数据", "count": 430, "study": "HRA001272", "project_name": "Integrated genomic and transcriptomic profiling dissects spatiotemporal evolution of metastatic hepatocellular carcinoma", "tumor_subtype": "Hepatocellular carcinoma"}, {"semantic_format": "DNA_VARIANT_VCF_GENERAL", "data_desc": "变异 VCF 数据", "count": 1909, "study": "HRA001272", "project_name": "Integrated genomic and transcriptomic profiling dissects spatiotemporal evolution of metastatic hepatocellular carcinoma", "tumor_subtype": "Hepatocellular carcinoma"}, {"semantic_format": "SOMATIC_CNV_TSV", "data_desc": "体细胞拷贝数变异数据", "count": 1, "study": "HRA001272", "project_name": "Integrated genomic and transcriptomic profiling dissects spatiotemporal evolution of metastatic hepatocellular carcinoma", "tumor_subtype": "Hepatocellular carcinoma"}, {"semantic_format": "TABULAR_BIO_DATA", "data_desc": "基因表达矩阵/表格数据", "count": 434, "study": "HRA001272", "project_name": "Integrated genomic and transcriptomic profiling dissects spatiotemporal evolution of metastatic hepatocellular carcinoma", "tumor_subtype": "Hepatocellular carcinoma"}]
class300053	class3_data_tool_recommend	single_tool	接头与低质量序列修剪	T001	fastp	HRA000122	Integrated Genomic Analyses Identify High-Risk Factors Associated with Poor Outcomes of T-ALL	Acute T cell leukemia	目标是接头与低质量序列修剪，应该选择什么数据和什么工具？	完成接头与低质量序列修剪需要数据：原始双端测序数据（R1）、原始双端测序数据（R2）；推荐工具 fastp。图谱中项目 Integrated Genomic Analyses Identify High-Risk Factors Associated with Poor Outcomes of T-ALL 的 HRA000122（癌种：Acute T cell leukemia）存在这些数据，共 696 个匹配文件（文件引用已脱敏）。	["RAW_PAIRED_END_R1_FASTQ", "RAW_PAIRED_END_R2_FASTQ"]	[]	["接头与低质量序列修剪", "测序质量评估"]	["WES"]		[{"semantic_format": "RAW_PAIRED_END_R1_FASTQ", "data_desc": "原始双端测序数据（R1）", "count": 348, "study": "HRA000122", "project_name": "Integrated Genomic Analyses Identify High-Risk Factors Associated with Poor Outcomes of T-ALL", "tumor_subtype": "Acute T cell leukemia"}, {"semantic_format": "RAW_PAIRED_END_R2_FASTQ", "data_desc": "原始双端测序数据（R2）", "count": 348, "study": "HRA000122", "project_name": "Integrated Genomic Analyses Identify High-Risk Factors Associated with Poor Outcomes of T-ALL", "tumor_subtype": "Acute T cell leukemia"}]
class300054	class3_data_tool_recommend	single_tool	测序质量评估	T002	fastqc	HRA000021	Whole Genome Sequencing  in Esophageal Squamous Cell Carcinoma	Esophageal Squamous Cell Carcinoma	完成测序质量评估需要的数据和工具分别是什么？	完成测序质量评估需要数据：原始单端测序数据；推荐工具 fastqc。图谱中项目 Whole Genome Sequencing  in Esophageal Squamous Cell Carcinoma 的 HRA000021（癌种：Esophageal Squamous Cell Carcinoma）存在这些数据，共 1630 个匹配文件（文件引用已脱敏）。	["RAW_SINGLE_END_FASTQ"]	[]	["可视化与报告", "测序质量评估"]	["WES", "WGS", "bulk_RNA", "sc-RNA"]		[{"semantic_format": "RAW_PAIRED_END_R1_FASTQ", "data_desc": "原始双端测序数据（R1）", "count": 815, "study": "HRA000021", "project_name": "Whole Genome Sequencing  in Esophageal Squamous Cell Carcinoma", "tumor_subtype": "Esophageal Squamous Cell Carcinoma"}, {"semantic_format": "RAW_PAIRED_END_R2_FASTQ", "data_desc": "原始双端测序数据（R2）", "count": 815, "study": "HRA000021", "project_name": "Whole Genome Sequencing  in Esophageal Squamous Cell Carcinoma", "tumor_subtype": "Esophageal Squamous Cell Carcinoma"}]
class300055	class3_data_tool_recommend	single_tool	单细胞比对与定量	T003	cellranger_workflow	HRA000074	Chinese Glioma Genome Altas (CGGA) - RNA-seq dataset (693)	High grade glioma	我想完成单细胞比对与定量，需要什么数据、应该用什么工具？	完成单细胞比对与定量需要数据：基因组比对 BAM 数据、原始单端测序数据；推荐工具 cellranger_workflow。图谱中项目 Chinese Glioma Genome Altas (CGGA) - RNA-seq dataset (693) 的 HRA000074（癌种：High grade glioma）存在这些数据，共 2079 个匹配文件（文件引用已脱敏）。	["DNA_GENOMIC_ALIGNMENT_BAM", "RAW_SINGLE_END_FASTQ"]	[]	["单细胞比对与定量", "可视化与报告", "测序质量评估"]	["bulk_RNA", "sc-RNA"]		[{"semantic_format": "RNA_TRANSCRIPTOME_ALIGNMENT_BAM", "data_desc": "转录组比对 BAM 数据", "count": 693, "study": "HRA000074", "project_name": "Chinese Glioma Genome Altas (CGGA) - RNA-seq dataset (693)", "tumor_subtype": "High grade glioma"}, {"semantic_format": "RAW_PAIRED_END_R1_FASTQ", "data_desc": "原始双端测序数据（R1）", "count": 693, "study": "HRA000074", "project_name": "Chinese Glioma Genome Altas (CGGA) - RNA-seq dataset (693)", "tumor_subtype": "High grade glioma"}, {"semantic_format": "RAW_PAIRED_END_R2_FASTQ", "data_desc": "原始双端测序数据（R2）", "count": 693, "study": "HRA000074", "project_name": "Chinese Glioma Genome Altas (CGGA) - RNA-seq dataset (693)", "tumor_subtype": "High grade glioma"}]
class300056	class3_data_tool_recommend	single_tool	接头与低质量序列修剪	T004	trim_galore	HRA000074	Chinese Glioma Genome Altas (CGGA) - RNA-seq dataset (693)	High grade glioma	要完成接头与低质量序列修剪，需要准备哪些数据、推荐哪个工具？	完成接头与低质量序列修剪需要数据：原始双端测序数据（R1）、原始双端测序数据（R2）；推荐工具 trim_galore。图谱中项目 Chinese Glioma Genome Altas (CGGA) - RNA-seq dataset (693) 的 HRA000074（癌种：High grade glioma）存在这些数据，共 1386 个匹配文件（文件引用已脱敏）。	["RAW_PAIRED_END_R1_FASTQ", "RAW_PAIRED_END_R2_FASTQ"]	[]	["接头与低质量序列修剪"]	["bulk_RNA"]		[{"semantic_format": "RAW_PAIRED_END_R1_FASTQ", "data_desc": "原始双端测序数据（R1）", "count": 693, "study": "HRA000074", "project_name": "Chinese Glioma Genome Altas (CGGA) - RNA-seq dataset (693)", "tumor_subtype": "High grade glioma"}, {"semantic_format": "RAW_PAIRED_END_R2_FASTQ", "data_desc": "原始双端测序数据（R2）", "count": 693, "study": "HRA000074", "project_name": "Chinese Glioma Genome Altas (CGGA) - RNA-seq dataset (693)", "tumor_subtype": "High grade glioma"}]
class300057	class3_data_tool_recommend	single_tool	RNA序列比对	T005	star	HRA000074	Chinese Glioma Genome Altas (CGGA) - RNA-seq dataset (693)	High grade glioma	项目Chinese Glioma Genome Altas (CGGA) - RNA-seq dataset (693)中要做RNA序列比对，需要哪些数据、用什么工具？	完成RNA序列比对需要数据：原始双端测序数据（R1）、原始双端测序数据（R2）；推荐工具 star（另需公共参考资源：参考基因组 FASTA）。图谱中项目 Chinese Glioma Genome Altas (CGGA) - RNA-seq dataset (693) 的 HRA000074（癌种：High grade glioma）存在这些数据，共 1386 个匹配文件（文件引用已脱敏）。	["RAW_PAIRED_END_R1_FASTQ", "RAW_PAIRED_END_R2_FASTQ"]	["REFERENCE_GENOME_FASTA"]	["RNA序列比对"]	["bulk_RNA"]		[{"semantic_format": "RAW_PAIRED_END_R1_FASTQ", "data_desc": "原始双端测序数据（R1）", "count": 693, "study": "HRA000074", "project_name": "Chinese Glioma Genome Altas (CGGA) - RNA-seq dataset (693)", "tumor_subtype": "High grade glioma"}, {"semantic_format": "RAW_PAIRED_END_R2_FASTQ", "data_desc": "原始双端测序数据（R2）", "count": 693, "study": "HRA000074", "project_name": "Chinese Glioma Genome Altas (CGGA) - RNA-seq dataset (693)", "tumor_subtype": "High grade glioma"}]
class300058	class3_data_tool_recommend	single_tool	DNA序列比对	T006	bwa	HRA000122	Integrated Genomic Analyses Identify High-Risk Factors Associated with Poor Outcomes of T-ALL	Acute T cell leukemia	目标是DNA序列比对，应该选择什么数据和什么工具？	完成DNA序列比对需要数据：原始双端测序数据（R1）、原始双端测序数据（R2）；推荐工具 bwa（另需公共参考资源：参考基因组 FASTA）。图谱中项目 Integrated Genomic Analyses Identify High-Risk Factors Associated with Poor Outcomes of T-ALL 的 HRA000122（癌种：Acute T cell leukemia）存在这些数据，共 696 个匹配文件（文件引用已脱敏）。	["RAW_PAIRED_END_R1_FASTQ", "RAW_PAIRED_END_R2_FASTQ"]	["REFERENCE_GENOME_FASTA"]	["DNA序列比对"]	["WES"]		[{"semantic_format": "RAW_PAIRED_END_R1_FASTQ", "data_desc": "原始双端测序数据（R1）", "count": 348, "study": "HRA000122", "project_name": "Integrated Genomic Analyses Identify High-Risk Factors Associated with Poor Outcomes of T-ALL", "tumor_subtype": "Acute T cell leukemia"}, {"semantic_format": "RAW_PAIRED_END_R2_FASTQ", "data_desc": "原始双端测序数据（R2）", "count": 348, "study": "HRA000122", "project_name": "Integrated Genomic Analyses Identify High-Risk Factors Associated with Poor Outcomes of T-ALL", "tumor_subtype": "Acute T cell leukemia"}]
class300059	class3_data_tool_recommend	single_tool	比对后处理与去重	T007	samtools	HRA000071	Chinese Glioma Genome Altas (CGGA) - WES dataset	Malignant Glioma	完成比对后处理与去重需要的数据和工具分别是什么？	完成比对后处理与去重需要数据：基因组比对 BAM 数据；推荐工具 samtools。图谱中项目 Chinese Glioma Genome Altas (CGGA) - WES dataset 的 HRA000071（癌种：Malignant Glioma）存在这些数据，共 572 个匹配文件（文件引用已脱敏）。	["DNA_GENOMIC_ALIGNMENT_BAM"]	[]	["比对后处理与去重"]	["WES", "WGS", "bulk_RNA"]		[{"semantic_format": "DNA_ALIGNMENT_BQSR_BAM", "data_desc": "碱基质量校正后的比对 BAM 数据", "count": 572, "study": "HRA000071", "project_name": "Chinese Glioma Genome Altas (CGGA) - WES dataset", "tumor_subtype": "Malignant Glioma"}]
class300060	class3_data_tool_recommend	single_tool	体细胞变异检测	T008	gatk	HRA000122	Integrated Genomic Analyses Identify High-Risk Factors Associated with Poor Outcomes of T-ALL	Acute T cell leukemia	我想完成体细胞变异检测，需要什么数据、应该用什么工具？	完成体细胞变异检测需要数据：基因组比对 BAM 数据；推荐工具 gatk（另需公共参考资源：参考基因组 FASTA、目标区间列表）。图谱中项目 Integrated Genomic Analyses Identify High-Risk Factors Associated with Poor Outcomes of T-ALL 的 HRA000122（癌种：Acute T cell leukemia）存在这些数据，共 124 个匹配文件（文件引用已脱敏）。	["DNA_GENOMIC_ALIGNMENT_BAM"]	["REFERENCE_GENOME_FASTA", "TARGET_INTERVAL_LIST"]	["体细胞变异检测", "变异质量校正"]	["WES"]		[{"semantic_format": "RNA_TRANSCRIPTOME_ALIGNMENT_BAM", "data_desc": "转录组比对 BAM 数据", "count": 124, "study": "HRA000122", "project_name": "Integrated Genomic Analyses Identify High-Risk Factors Associated with Poor Outcomes of T-ALL", "tumor_subtype": "Acute T cell leukemia"}]
class300061	class3_data_tool_recommend	single_tool	变异过滤与处理	T009	bcftools	HRA001272	Integrated genomic and transcriptomic profiling dissects spatiotemporal evolution of metastatic hepatocellular carcinoma	Hepatocellular carcinoma	要完成变异过滤与处理，需要准备哪些数据、推荐哪个工具？	完成变异过滤与处理需要数据：VCF 索引数据、变异 VCF 数据；推荐工具 bcftools（另需公共参考资源：参考基因组 FASTA）。图谱中项目 Integrated genomic and transcriptomic profiling dissects spatiotemporal evolution of metastatic hepatocellular carcinoma 的 HRA001272（癌种：Hepatocellular carcinoma）存在这些数据，共 2436 个匹配文件（文件引用已脱敏）。	["DNA_VARIANT_INDEX_TBI", "DNA_VARIANT_VCF_GENERAL"]	["REFERENCE_GENOME_FASTA"]	["变异过滤与处理", "可视化与报告"]	["WES"]		[{"semantic_format": "DNA_VARIANT_INDEX_TBI", "data_desc": "VCF 索引数据", "count": 527, "study": "HRA001272", "project_name": "Integrated genomic and transcriptomic profiling dissects spatiotemporal evolution of metastatic hepatocellular carcinoma", "tumor_subtype": "Hepatocellular carcinoma"}, {"semantic_format": "DNA_VARIANT_VCF_GENERAL", "data_desc": "变异 VCF 数据", "count": 1909, "study": "HRA001272", "project_name": "Integrated genomic and transcriptomic profiling dissects spatiotemporal evolution of metastatic hepatocellular carcinoma", "tumor_subtype": "Hepatocellular carcinoma"}]
class300062	class3_data_tool_recommend	single_tool	变异注释	T010	snpeff	HRA000071	Chinese Glioma Genome Altas (CGGA) - WES dataset	Malignant Glioma	项目Chinese Glioma Genome Altas (CGGA) - WES dataset中要做变异注释，需要哪些数据、用什么工具？	完成变异注释需要数据：变异 VCF 数据；推荐工具 snpeff（另需公共参考资源：参考基因组 FASTA）。图谱中项目 Chinese Glioma Genome Altas (CGGA) - WES dataset 的 HRA000071（癌种：Malignant Glioma）存在这些数据，共 858 个匹配文件（文件引用已脱敏）。	["DNA_VARIANT_VCF_GENERAL"]	["REFERENCE_GENOME_FASTA"]	["变异注释", "可视化与报告"]	["WES", "WGS"]		[{"semantic_format": "DNA_SOMATIC_SV_VCF", "data_desc": "体细胞结构变异 VCF 数据", "count": 286, "study": "HRA000071", "project_name": "Chinese Glioma Genome Altas (CGGA) - WES dataset", "tumor_subtype": "Malignant Glioma"}, {"semantic_format": "DNA_VARIANT_VCF_GENERAL", "data_desc": "变异 VCF 数据", "count": 572, "study": "HRA000071", "project_name": "Chinese Glioma Genome Altas (CGGA) - WES dataset", "tumor_subtype": "Malignant Glioma"}]
class300063	class3_data_tool_recommend	single_tool	表达定量	T011	rsem	HRA000074	Chinese Glioma Genome Altas (CGGA) - RNA-seq dataset (693)	High grade glioma	目标是表达定量，应该选择什么数据和什么工具？	完成表达定量需要数据：转录组比对 BAM 数据；推荐工具 rsem。图谱中项目 Chinese Glioma Genome Altas (CGGA) - RNA-seq dataset (693) 的 HRA000074（癌种：High grade glioma）存在这些数据，共 693 个匹配文件（文件引用已脱敏）。	["RNA_TRANSCRIPTOME_ALIGNMENT_BAM"]	[]	["表达定量"]	["bulk_RNA"]		[{"semantic_format": "RNA_TRANSCRIPTOME_ALIGNMENT_BAM", "data_desc": "转录组比对 BAM 数据", "count": 693, "study": "HRA000074", "project_name": "Chinese Glioma Genome Altas (CGGA) - RNA-seq dataset (693)", "tumor_subtype": "High grade glioma"}]
class300064	class3_data_tool_recommend	single_tool	表达定量	T012	featurecounts	HRA000074	Chinese Glioma Genome Altas (CGGA) - RNA-seq dataset (693)	High grade glioma	完成表达定量需要的数据和工具分别是什么？	完成表达定量需要数据：基因组比对 BAM 数据；推荐工具 featurecounts。图谱中项目 Chinese Glioma Genome Altas (CGGA) - RNA-seq dataset (693) 的 HRA000074（癌种：High grade glioma）存在这些数据，共 693 个匹配文件（文件引用已脱敏）。	["DNA_GENOMIC_ALIGNMENT_BAM"]	[]	["表达定量"]	["bulk_RNA"]		[{"semantic_format": "RNA_TRANSCRIPTOME_ALIGNMENT_BAM", "data_desc": "转录组比对 BAM 数据", "count": 693, "study": "HRA000074", "project_name": "Chinese Glioma Genome Altas (CGGA) - RNA-seq dataset (693)", "tumor_subtype": "High grade glioma"}]
class300065	class3_data_tool_recommend	single_tool	功能富集分析	T014	diff_expr_go	HRA000074	Chinese Glioma Genome Altas (CGGA) - RNA-seq dataset (693)	High grade glioma	我想完成功能富集分析，需要什么数据、应该用什么工具？	完成功能富集分析需要数据：基因表达矩阵/表格数据；推荐工具 diff_expr_go。图谱中项目 Chinese Glioma Genome Altas (CGGA) - RNA-seq dataset (693) 的 HRA000074（癌种：High grade glioma）存在这些数据，共 3 个匹配文件（文件引用已脱敏）。	["TABULAR_BIO_DATA"]	[]	["功能富集分析", "差异表达分析"]	["bulk_RNA"]		[{"semantic_format": "TABULAR_BIO_DATA", "data_desc": "基因表达矩阵/表格数据", "count": 3, "study": "HRA000074", "project_name": "Chinese Glioma Genome Altas (CGGA) - RNA-seq dataset (693)", "tumor_subtype": "High grade glioma"}]
class300066	class3_data_tool_recommend	single_tool	功能富集分析	T015	diff_expr_kegg	HRA000074	Chinese Glioma Genome Altas (CGGA) - RNA-seq dataset (693)	High grade glioma	要完成功能富集分析，需要准备哪些数据、推荐哪个工具？	完成功能富集分析需要数据：基因表达矩阵/表格数据；推荐工具 diff_expr_kegg。图谱中项目 Chinese Glioma Genome Altas (CGGA) - RNA-seq dataset (693) 的 HRA000074（癌种：High grade glioma）存在这些数据，共 3 个匹配文件（文件引用已脱敏）。	["TABULAR_BIO_DATA"]	[]	["功能富集分析", "差异表达分析"]	["bulk_RNA"]		[{"semantic_format": "TABULAR_BIO_DATA", "data_desc": "基因表达矩阵/表格数据", "count": 3, "study": "HRA000074", "project_name": "Chinese Glioma Genome Altas (CGGA) - RNA-seq dataset (693)", "tumor_subtype": "High grade glioma"}]
class300067	class3_data_tool_recommend	single_tool	突变景观与可视化	T016	driver_gene_gender_analysis	HRA000873	Whole  exome sequencing  of patients with CRC from the Changkang project	Colorectal Cancer	项目Whole  exome sequencing  of patients with CRC from the Changkang project中要做突变景观与可视化，需要哪些数据、用什么工具？	完成突变景观与可视化需要数据：临床表型数据、体细胞突变 MAF 数据；推荐工具 driver_gene_gender_analysis。图谱中项目 Whole  exome sequencing  of patients with CRC from the Changkang project 的 HRA000873（癌种：Colorectal Cancer）存在这些数据，共 1017 个匹配文件（文件引用已脱敏）。	["CLINICAL_DATA_EXCEL", "MUTATION_ANNOTATION_FORMAT_MAF"]	[]	["可视化与报告", "突变景观与可视化"]	["Clinical", "WES"]		[{"semantic_format": "CLINICAL_DATA_EXCEL", "data_desc": "临床表型数据", "count": 1, "study": "HRA000873", "project_name": "Whole  exome sequencing  of patients with CRC from the Changkang project", "tumor_subtype": "Colorectal Cancer"}, {"semantic_format": "MUTATION_ANNOTATION_FORMAT_MAF", "data_desc": "体细胞突变 MAF 数据", "count": 1016, "study": "HRA000873", "project_name": "Whole  exome sequencing  of patients with CRC from the Changkang project", "tumor_subtype": "Colorectal Cancer"}]
class300068	class3_data_tool_recommend	single_tool	生存分析	T017	her2_pfs_survival	HRA000073	Chinese Glioma Genome Altas (CGGA) - RNA-seq dataset (325)	Malignant Glioma	目标是生存分析，应该选择什么数据和什么工具？	完成生存分析需要数据：临床表型数据、基因表达矩阵/表格数据；推荐工具 her2_pfs_survival。图谱中项目 Chinese Glioma Genome Altas (CGGA) - RNA-seq dataset (325) 的 HRA000073（癌种：Malignant Glioma）存在这些数据，共 4 个匹配文件（文件引用已脱敏）。	["CLINICAL_DATA_EXCEL", "TABULAR_BIO_DATA"]	[]	["可视化与报告", "生存分析"]	["Clinical", "bulk_RNA"]		[{"semantic_format": "CLINICAL_DATA_EXCEL", "data_desc": "临床表型数据", "count": 1, "study": "HRA000073", "project_name": "Chinese Glioma Genome Altas (CGGA) - RNA-seq dataset (325)", "tumor_subtype": "Malignant Glioma"}, {"semantic_format": "TABULAR_BIO_DATA", "data_desc": "基因表达矩阵/表格数据", "count": 3, "study": "HRA000073", "project_name": "Chinese Glioma Genome Altas (CGGA) - RNA-seq dataset (325)", "tumor_subtype": "Malignant Glioma"}]
class300069	class3_data_tool_recommend	single_tool	免疫浸润与微环境分析	T018	immune_infiltration_iobr	HRA000073	Chinese Glioma Genome Altas (CGGA) - RNA-seq dataset (325)	Malignant Glioma	完成免疫浸润与微环境分析需要的数据和工具分别是什么？	完成免疫浸润与微环境分析需要数据：临床表型数据、基因表达矩阵/表格数据；推荐工具 immune_infiltration_iobr。图谱中项目 Chinese Glioma Genome Altas (CGGA) - RNA-seq dataset (325) 的 HRA000073（癌种：Malignant Glioma）存在这些数据，共 4 个匹配文件（文件引用已脱敏）。	["CLINICAL_DATA_EXCEL", "TABULAR_BIO_DATA"]	[]	["免疫浸润与微环境分析", "可视化与报告"]	["Clinical", "bulk_RNA"]		[{"semantic_format": "CLINICAL_DATA_EXCEL", "data_desc": "临床表型数据", "count": 1, "study": "HRA000073", "project_name": "Chinese Glioma Genome Altas (CGGA) - RNA-seq dataset (325)", "tumor_subtype": "Malignant Glioma"}, {"semantic_format": "TABULAR_BIO_DATA", "data_desc": "基因表达矩阵/表格数据", "count": 3, "study": "HRA000073", "project_name": "Chinese Glioma Genome Altas (CGGA) - RNA-seq dataset (325)", "tumor_subtype": "Malignant Glioma"}]
class300070	class3_data_tool_recommend	single_tool	序列格式转换	T019	paired_fastq_to_unmapped_bam	HRA000122	Integrated Genomic Analyses Identify High-Risk Factors Associated with Poor Outcomes of T-ALL	Acute T cell leukemia	我想完成序列格式转换，需要什么数据、应该用什么工具？	完成序列格式转换需要数据：基因组比对 BAM 数据、原始双端测序数据（R1）、原始双端测序数据（R2）；推荐工具 paired_fastq_to_unmapped_bam。图谱中项目 Integrated Genomic Analyses Identify High-Risk Factors Associated with Poor Outcomes of T-ALL 的 HRA000122（癌种：Acute T cell leukemia）存在这些数据，共 820 个匹配文件（文件引用已脱敏）。	["DNA_GENOMIC_ALIGNMENT_BAM", "RAW_PAIRED_END_R1_FASTQ", "RAW_PAIRED_END_R2_FASTQ"]	[]	["序列格式转换"]	["WES"]		[{"semantic_format": "RNA_TRANSCRIPTOME_ALIGNMENT_BAM", "data_desc": "转录组比对 BAM 数据", "count": 124, "study": "HRA000122", "project_name": "Integrated Genomic Analyses Identify High-Risk Factors Associated with Poor Outcomes of T-ALL", "tumor_subtype": "Acute T cell leukemia"}, {"semantic_format": "RAW_PAIRED_END_R1_FASTQ", "data_desc": "原始双端测序数据（R1）", "count": 348, "study": "HRA000122", "project_name": "Integrated Genomic Analyses Identify High-Risk Factors Associated with Poor Outcomes of T-ALL", "tumor_subtype": "Acute T cell leukemia"}, {"semantic_format": "RAW_PAIRED_END_R2_FASTQ", "data_desc": "原始双端测序数据（R2）", "count": 348, "study": "HRA000122", "project_name": "Integrated Genomic Analyses Identify High-Risk Factors Associated with Poor Outcomes of T-ALL", "tumor_subtype": "Acute T cell leukemia"}]
class300071	class3_data_tool_recommend	single_tool	无监督聚类分析	T020	rnaseq_unsupervised_cluster	HRA000074	Chinese Glioma Genome Altas (CGGA) - RNA-seq dataset (693)	High grade glioma	要完成无监督聚类分析，需要准备哪些数据、推荐哪个工具？	完成无监督聚类分析需要数据：基因表达矩阵/表格数据；推荐工具 rnaseq_unsupervised_cluster。图谱中项目 Chinese Glioma Genome Altas (CGGA) - RNA-seq dataset (693) 的 HRA000074（癌种：High grade glioma）存在这些数据，共 3 个匹配文件（文件引用已脱敏）。	["TABULAR_BIO_DATA"]	[]	["可视化与报告", "无监督聚类分析"]	["bulk_RNA"]		[{"semantic_format": "TABULAR_BIO_DATA", "data_desc": "基因表达矩阵/表格数据", "count": 3, "study": "HRA000074", "project_name": "Chinese Glioma Genome Altas (CGGA) - RNA-seq dataset (693)", "tumor_subtype": "High grade glioma"}]
class300072	class3_data_tool_recommend	single_tool	生存分析	T021	survival_analysis	HRA000873	Whole  exome sequencing  of patients with CRC from the Changkang project	Colorectal Cancer	项目Whole  exome sequencing  of patients with CRC from the Changkang project中要做生存分析，需要哪些数据、用什么工具？	完成生存分析需要数据：临床表型数据、体细胞突变 MAF 数据；推荐工具 survival_analysis。图谱中项目 Whole  exome sequencing  of patients with CRC from the Changkang project 的 HRA000873（癌种：Colorectal Cancer）存在这些数据，共 1017 个匹配文件（文件引用已脱敏）。	["CLINICAL_DATA_EXCEL", "MUTATION_ANNOTATION_FORMAT_MAF"]	[]	["生存分析"]	["Clinical", "WES"]		[{"semantic_format": "CLINICAL_DATA_EXCEL", "data_desc": "临床表型数据", "count": 1, "study": "HRA000873", "project_name": "Whole  exome sequencing  of patients with CRC from the Changkang project", "tumor_subtype": "Colorectal Cancer"}, {"semantic_format": "MUTATION_ANNOTATION_FORMAT_MAF", "data_desc": "体细胞突变 MAF 数据", "count": 1016, "study": "HRA000873", "project_name": "Whole  exome sequencing  of patients with CRC from the Changkang project", "tumor_subtype": "Colorectal Cancer"}]
class300073	class3_data_tool_recommend	single_tool	生存分析	T022	tmb_survival_analysis	HRA000873	Whole  exome sequencing  of patients with CRC from the Changkang project	Colorectal Cancer	目标是生存分析，应该选择什么数据和什么工具？	完成生存分析需要数据：临床表型数据、体细胞突变 MAF 数据；推荐工具 tmb_survival_analysis。图谱中项目 Whole  exome sequencing  of patients with CRC from the Changkang project 的 HRA000873（癌种：Colorectal Cancer）存在这些数据，共 1017 个匹配文件（文件引用已脱敏）。	["CLINICAL_DATA_EXCEL", "MUTATION_ANNOTATION_FORMAT_MAF"]	[]	["生存分析", "突变景观与可视化"]	["Clinical", "WES"]		[{"semantic_format": "CLINICAL_DATA_EXCEL", "data_desc": "临床表型数据", "count": 1, "study": "HRA000873", "project_name": "Whole  exome sequencing  of patients with CRC from the Changkang project", "tumor_subtype": "Colorectal Cancer"}, {"semantic_format": "MUTATION_ANNOTATION_FORMAT_MAF", "data_desc": "体细胞突变 MAF 数据", "count": 1016, "study": "HRA000873", "project_name": "Whole  exome sequencing  of patients with CRC from the Changkang project", "tumor_subtype": "Colorectal Cancer"}]
class300074	class3_data_tool_recommend	single_tool	突变景观与可视化	T023	wes_somatic_maf_landscape	HRA000873	Whole  exome sequencing  of patients with CRC from the Changkang project	Colorectal Cancer	完成突变景观与可视化需要的数据和工具分别是什么？	完成突变景观与可视化需要数据：体细胞突变 MAF 数据；推荐工具 wes_somatic_maf_landscape。图谱中项目 Whole  exome sequencing  of patients with CRC from the Changkang project 的 HRA000873（癌种：Colorectal Cancer）存在这些数据，共 1016 个匹配文件（文件引用已脱敏）。	["MUTATION_ANNOTATION_FORMAT_MAF"]	[]	["突变景观与可视化"]	["WES"]		[{"semantic_format": "MUTATION_ANNOTATION_FORMAT_MAF", "data_desc": "体细胞突变 MAF 数据", "count": 1016, "study": "HRA000873", "project_name": "Whole  exome sequencing  of patients with CRC from the Changkang project", "tumor_subtype": "Colorectal Cancer"}]
class300075	class3_data_tool_recommend	single_tool	共表达网络分析	T024	wgcna	HRA000073	Chinese Glioma Genome Altas (CGGA) - RNA-seq dataset (325)	Malignant Glioma	我想完成共表达网络分析，需要什么数据、应该用什么工具？	完成共表达网络分析需要数据：临床表型数据、基因表达矩阵/表格数据；推荐工具 wgcna。图谱中项目 Chinese Glioma Genome Altas (CGGA) - RNA-seq dataset (325) 的 HRA000073（癌种：Malignant Glioma）存在这些数据，共 4 个匹配文件（文件引用已脱敏）。	["CLINICAL_DATA_EXCEL", "TABULAR_BIO_DATA"]	[]	["共表达网络分析"]	["Clinical", "bulk_RNA"]		[{"semantic_format": "CLINICAL_DATA_EXCEL", "data_desc": "临床表型数据", "count": 1, "study": "HRA000073", "project_name": "Chinese Glioma Genome Altas (CGGA) - RNA-seq dataset (325)", "tumor_subtype": "Malignant Glioma"}, {"semantic_format": "TABULAR_BIO_DATA", "data_desc": "基因表达矩阵/表格数据", "count": 3, "study": "HRA000073", "project_name": "Chinese Glioma Genome Altas (CGGA) - RNA-seq dataset (325)", "tumor_subtype": "Malignant Glioma"}]
class300076	class3_data_tool_recommend	single_tool	细胞通讯分析	T026	breast_cellchat	HRA001748	scRNA-seq of liver cancer	Liver Cancer	要完成细胞通讯分析，需要准备哪些数据、推荐哪个工具？	完成细胞通讯分析需要数据：单细胞分析对象（RDS）数据；推荐工具 breast_cellchat（另需公共参考资源：参考基因组 FASTA）。图谱中项目 scRNA-seq of liver cancer 的 HRA001748（癌种：Liver Cancer）存在这些数据，共 171 个匹配文件（文件引用已脱敏）。	["SCRNA_OBJECT_RDS"]	["REFERENCE_GENOME_FASTA"]	["细胞通讯分析"]	["bulk_RNA", "sc-RNA"]		[{"semantic_format": "BIO_DATA_CONTAINER_OBJECT", "data_desc": "单细胞/复杂分析对象数据", "count": 10, "study": "HRA001748", "project_name": "scRNA-seq of liver cancer", "tumor_subtype": "Liver Cancer"}, {"semantic_format": "SCRNA_MATRIX_H5", "data_desc": "单细胞表达矩阵 H5 数据", "count": 160, "study": "HRA001748", "project_name": "scRNA-seq of liver cancer", "tumor_subtype": "Liver Cancer"}, {"semantic_format": "SCRNA_MATRIX_H5_ZIP", "data_desc": "单细胞表达矩阵压缩包数据", "count": 1, "study": "HRA001748", "project_name": "scRNA-seq of liver cancer", "tumor_subtype": "Liver Cancer"}]
class300077	class3_data_tool_recommend	single_tool	差异表达分析	T027	celltype_case_control_de	HRA001748	scRNA-seq of liver cancer	Liver Cancer	项目scRNA-seq of liver cancer中要做差异表达分析，需要哪些数据、用什么工具？	完成差异表达分析需要数据：单细胞分析对象（RDS）数据、基因表达矩阵/表格数据；推荐工具 celltype_case_control_de（另需公共参考资源：参考基因组 FASTA）。图谱中项目 scRNA-seq of liver cancer 的 HRA001748（癌种：Liver Cancer）存在这些数据，共 202 个匹配文件（文件引用已脱敏）。	["SCRNA_OBJECT_RDS", "TABULAR_BIO_DATA"]	["REFERENCE_GENOME_FASTA"]	["差异表达分析"]	["bulk_RNA", "sc-RNA"]		[{"semantic_format": "BIO_DATA_CONTAINER_OBJECT", "data_desc": "单细胞/复杂分析对象数据", "count": 10, "study": "HRA001748", "project_name": "scRNA-seq of liver cancer", "tumor_subtype": "Liver Cancer"}, {"semantic_format": "SCRNA_MATRIX_H5", "data_desc": "单细胞表达矩阵 H5 数据", "count": 160, "study": "HRA001748", "project_name": "scRNA-seq of liver cancer", "tumor_subtype": "Liver Cancer"}, {"semantic_format": "SCRNA_MATRIX_H5_ZIP", "data_desc": "单细胞表达矩阵压缩包数据", "count": 1, "study": "HRA001748", "project_name": "scRNA-seq of liver cancer", "tumor_subtype": "Liver Cancer"}, {"semantic_format": "TABULAR_BIO_DATA", "data_desc": "基因表达矩阵/表格数据", "count": 31, "study": "HRA001748", "project_name": "scRNA-seq of liver cancer", "tumor_subtype": "Liver Cancer"}]
class300078	class3_data_tool_recommend	single_tool	拷贝数变异分析	T028	cnvkit_cnv_clinical	HRA000071	Chinese Glioma Genome Altas (CGGA) - WES dataset	Malignant Glioma	目标是拷贝数变异分析，应该选择什么数据和什么工具？	完成拷贝数变异分析需要数据：基因组比对 BAM 数据；推荐工具 cnvkit_cnv_clinical。图谱中项目 Chinese Glioma Genome Altas (CGGA) - WES dataset 的 HRA000071（癌种：Malignant Glioma）存在这些数据，共 572 个匹配文件（文件引用已脱敏）。	["DNA_GENOMIC_ALIGNMENT_BAM"]	[]	["可视化与报告", "拷贝数变异分析"]	["Clinical", "WES", "WGS"]		[{"semantic_format": "DNA_ALIGNMENT_BQSR_BAM", "data_desc": "碱基质量校正后的比对 BAM 数据", "count": 572, "study": "HRA000071", "project_name": "Chinese Glioma Genome Altas (CGGA) - WES dataset", "tumor_subtype": "Malignant Glioma"}]
class300079	class3_data_tool_recommend	single_tool	生存分析	T029	cox_model	HRA000073	Chinese Glioma Genome Altas (CGGA) - RNA-seq dataset (325)	Malignant Glioma	完成生存分析需要的数据和工具分别是什么？	完成生存分析需要数据：临床表型数据、样本元数据、基因表达矩阵/表格数据；推荐工具 cox_model。图谱中项目 Chinese Glioma Genome Altas (CGGA) - RNA-seq dataset (325) 的 HRA000073（癌种：Malignant Glioma）存在这些数据，共 5 个匹配文件（文件引用已脱敏）。	["CLINICAL_DATA_EXCEL", "METADATA_SAMPLE_INFO", "TABULAR_BIO_DATA"]	[]	["生存分析"]	["Clinical", "bulk_RNA"]		[{"semantic_format": "CLINICAL_DATA_EXCEL", "data_desc": "临床表型数据", "count": 1, "study": "HRA000073", "project_name": "Chinese Glioma Genome Altas (CGGA) - RNA-seq dataset (325)", "tumor_subtype": "Malignant Glioma"}, {"semantic_format": "METADATA_SAMPLE_INFO", "data_desc": "样本元数据", "count": 1, "study": "HRA000073", "project_name": "Chinese Glioma Genome Altas (CGGA) - RNA-seq dataset (325)", "tumor_subtype": "Malignant Glioma"}, {"semantic_format": "TABULAR_BIO_DATA", "data_desc": "基因表达矩阵/表格数据", "count": 3, "study": "HRA000073", "project_name": "Chinese Glioma Genome Altas (CGGA) - RNA-seq dataset (325)", "tumor_subtype": "Malignant Glioma"}]
class300080	class3_data_tool_recommend	single_tool	单细胞下游分析	T030	dataset_downstream	HRA001748	scRNA-seq of liver cancer	Liver Cancer	我想完成单细胞下游分析，需要什么数据、应该用什么工具？	完成单细胞下游分析需要数据：单细胞分析对象（RDS）数据、基因表达矩阵/表格数据；推荐工具 dataset_downstream（另需公共参考资源：参考基因组 FASTA）。图谱中项目 scRNA-seq of liver cancer 的 HRA001748（癌种：Liver Cancer）存在这些数据，共 202 个匹配文件（文件引用已脱敏）。	["SCRNA_OBJECT_RDS", "TABULAR_BIO_DATA"]	["REFERENCE_GENOME_FASTA"]	["单细胞下游分析", "差异表达分析"]	["sc-RNA"]		[{"semantic_format": "BIO_DATA_CONTAINER_OBJECT", "data_desc": "单细胞/复杂分析对象数据", "count": 10, "study": "HRA001748", "project_name": "scRNA-seq of liver cancer", "tumor_subtype": "Liver Cancer"}, {"semantic_format": "SCRNA_MATRIX_H5", "data_desc": "单细胞表达矩阵 H5 数据", "count": 160, "study": "HRA001748", "project_name": "scRNA-seq of liver cancer", "tumor_subtype": "Liver Cancer"}, {"semantic_format": "SCRNA_MATRIX_H5_ZIP", "data_desc": "单细胞表达矩阵压缩包数据", "count": 1, "study": "HRA001748", "project_name": "scRNA-seq of liver cancer", "tumor_subtype": "Liver Cancer"}, {"semantic_format": "TABULAR_BIO_DATA", "data_desc": "基因表达矩阵/表格数据", "count": 31, "study": "HRA001748", "project_name": "scRNA-seq of liver cancer", "tumor_subtype": "Liver Cancer"}]
class300081	class3_data_tool_recommend	single_tool	单细胞下游分析	T031	dataset_matrix_annotation	HRA001748	scRNA-seq of liver cancer	Liver Cancer	要完成单细胞下游分析，需要准备哪些数据、推荐哪个工具？	完成单细胞下游分析需要数据：单细胞分析对象（RDS）数据、基因表达矩阵/表格数据；推荐工具 dataset_matrix_annotation（另需公共参考资源：参考基因组 FASTA）。图谱中项目 scRNA-seq of liver cancer 的 HRA001748（癌种：Liver Cancer）存在这些数据，共 202 个匹配文件（文件引用已脱敏）。	["SCRNA_OBJECT_RDS", "TABULAR_BIO_DATA"]	["REFERENCE_GENOME_FASTA"]	["单细胞下游分析"]	["sc-RNA"]		[{"semantic_format": "BIO_DATA_CONTAINER_OBJECT", "data_desc": "单细胞/复杂分析对象数据", "count": 10, "study": "HRA001748", "project_name": "scRNA-seq of liver cancer", "tumor_subtype": "Liver Cancer"}, {"semantic_format": "SCRNA_MATRIX_H5", "data_desc": "单细胞表达矩阵 H5 数据", "count": 160, "study": "HRA001748", "project_name": "scRNA-seq of liver cancer", "tumor_subtype": "Liver Cancer"}, {"semantic_format": "SCRNA_MATRIX_H5_ZIP", "data_desc": "单细胞表达矩阵压缩包数据", "count": 1, "study": "HRA001748", "project_name": "scRNA-seq of liver cancer", "tumor_subtype": "Liver Cancer"}, {"semantic_format": "TABULAR_BIO_DATA", "data_desc": "基因表达矩阵/表格数据", "count": 31, "study": "HRA001748", "project_name": "scRNA-seq of liver cancer", "tumor_subtype": "Liver Cancer"}]
class300082	class3_data_tool_recommend	single_tool	功能富集分析	T032	de_enrichment	HRA000073	Chinese Glioma Genome Altas (CGGA) - RNA-seq dataset (325)	Malignant Glioma	项目Chinese Glioma Genome Altas (CGGA) - RNA-seq dataset (325)中要做功能富集分析，需要哪些数据、用什么工具？	完成功能富集分析需要数据：临床表型数据、样本元数据、基因表达矩阵/表格数据；推荐工具 de_enrichment。图谱中项目 Chinese Glioma Genome Altas (CGGA) - RNA-seq dataset (325) 的 HRA000073（癌种：Malignant Glioma）存在这些数据，共 5 个匹配文件（文件引用已脱敏）。	["CLINICAL_DATA_EXCEL", "METADATA_SAMPLE_INFO", "TABULAR_BIO_DATA"]	[]	["功能富集分析", "可视化与报告", "差异表达分析"]	["Clinical", "bulk_RNA"]		[{"semantic_format": "CLINICAL_DATA_EXCEL", "data_desc": "临床表型数据", "count": 1, "study": "HRA000073", "project_name": "Chinese Glioma Genome Altas (CGGA) - RNA-seq dataset (325)", "tumor_subtype": "Malignant Glioma"}, {"semantic_format": "METADATA_SAMPLE_INFO", "data_desc": "样本元数据", "count": 1, "study": "HRA000073", "project_name": "Chinese Glioma Genome Altas (CGGA) - RNA-seq dataset (325)", "tumor_subtype": "Malignant Glioma"}, {"semantic_format": "TABULAR_BIO_DATA", "data_desc": "基因表达矩阵/表格数据", "count": 3, "study": "HRA000073", "project_name": "Chinese Glioma Genome Altas (CGGA) - RNA-seq dataset (325)", "tumor_subtype": "Malignant Glioma"}]
class300083	class3_data_tool_recommend	single_tool	功能富集分析	T033	deg_enrichment	HRA000073	Chinese Glioma Genome Altas (CGGA) - RNA-seq dataset (325)	Malignant Glioma	目标是功能富集分析，应该选择什么数据和什么工具？	完成功能富集分析需要数据：临床表型数据、样本元数据、基因表达矩阵/表格数据；推荐工具 deg_enrichment。图谱中项目 Chinese Glioma Genome Altas (CGGA) - RNA-seq dataset (325) 的 HRA000073（癌种：Malignant Glioma）存在这些数据，共 5 个匹配文件（文件引用已脱敏）。	["CLINICAL_DATA_EXCEL", "METADATA_SAMPLE_INFO", "TABULAR_BIO_DATA"]	[]	["功能富集分析", "差异表达分析"]	["Clinical", "bulk_RNA"]		[{"semantic_format": "CLINICAL_DATA_EXCEL", "data_desc": "临床表型数据", "count": 1, "study": "HRA000073", "project_name": "Chinese Glioma Genome Altas (CGGA) - RNA-seq dataset (325)", "tumor_subtype": "Malignant Glioma"}, {"semantic_format": "METADATA_SAMPLE_INFO", "data_desc": "样本元数据", "count": 1, "study": "HRA000073", "project_name": "Chinese Glioma Genome Altas (CGGA) - RNA-seq dataset (325)", "tumor_subtype": "Malignant Glioma"}, {"semantic_format": "TABULAR_BIO_DATA", "data_desc": "基因表达矩阵/表格数据", "count": 3, "study": "HRA000073", "project_name": "Chinese Glioma Genome Altas (CGGA) - RNA-seq dataset (325)", "tumor_subtype": "Malignant Glioma"}]
class300084	class3_data_tool_recommend	single_tool	差异表达分析	T034	deg_trend	HRA000073	Chinese Glioma Genome Altas (CGGA) - RNA-seq dataset (325)	Malignant Glioma	完成差异表达分析需要的数据和工具分别是什么？	完成差异表达分析需要数据：临床表型数据、样本元数据、基因表达矩阵/表格数据；推荐工具 deg_trend。图谱中项目 Chinese Glioma Genome Altas (CGGA) - RNA-seq dataset (325) 的 HRA000073（癌种：Malignant Glioma）存在这些数据，共 5 个匹配文件（文件引用已脱敏）。	["CLINICAL_DATA_EXCEL", "METADATA_SAMPLE_INFO", "TABULAR_BIO_DATA"]	[]	["可视化与报告", "差异表达分析"]	["Clinical", "bulk_RNA"]		[{"semantic_format": "CLINICAL_DATA_EXCEL", "data_desc": "临床表型数据", "count": 1, "study": "HRA000073", "project_name": "Chinese Glioma Genome Altas (CGGA) - RNA-seq dataset (325)", "tumor_subtype": "Malignant Glioma"}, {"semantic_format": "METADATA_SAMPLE_INFO", "data_desc": "样本元数据", "count": 1, "study": "HRA000073", "project_name": "Chinese Glioma Genome Altas (CGGA) - RNA-seq dataset (325)", "tumor_subtype": "Malignant Glioma"}, {"semantic_format": "TABULAR_BIO_DATA", "data_desc": "基因表达矩阵/表格数据", "count": 3, "study": "HRA000073", "project_name": "Chinese Glioma Genome Altas (CGGA) - RNA-seq dataset (325)", "tumor_subtype": "Malignant Glioma"}]
class300085	class3_data_tool_recommend	single_tool	可视化与报告	T035	gene_boxplot	HRA000073	Chinese Glioma Genome Altas (CGGA) - RNA-seq dataset (325)	Malignant Glioma	我想完成可视化与报告，需要什么数据、应该用什么工具？	完成可视化与报告需要数据：临床表型数据、样本元数据、基因表达矩阵/表格数据；推荐工具 gene_boxplot。图谱中项目 Chinese Glioma Genome Altas (CGGA) - RNA-seq dataset (325) 的 HRA000073（癌种：Malignant Glioma）存在这些数据，共 5 个匹配文件（文件引用已脱敏）。	["CLINICAL_DATA_EXCEL", "METADATA_SAMPLE_INFO", "TABULAR_BIO_DATA"]	[]	["可视化与报告"]	["Clinical", "bulk_RNA"]		[{"semantic_format": "CLINICAL_DATA_EXCEL", "data_desc": "临床表型数据", "count": 1, "study": "HRA000073", "project_name": "Chinese Glioma Genome Altas (CGGA) - RNA-seq dataset (325)", "tumor_subtype": "Malignant Glioma"}, {"semantic_format": "METADATA_SAMPLE_INFO", "data_desc": "样本元数据", "count": 1, "study": "HRA000073", "project_name": "Chinese Glioma Genome Altas (CGGA) - RNA-seq dataset (325)", "tumor_subtype": "Malignant Glioma"}, {"semantic_format": "TABULAR_BIO_DATA", "data_desc": "基因表达矩阵/表格数据", "count": 3, "study": "HRA000073", "project_name": "Chinese Glioma Genome Altas (CGGA) - RNA-seq dataset (325)", "tumor_subtype": "Malignant Glioma"}]
class300086	class3_data_tool_recommend	single_tool	功能富集分析	T036	gsea_pathway_enrichment	HRA000073	Chinese Glioma Genome Altas (CGGA) - RNA-seq dataset (325)	Malignant Glioma	要完成功能富集分析，需要准备哪些数据、推荐哪个工具？	完成功能富集分析需要数据：基因表达矩阵/表格数据；推荐工具 gsea_pathway_enrichment。图谱中项目 Chinese Glioma Genome Altas (CGGA) - RNA-seq dataset (325) 的 HRA000073（癌种：Malignant Glioma）存在这些数据，共 3 个匹配文件（文件引用已脱敏）。	["TABULAR_BIO_DATA"]	[]	["功能富集分析"]	["Clinical", "bulk_RNA"]		[{"semantic_format": "TABULAR_BIO_DATA", "data_desc": "基因表达矩阵/表格数据", "count": 3, "study": "HRA000073", "project_name": "Chinese Glioma Genome Altas (CGGA) - RNA-seq dataset (325)", "tumor_subtype": "Malignant Glioma"}]
class300087	class3_data_tool_recommend	single_tool	细胞通讯分析	T038	immunotherapy_cellchat	HRA001748	scRNA-seq of liver cancer	Liver Cancer	项目scRNA-seq of liver cancer中要做细胞通讯分析，需要哪些数据、用什么工具？	完成细胞通讯分析需要数据：单细胞分析对象（RDS）数据；推荐工具 immunotherapy_cellchat（另需公共参考资源：参考基因组 FASTA）。图谱中项目 scRNA-seq of liver cancer 的 HRA001748（癌种：Liver Cancer）存在这些数据，共 171 个匹配文件（文件引用已脱敏）。	["SCRNA_OBJECT_RDS"]	["REFERENCE_GENOME_FASTA"]	["细胞通讯分析"]	["sc-RNA"]		[{"semantic_format": "BIO_DATA_CONTAINER_OBJECT", "data_desc": "单细胞/复杂分析对象数据", "count": 10, "study": "HRA001748", "project_name": "scRNA-seq of liver cancer", "tumor_subtype": "Liver Cancer"}, {"semantic_format": "SCRNA_MATRIX_H5", "data_desc": "单细胞表达矩阵 H5 数据", "count": 160, "study": "HRA001748", "project_name": "scRNA-seq of liver cancer", "tumor_subtype": "Liver Cancer"}, {"semantic_format": "SCRNA_MATRIX_H5_ZIP", "data_desc": "单细胞表达矩阵压缩包数据", "count": 1, "study": "HRA001748", "project_name": "scRNA-seq of liver cancer", "tumor_subtype": "Liver Cancer"}]
class300088	class3_data_tool_recommend	single_tool	单细胞下游分析	T039	ipf_trajectory_regulon	HRA001748	scRNA-seq of liver cancer	Liver Cancer	目标是单细胞下游分析，应该选择什么数据和什么工具？	完成单细胞下游分析需要数据：样本元数据、单细胞分析对象（RDS）数据；推荐工具 ipf_trajectory_regulon（另需公共参考资源：参考基因组 FASTA）。图谱中项目 scRNA-seq of liver cancer 的 HRA001748（癌种：Liver Cancer）存在这些数据，共 173 个匹配文件（文件引用已脱敏）。	["METADATA_SAMPLE_INFO", "SCRNA_OBJECT_RDS"]	["REFERENCE_GENOME_FASTA"]	["单细胞下游分析", "轨迹推断"]	["bulk_RNA", "sc-RNA"]		[{"semantic_format": "METADATA_SAMPLE_INFO", "data_desc": "样本元数据", "count": 2, "study": "HRA001748", "project_name": "scRNA-seq of liver cancer", "tumor_subtype": "Liver Cancer"}, {"semantic_format": "BIO_DATA_CONTAINER_OBJECT", "data_desc": "单细胞/复杂分析对象数据", "count": 10, "study": "HRA001748", "project_name": "scRNA-seq of liver cancer", "tumor_subtype": "Liver Cancer"}, {"semantic_format": "SCRNA_MATRIX_H5", "data_desc": "单细胞表达矩阵 H5 数据", "count": 160, "study": "HRA001748", "project_name": "scRNA-seq of liver cancer", "tumor_subtype": "Liver Cancer"}, {"semantic_format": "SCRNA_MATRIX_H5_ZIP", "data_desc": "单细胞表达矩阵压缩包数据", "count": 1, "study": "HRA001748", "project_name": "scRNA-seq of liver cancer", "tumor_subtype": "Liver Cancer"}]
class300089	class3_data_tool_recommend	single_tool	生存分析	T040	km_survival	HRA000073	Chinese Glioma Genome Altas (CGGA) - RNA-seq dataset (325)	Malignant Glioma	完成生存分析需要的数据和工具分别是什么？	完成生存分析需要数据：临床表型数据、样本元数据、基因表达矩阵/表格数据；推荐工具 km_survival。图谱中项目 Chinese Glioma Genome Altas (CGGA) - RNA-seq dataset (325) 的 HRA000073（癌种：Malignant Glioma）存在这些数据，共 5 个匹配文件（文件引用已脱敏）。	["CLINICAL_DATA_EXCEL", "METADATA_SAMPLE_INFO", "TABULAR_BIO_DATA"]	[]	["可视化与报告", "生存分析"]	["Clinical", "bulk_RNA"]		[{"semantic_format": "CLINICAL_DATA_EXCEL", "data_desc": "临床表型数据", "count": 1, "study": "HRA000073", "project_name": "Chinese Glioma Genome Altas (CGGA) - RNA-seq dataset (325)", "tumor_subtype": "Malignant Glioma"}, {"semantic_format": "METADATA_SAMPLE_INFO", "data_desc": "样本元数据", "count": 1, "study": "HRA000073", "project_name": "Chinese Glioma Genome Altas (CGGA) - RNA-seq dataset (325)", "tumor_subtype": "Malignant Glioma"}, {"semantic_format": "TABULAR_BIO_DATA", "data_desc": "基因表达矩阵/表格数据", "count": 3, "study": "HRA000073", "project_name": "Chinese Glioma Genome Altas (CGGA) - RNA-seq dataset (325)", "tumor_subtype": "Malignant Glioma"}]
class300090	class3_data_tool_recommend	single_tool	免疫浸润与微环境分析	T041	lung_tme_annotation_cnv	HRA001748	scRNA-seq of liver cancer	Liver Cancer	我想完成免疫浸润与微环境分析，需要什么数据、应该用什么工具？	完成免疫浸润与微环境分析需要数据：单细胞分析对象（RDS）数据、基因表达矩阵/表格数据；推荐工具 lung_tme_annotation_cnv（另需公共参考资源：参考基因组 FASTA）。图谱中项目 scRNA-seq of liver cancer 的 HRA001748（癌种：Liver Cancer）存在这些数据，共 202 个匹配文件（文件引用已脱敏）。	["SCRNA_OBJECT_RDS", "TABULAR_BIO_DATA"]	["REFERENCE_GENOME_FASTA"]	["免疫浸润与微环境分析", "单细胞下游分析", "拷贝数变异分析"]	["sc-RNA"]		[{"semantic_format": "BIO_DATA_CONTAINER_OBJECT", "data_desc": "单细胞/复杂分析对象数据", "count": 10, "study": "HRA001748", "project_name": "scRNA-seq of liver cancer", "tumor_subtype": "Liver Cancer"}, {"semantic_format": "SCRNA_MATRIX_H5", "data_desc": "单细胞表达矩阵 H5 数据", "count": 160, "study": "HRA001748", "project_name": "scRNA-seq of liver cancer", "tumor_subtype": "Liver Cancer"}, {"semantic_format": "SCRNA_MATRIX_H5_ZIP", "data_desc": "单细胞表达矩阵压缩包数据", "count": 1, "study": "HRA001748", "project_name": "scRNA-seq of liver cancer", "tumor_subtype": "Liver Cancer"}, {"semantic_format": "TABULAR_BIO_DATA", "data_desc": "基因表达矩阵/表格数据", "count": 31, "study": "HRA001748", "project_name": "scRNA-seq of liver cancer", "tumor_subtype": "Liver Cancer"}]
class300091	class3_data_tool_recommend	single_tool	表达矩阵预处理与归一化	T042	preprocess_counts	HRA000074	Chinese Glioma Genome Altas (CGGA) - RNA-seq dataset (693)	High grade glioma	要完成表达矩阵预处理与归一化，需要准备哪些数据、推荐哪个工具？	完成表达矩阵预处理与归一化需要数据：基因表达矩阵/表格数据；推荐工具 preprocess_counts。图谱中项目 Chinese Glioma Genome Altas (CGGA) - RNA-seq dataset (693) 的 HRA000074（癌种：High grade glioma）存在这些数据，共 3 个匹配文件（文件引用已脱敏）。	["TABULAR_BIO_DATA"]	[]	["表达矩阵预处理与归一化"]	["bulk_RNA"]		[{"semantic_format": "TABULAR_BIO_DATA", "data_desc": "基因表达矩阵/表格数据", "count": 3, "study": "HRA000074", "project_name": "Chinese Glioma Genome Altas (CGGA) - RNA-seq dataset (693)", "tumor_subtype": "High grade glioma"}]
class300092	class3_data_tool_recommend	single_tool	可变剪接分析	T043	rmats_alternative_splicing	HRA000074	Chinese Glioma Genome Altas (CGGA) - RNA-seq dataset (693)	High grade glioma	项目Chinese Glioma Genome Altas (CGGA) - RNA-seq dataset (693)中要做可变剪接分析，需要哪些数据、用什么工具？	完成可变剪接分析需要数据：转录组比对 BAM 数据；推荐工具 rmats_alternative_splicing（另需公共参考资源：参考基因组 FASTA）。图谱中项目 Chinese Glioma Genome Altas (CGGA) - RNA-seq dataset (693) 的 HRA000074（癌种：High grade glioma）存在这些数据，共 693 个匹配文件（文件引用已脱敏）。	["RNA_TRANSCRIPTOME_ALIGNMENT_BAM"]	["REFERENCE_GENOME_FASTA"]	["可变剪接分析"]	["bulk_RNA"]		[{"semantic_format": "RNA_TRANSCRIPTOME_ALIGNMENT_BAM", "data_desc": "转录组比对 BAM 数据", "count": 693, "study": "HRA000074", "project_name": "Chinese Glioma Genome Altas (CGGA) - RNA-seq dataset (693)", "tumor_subtype": "High grade glioma"}]
class300093	class3_data_tool_recommend	single_tool	RNA序列比对	T044	rnaseq_singletask	HRA000074	Chinese Glioma Genome Altas (CGGA) - RNA-seq dataset (693)	High grade glioma	目标是RNA序列比对，应该选择什么数据和什么工具？	完成RNA序列比对需要数据：原始双端测序数据（R1）、原始双端测序数据（R2）；推荐工具 rnaseq_singletask（另需公共参考资源：参考基因组 FASTA）。图谱中项目 Chinese Glioma Genome Altas (CGGA) - RNA-seq dataset (693) 的 HRA000074（癌种：High grade glioma）存在这些数据，共 1386 个匹配文件（文件引用已脱敏）。	["RAW_PAIRED_END_R1_FASTQ", "RAW_PAIRED_END_R2_FASTQ"]	["REFERENCE_GENOME_FASTA"]	["RNA序列比对", "接头与低质量序列修剪", "测序质量评估", "表达定量"]	["bulk_RNA"]		[{"semantic_format": "RAW_PAIRED_END_R1_FASTQ", "data_desc": "原始双端测序数据（R1）", "count": 693, "study": "HRA000074", "project_name": "Chinese Glioma Genome Altas (CGGA) - RNA-seq dataset (693)", "tumor_subtype": "High grade glioma"}, {"semantic_format": "RAW_PAIRED_END_R2_FASTQ", "data_desc": "原始双端测序数据（R2）", "count": 693, "study": "HRA000074", "project_name": "Chinese Glioma Genome Altas (CGGA) - RNA-seq dataset (693)", "tumor_subtype": "High grade glioma"}]
class300094	class3_data_tool_recommend	single_tool	细胞通讯分析	T045	scrna_cell_communication	HRA001748	scRNA-seq of liver cancer	Liver Cancer	完成细胞通讯分析需要的数据和工具分别是什么？	完成细胞通讯分析需要数据：样本元数据、单细胞分析对象（RDS）数据、基因表达矩阵/表格数据；推荐工具 scrna_cell_communication。图谱中项目 scRNA-seq of liver cancer 的 HRA001748（癌种：Liver Cancer）存在这些数据，共 204 个匹配文件（文件引用已脱敏）。	["METADATA_SAMPLE_INFO", "SCRNA_OBJECT_RDS", "TABULAR_BIO_DATA"]	[]	["细胞通讯分析"]	["bulk_RNA", "sc-RNA"]		[{"semantic_format": "METADATA_SAMPLE_INFO", "data_desc": "样本元数据", "count": 2, "study": "HRA001748", "project_name": "scRNA-seq of liver cancer", "tumor_subtype": "Liver Cancer"}, {"semantic_format": "BIO_DATA_CONTAINER_OBJECT", "data_desc": "单细胞/复杂分析对象数据", "count": 10, "study": "HRA001748", "project_name": "scRNA-seq of liver cancer", "tumor_subtype": "Liver Cancer"}, {"semantic_format": "SCRNA_MATRIX_H5", "data_desc": "单细胞表达矩阵 H5 数据", "count": 160, "study": "HRA001748", "project_name": "scRNA-seq of liver cancer", "tumor_subtype": "Liver Cancer"}, {"semantic_format": "SCRNA_MATRIX_H5_ZIP", "data_desc": "单细胞表达矩阵压缩包数据", "count": 1, "study": "HRA001748", "project_name": "scRNA-seq of liver cancer", "tumor_subtype": "Liver Cancer"}, {"semantic_format": "TABULAR_BIO_DATA", "data_desc": "基因表达矩阵/表格数据", "count": 31, "study": "HRA001748", "project_name": "scRNA-seq of liver cancer", "tumor_subtype": "Liver Cancer"}]
class300095	class3_data_tool_recommend	single_tool	可视化与报告	T046	stage_heatmap	HRA000073	Chinese Glioma Genome Altas (CGGA) - RNA-seq dataset (325)	Malignant Glioma	我想完成可视化与报告，需要什么数据、应该用什么工具？	完成可视化与报告需要数据：临床表型数据、样本元数据、基因表达矩阵/表格数据；推荐工具 stage_heatmap。图谱中项目 Chinese Glioma Genome Altas (CGGA) - RNA-seq dataset (325) 的 HRA000073（癌种：Malignant Glioma）存在这些数据，共 5 个匹配文件（文件引用已脱敏）。	["CLINICAL_DATA_EXCEL", "METADATA_SAMPLE_INFO", "TABULAR_BIO_DATA"]	[]	["可视化与报告"]	["Clinical", "bulk_RNA"]		[{"semantic_format": "CLINICAL_DATA_EXCEL", "data_desc": "临床表型数据", "count": 1, "study": "HRA000073", "project_name": "Chinese Glioma Genome Altas (CGGA) - RNA-seq dataset (325)", "tumor_subtype": "Malignant Glioma"}, {"semantic_format": "METADATA_SAMPLE_INFO", "data_desc": "样本元数据", "count": 1, "study": "HRA000073", "project_name": "Chinese Glioma Genome Altas (CGGA) - RNA-seq dataset (325)", "tumor_subtype": "Malignant Glioma"}, {"semantic_format": "TABULAR_BIO_DATA", "data_desc": "基因表达矩阵/表格数据", "count": 3, "study": "HRA000073", "project_name": "Chinese Glioma Genome Altas (CGGA) - RNA-seq dataset (325)", "tumor_subtype": "Malignant Glioma"}]
class300096	class3_data_tool_recommend	single_tool	差异表达分析	T047	tcell_intervention	HRA001748	scRNA-seq of liver cancer	Liver Cancer	要完成差异表达分析，需要准备哪些数据、推荐哪个工具？	完成差异表达分析需要数据：样本元数据、单细胞分析对象（RDS）数据、基因表达矩阵/表格数据；推荐工具 tcell_intervention（另需公共参考资源：参考基因组 FASTA）。图谱中项目 scRNA-seq of liver cancer 的 HRA001748（癌种：Liver Cancer）存在这些数据，共 204 个匹配文件（文件引用已脱敏）。	["METADATA_SAMPLE_INFO", "SCRNA_OBJECT_RDS", "TABULAR_BIO_DATA"]	["REFERENCE_GENOME_FASTA"]	["差异表达分析"]	["bulk_RNA", "sc-RNA"]		[{"semantic_format": "METADATA_SAMPLE_INFO", "data_desc": "样本元数据", "count": 2, "study": "HRA001748", "project_name": "scRNA-seq of liver cancer", "tumor_subtype": "Liver Cancer"}, {"semantic_format": "BIO_DATA_CONTAINER_OBJECT", "data_desc": "单细胞/复杂分析对象数据", "count": 10, "study": "HRA001748", "project_name": "scRNA-seq of liver cancer", "tumor_subtype": "Liver Cancer"}, {"semantic_format": "SCRNA_MATRIX_H5", "data_desc": "单细胞表达矩阵 H5 数据", "count": 160, "study": "HRA001748", "project_name": "scRNA-seq of liver cancer", "tumor_subtype": "Liver Cancer"}, {"semantic_format": "SCRNA_MATRIX_H5_ZIP", "data_desc": "单细胞表达矩阵压缩包数据", "count": 1, "study": "HRA001748", "project_name": "scRNA-seq of liver cancer", "tumor_subtype": "Liver Cancer"}, {"semantic_format": "TABULAR_BIO_DATA", "data_desc": "基因表达矩阵/表格数据", "count": 31, "study": "HRA001748", "project_name": "scRNA-seq of liver cancer", "tumor_subtype": "Liver Cancer"}]
class300097	class3_data_tool_recommend	single_tool	可视化与报告	T048	umap	HRA000073	Chinese Glioma Genome Altas (CGGA) - RNA-seq dataset (325)	Malignant Glioma	项目Chinese Glioma Genome Altas (CGGA) - RNA-seq dataset (325)中要做可视化与报告，需要哪些数据、用什么工具？	完成可视化与报告需要数据：临床表型数据、样本元数据、基因表达矩阵/表格数据；推荐工具 umap。图谱中项目 Chinese Glioma Genome Altas (CGGA) - RNA-seq dataset (325) 的 HRA000073（癌种：Malignant Glioma）存在这些数据，共 5 个匹配文件（文件引用已脱敏）。	["CLINICAL_DATA_EXCEL", "METADATA_SAMPLE_INFO", "TABULAR_BIO_DATA"]	[]	["可视化与报告"]	["Clinical", "bulk_RNA"]		[{"semantic_format": "CLINICAL_DATA_EXCEL", "data_desc": "临床表型数据", "count": 1, "study": "HRA000073", "project_name": "Chinese Glioma Genome Altas (CGGA) - RNA-seq dataset (325)", "tumor_subtype": "Malignant Glioma"}, {"semantic_format": "METADATA_SAMPLE_INFO", "data_desc": "样本元数据", "count": 1, "study": "HRA000073", "project_name": "Chinese Glioma Genome Altas (CGGA) - RNA-seq dataset (325)", "tumor_subtype": "Malignant Glioma"}, {"semantic_format": "TABULAR_BIO_DATA", "data_desc": "基因表达矩阵/表格数据", "count": 3, "study": "HRA000073", "project_name": "Chinese Glioma Genome Altas (CGGA) - RNA-seq dataset (325)", "tumor_subtype": "Malignant Glioma"}]
class300098	class3_data_tool_recommend	single_tool	DNA序列比对	T049	wes_somatic_pair	HRA000071	Chinese Glioma Genome Altas (CGGA) - WES dataset	Malignant Glioma	目标是DNA序列比对，应该选择什么数据和什么工具？	完成DNA序列比对需要数据：变异 VCF 数据、原始双端测序数据（R1）、原始双端测序数据（R2）；推荐工具 wes_somatic_pair（另需公共参考资源：参考基因组 FASTA、目标区间列表）。图谱中项目 Chinese Glioma Genome Altas (CGGA) - WES dataset 的 HRA000071（癌种：Malignant Glioma）存在这些数据，共 2002 个匹配文件（文件引用已脱敏）。	["DNA_VARIANT_VCF_GENERAL", "RAW_PAIRED_END_R1_FASTQ", "RAW_PAIRED_END_R2_FASTQ"]	["REFERENCE_GENOME_FASTA", "TARGET_INTERVAL_LIST"]	["DNA序列比对", "体细胞变异检测", "变异注释", "变异质量校正", "可视化与报告", "测序质量评估"]	["WES", "WGS"]		[{"semantic_format": "DNA_SOMATIC_SV_VCF", "data_desc": "体细胞结构变异 VCF 数据", "count": 286, "study": "HRA000071", "project_name": "Chinese Glioma Genome Altas (CGGA) - WES dataset", "tumor_subtype": "Malignant Glioma"}, {"semantic_format": "DNA_VARIANT_VCF_GENERAL", "data_desc": "变异 VCF 数据", "count": 572, "study": "HRA000071", "project_name": "Chinese Glioma Genome Altas (CGGA) - WES dataset", "tumor_subtype": "Malignant Glioma"}, {"semantic_format": "RAW_PAIRED_END_R1_FASTQ", "data_desc": "原始双端测序数据（R1）", "count": 572, "study": "HRA000071", "project_name": "Chinese Glioma Genome Altas (CGGA) - WES dataset", "tumor_subtype": "Malignant Glioma"}, {"semantic_format": "RAW_PAIRED_END_R2_FASTQ", "data_desc": "原始双端测序数据（R2）", "count": 572, "study": "HRA000071", "project_name": "Chinese Glioma Genome Altas (CGGA) - WES dataset", "tumor_subtype": "Malignant Glioma"}]
class300099	class3_data_tool_recommend	single_tool	共表达网络分析	T050	wgcna_hub	HRA000073	Chinese Glioma Genome Altas (CGGA) - RNA-seq dataset (325)	Malignant Glioma	完成共表达网络分析需要的数据和工具分别是什么？	完成共表达网络分析需要数据：临床表型数据、样本元数据、基因表达矩阵/表格数据；推荐工具 wgcna_hub。图谱中项目 Chinese Glioma Genome Altas (CGGA) - RNA-seq dataset (325) 的 HRA000073（癌种：Malignant Glioma）存在这些数据，共 5 个匹配文件（文件引用已脱敏）。	["CLINICAL_DATA_EXCEL", "METADATA_SAMPLE_INFO", "TABULAR_BIO_DATA"]	[]	["共表达网络分析"]	["Clinical", "bulk_RNA"]		[{"semantic_format": "CLINICAL_DATA_EXCEL", "data_desc": "临床表型数据", "count": 1, "study": "HRA000073", "project_name": "Chinese Glioma Genome Altas (CGGA) - RNA-seq dataset (325)", "tumor_subtype": "Malignant Glioma"}, {"semantic_format": "METADATA_SAMPLE_INFO", "data_desc": "样本元数据", "count": 1, "study": "HRA000073", "project_name": "Chinese Glioma Genome Altas (CGGA) - RNA-seq dataset (325)", "tumor_subtype": "Malignant Glioma"}, {"semantic_format": "TABULAR_BIO_DATA", "data_desc": "基因表达矩阵/表格数据", "count": 3, "study": "HRA000073", "project_name": "Chinese Glioma Genome Altas (CGGA) - RNA-seq dataset (325)", "tumor_subtype": "Malignant Glioma"}]
class300100	class3_data_tool_recommend	single_tool	共表达网络分析	T051	wgcna_module_trait	HRA000073	Chinese Glioma Genome Altas (CGGA) - RNA-seq dataset (325)	Malignant Glioma	我想完成共表达网络分析，需要什么数据、应该用什么工具？	完成共表达网络分析需要数据：临床表型数据、样本元数据、基因表达矩阵/表格数据；推荐工具 wgcna_module_trait。图谱中项目 Chinese Glioma Genome Altas (CGGA) - RNA-seq dataset (325) 的 HRA000073（癌种：Malignant Glioma）存在这些数据，共 5 个匹配文件（文件引用已脱敏）。	["CLINICAL_DATA_EXCEL", "METADATA_SAMPLE_INFO", "TABULAR_BIO_DATA"]	[]	["共表达网络分析"]	["Clinical", "bulk_RNA"]		[{"semantic_format": "CLINICAL_DATA_EXCEL", "data_desc": "临床表型数据", "count": 1, "study": "HRA000073", "project_name": "Chinese Glioma Genome Altas (CGGA) - RNA-seq dataset (325)", "tumor_subtype": "Malignant Glioma"}, {"semantic_format": "METADATA_SAMPLE_INFO", "data_desc": "样本元数据", "count": 1, "study": "HRA000073", "project_name": "Chinese Glioma Genome Altas (CGGA) - RNA-seq dataset (325)", "tumor_subtype": "Malignant Glioma"}, {"semantic_format": "TABULAR_BIO_DATA", "data_desc": "基因表达矩阵/表格数据", "count": 3, "study": "HRA000073", "project_name": "Chinese Glioma Genome Altas (CGGA) - RNA-seq dataset (325)", "tumor_subtype": "Malignant Glioma"}]
class300101	class3_data_tool_recommend	single_tool	变异过滤与处理	T052	gatk_germline_cohort	HRA001272	Integrated genomic and transcriptomic profiling dissects spatiotemporal evolution of metastatic hepatocellular carcinoma	Hepatocellular carcinoma	要完成变异过滤与处理，需要准备哪些数据、推荐哪个工具？	完成变异过滤与处理需要数据：临床表型数据、基因组比对 BAM 数据、VCF 索引数据、变异 VCF 数据、样本元数据；推荐工具 gatk_germline_cohort（另需公共参考资源：参考基因组 FASTA、目标区间列表）。图谱中项目 Integrated genomic and transcriptomic profiling dissects spatiotemporal evolution of metastatic hepatocellular carcinoma 的 HRA001272（癌种：Hepatocellular carcinoma）存在这些数据，共 3618 个匹配文件（文件引用已脱敏）。	["CLINICAL_DATA_EXCEL", "DNA_GENOMIC_ALIGNMENT_BAM", "DNA_VARIANT_INDEX_TBI", "DNA_VARIANT_VCF_GENERAL", "METADATA_SAMPLE_INFO"]	["REFERENCE_GENOME_FASTA", "TARGET_INTERVAL_LIST"]	["变异过滤与处理", "胚系变异检测"]	["Clinical", "WES", "WGS"]		[{"semantic_format": "CLINICAL_DATA_EXCEL", "data_desc": "临床表型数据", "count": 1, "study": "HRA001272", "project_name": "Integrated genomic and transcriptomic profiling dissects spatiotemporal evolution of metastatic hepatocellular carcinoma", "tumor_subtype": "Hepatocellular carcinoma"}, {"semantic_format": "DNA_ALIGNMENT_BQSR_BAM", "data_desc": "碱基质量校正后的比对 BAM 数据", "count": 750, "study": "HRA001272", "project_name": "Integrated genomic and transcriptomic profiling dissects spatiotemporal evolution of metastatic hepatocellular carcinoma", "tumor_subtype": "Hepatocellular carcinoma"}, {"semantic_format": "RNA_TRANSCRIPTOME_ALIGNMENT_BAM", "data_desc": "转录组比对 BAM 数据", "count": 430, "study": "HRA001272", "project_name": "Integrated genomic and transcriptomic profiling dissects spatiotemporal evolution of metastatic hepatocellular carcinoma", "tumor_subtype": "Hepatocellular carcinoma"}, {"semantic_format": "DNA_VARIANT_INDEX_TBI", "data_desc": "VCF 索引数据", "count": 527, "study": "HRA001272", "project_name": "Integrated genomic and transcriptomic profiling dissects spatiotemporal evolution of metastatic hepatocellular carcinoma", "tumor_subtype": "Hepatocellular carcinoma"}, {"semantic_format": "DNA_VARIANT_VCF_GENERAL", "data_desc": "变异 VCF 数据", "count": 1909, "study": "HRA001272", "project_name": "Integrated genomic and transcriptomic profiling dissects spatiotemporal evolution of metastatic hepatocellular carcinoma", "tumor_subtype": "Hepatocellular carcinoma"}, {"semantic_format": "METADATA_SAMPLE_INFO", "data_desc": "样本元数据", "count": 1, "study": "HRA001272", "project_name": "Integrated genomic and transcriptomic profiling dissects spatiotemporal evolution of metastatic hepatocellular carcinoma", "tumor_subtype": "Hepatocellular carcinoma"}]
class300102	class3_data_tool_recommend	single_tool	结构变异检测	T053	manta_structural_variants	HRA000071	Chinese Glioma Genome Altas (CGGA) - WES dataset	Malignant Glioma	项目Chinese Glioma Genome Altas (CGGA) - WES dataset中要做结构变异检测，需要哪些数据、用什么工具？	完成结构变异检测需要数据：基因组比对 BAM 数据；推荐工具 manta_structural_variants（另需公共参考资源：参考基因组 FASTA）。图谱中项目 Chinese Glioma Genome Altas (CGGA) - WES dataset 的 HRA000071（癌种：Malignant Glioma）存在这些数据，共 572 个匹配文件（文件引用已脱敏）。	["DNA_GENOMIC_ALIGNMENT_BAM"]	["REFERENCE_GENOME_FASTA"]	["结构变异检测"]	["WES", "WGS"]		[{"semantic_format": "DNA_ALIGNMENT_BQSR_BAM", "data_desc": "碱基质量校正后的比对 BAM 数据", "count": 572, "study": "HRA000071", "project_name": "Chinese Glioma Genome Altas (CGGA) - WES dataset", "tumor_subtype": "Malignant Glioma"}]
class300103	class3_data_tool_recommend	single_tool	基因融合检测	T054	star_fusion	HRA000071	Chinese Glioma Genome Altas (CGGA) - WES dataset	Malignant Glioma	目标是基因融合检测，应该选择什么数据和什么工具？	完成基因融合检测需要数据：样本元数据、原始双端测序数据（R1）、原始双端测序数据（R2）；推荐工具 star_fusion。图谱中项目 Chinese Glioma Genome Altas (CGGA) - WES dataset 的 HRA000071（癌种：Malignant Glioma）存在这些数据，共 1145 个匹配文件（文件引用已脱敏）。	["METADATA_SAMPLE_INFO", "RAW_PAIRED_END_R1_FASTQ", "RAW_PAIRED_END_R2_FASTQ"]	[]	["基因融合检测"]	["Clinical", "bulk_RNA"]		[{"semantic_format": "METADATA_SAMPLE_INFO", "data_desc": "样本元数据", "count": 1, "study": "HRA000071", "project_name": "Chinese Glioma Genome Altas (CGGA) - WES dataset", "tumor_subtype": "Malignant Glioma"}, {"semantic_format": "RAW_PAIRED_END_R1_FASTQ", "data_desc": "原始双端测序数据（R1）", "count": 572, "study": "HRA000071", "project_name": "Chinese Glioma Genome Altas (CGGA) - WES dataset", "tumor_subtype": "Malignant Glioma"}, {"semantic_format": "RAW_PAIRED_END_R2_FASTQ", "data_desc": "原始双端测序数据（R2）", "count": 572, "study": "HRA000071", "project_name": "Chinese Glioma Genome Altas (CGGA) - WES dataset", "tumor_subtype": "Malignant Glioma"}]
class300104	class3_data_tool_recommend	single_tool	接头与低质量序列修剪	T001	fastp	HRA000873	Whole  exome sequencing  of patients with CRC from the Changkang project	Colorectal Cancer	完成接头与低质量序列修剪需要的数据和工具分别是什么？	完成接头与低质量序列修剪需要数据：原始双端测序数据（R1）、原始双端测序数据（R2）；推荐工具 fastp。图谱中项目 Whole  exome sequencing  of patients with CRC from the Changkang project 的 HRA000873（癌种：Colorectal Cancer）存在这些数据，共 4060 个匹配文件（文件引用已脱敏）。	["RAW_PAIRED_END_R1_FASTQ", "RAW_PAIRED_END_R2_FASTQ"]	[]	["接头与低质量序列修剪", "测序质量评估"]	["WES"]		[{"semantic_format": "RAW_PAIRED_END_R1_FASTQ", "data_desc": "原始双端测序数据（R1）", "count": 2030, "study": "HRA000873", "project_name": "Whole  exome sequencing  of patients with CRC from the Changkang project", "tumor_subtype": "Colorectal Cancer"}, {"semantic_format": "RAW_PAIRED_END_R2_FASTQ", "data_desc": "原始双端测序数据（R2）", "count": 2030, "study": "HRA000873", "project_name": "Whole  exome sequencing  of patients with CRC from the Changkang project", "tumor_subtype": "Colorectal Cancer"}]
class300105	class3_data_tool_recommend	single_tool	测序质量评估	T002	fastqc	HRA000071	Chinese Glioma Genome Altas (CGGA) - WES dataset	Malignant Glioma	我想完成测序质量评估，需要什么数据、应该用什么工具？	完成测序质量评估需要数据：原始单端测序数据；推荐工具 fastqc。图谱中项目 Chinese Glioma Genome Altas (CGGA) - WES dataset 的 HRA000071（癌种：Malignant Glioma）存在这些数据，共 1144 个匹配文件（文件引用已脱敏）。	["RAW_SINGLE_END_FASTQ"]	[]	["可视化与报告", "测序质量评估"]	["WES", "WGS", "bulk_RNA", "sc-RNA"]		[{"semantic_format": "RAW_PAIRED_END_R1_FASTQ", "data_desc": "原始双端测序数据（R1）", "count": 572, "study": "HRA000071", "project_name": "Chinese Glioma Genome Altas (CGGA) - WES dataset", "tumor_subtype": "Malignant Glioma"}, {"semantic_format": "RAW_PAIRED_END_R2_FASTQ", "data_desc": "原始双端测序数据（R2）", "count": 572, "study": "HRA000071", "project_name": "Chinese Glioma Genome Altas (CGGA) - WES dataset", "tumor_subtype": "Malignant Glioma"}]
class300106	class3_data_tool_recommend	single_tool	单细胞比对与定量	T003	cellranger_workflow	HRA000122	Integrated Genomic Analyses Identify High-Risk Factors Associated with Poor Outcomes of T-ALL	Acute T cell leukemia	要完成单细胞比对与定量，需要准备哪些数据、推荐哪个工具？	完成单细胞比对与定量需要数据：基因组比对 BAM 数据、原始单端测序数据；推荐工具 cellranger_workflow。图谱中项目 Integrated Genomic Analyses Identify High-Risk Factors Associated with Poor Outcomes of T-ALL 的 HRA000122（癌种：Acute T cell leukemia）存在这些数据，共 820 个匹配文件（文件引用已脱敏）。	["DNA_GENOMIC_ALIGNMENT_BAM", "RAW_SINGLE_END_FASTQ"]	[]	["单细胞比对与定量", "可视化与报告", "测序质量评估"]	["bulk_RNA", "sc-RNA"]		[{"semantic_format": "RNA_TRANSCRIPTOME_ALIGNMENT_BAM", "data_desc": "转录组比对 BAM 数据", "count": 124, "study": "HRA000122", "project_name": "Integrated Genomic Analyses Identify High-Risk Factors Associated with Poor Outcomes of T-ALL", "tumor_subtype": "Acute T cell leukemia"}, {"semantic_format": "RAW_PAIRED_END_R1_FASTQ", "data_desc": "原始双端测序数据（R1）", "count": 348, "study": "HRA000122", "project_name": "Integrated Genomic Analyses Identify High-Risk Factors Associated with Poor Outcomes of T-ALL", "tumor_subtype": "Acute T cell leukemia"}, {"semantic_format": "RAW_PAIRED_END_R2_FASTQ", "data_desc": "原始双端测序数据（R2）", "count": 348, "study": "HRA000122", "project_name": "Integrated Genomic Analyses Identify High-Risk Factors Associated with Poor Outcomes of T-ALL", "tumor_subtype": "Acute T cell leukemia"}]
class300107	class3_data_tool_recommend	single_tool	接头与低质量序列修剪	T004	trim_galore	HRA000087	Single-cell RNA analysis reveals an epithelial-immune dual feature of tumor cells in nasopharyngeal carcinoma	Nasopharynx Carcinoma	项目Single-cell RNA analysis reveals an epithelial-immune dual feature of tumor cells in nasopharyngeal carcinoma中要做接头与低质量序列修剪，需要哪些数据、用什么工具？	完成接头与低质量序列修剪需要数据：原始双端测序数据（R1）、原始双端测序数据（R2）；推荐工具 trim_galore。图谱中项目 Single-cell RNA analysis reveals an epithelial-immune dual feature of tumor cells in nasopharyngeal carcinoma 的 HRA000087（癌种：Nasopharynx Carcinoma）存在这些数据，共 3106 个匹配文件（文件引用已脱敏）。	["RAW_PAIRED_END_R1_FASTQ", "RAW_PAIRED_END_R2_FASTQ"]	[]	["接头与低质量序列修剪"]	["bulk_RNA"]		[{"semantic_format": "RAW_PAIRED_END_R1_FASTQ", "data_desc": "原始双端测序数据（R1）", "count": 1553, "study": "HRA000087", "project_name": "Single-cell RNA analysis reveals an epithelial-immune dual feature of tumor cells in nasopharyngeal carcinoma", "tumor_subtype": "Nasopharynx Carcinoma"}, {"semantic_format": "RAW_PAIRED_END_R2_FASTQ", "data_desc": "原始双端测序数据（R2）", "count": 1553, "study": "HRA000087", "project_name": "Single-cell RNA analysis reveals an epithelial-immune dual feature of tumor cells in nasopharyngeal carcinoma", "tumor_subtype": "Nasopharynx Carcinoma"}]
class300108	class3_data_tool_recommend	single_tool	RNA序列比对	T005	star	HRA000087	Single-cell RNA analysis reveals an epithelial-immune dual feature of tumor cells in nasopharyngeal carcinoma	Nasopharynx Carcinoma	目标是RNA序列比对，应该选择什么数据和什么工具？	完成RNA序列比对需要数据：原始双端测序数据（R1）、原始双端测序数据（R2）；推荐工具 star（另需公共参考资源：参考基因组 FASTA）。图谱中项目 Single-cell RNA analysis reveals an epithelial-immune dual feature of tumor cells in nasopharyngeal carcinoma 的 HRA000087（癌种：Nasopharynx Carcinoma）存在这些数据，共 3106 个匹配文件（文件引用已脱敏）。	["RAW_PAIRED_END_R1_FASTQ", "RAW_PAIRED_END_R2_FASTQ"]	["REFERENCE_GENOME_FASTA"]	["RNA序列比对"]	["bulk_RNA"]		[{"semantic_format": "RAW_PAIRED_END_R1_FASTQ", "data_desc": "原始双端测序数据（R1）", "count": 1553, "study": "HRA000087", "project_name": "Single-cell RNA analysis reveals an epithelial-immune dual feature of tumor cells in nasopharyngeal carcinoma", "tumor_subtype": "Nasopharynx Carcinoma"}, {"semantic_format": "RAW_PAIRED_END_R2_FASTQ", "data_desc": "原始双端测序数据（R2）", "count": 1553, "study": "HRA000087", "project_name": "Single-cell RNA analysis reveals an epithelial-immune dual feature of tumor cells in nasopharyngeal carcinoma", "tumor_subtype": "Nasopharynx Carcinoma"}]
class300109	class3_data_tool_recommend	single_tool	DNA序列比对	T006	bwa	HRA000873	Whole  exome sequencing  of patients with CRC from the Changkang project	Colorectal Cancer	完成DNA序列比对需要的数据和工具分别是什么？	完成DNA序列比对需要数据：原始双端测序数据（R1）、原始双端测序数据（R2）；推荐工具 bwa（另需公共参考资源：参考基因组 FASTA）。图谱中项目 Whole  exome sequencing  of patients with CRC from the Changkang project 的 HRA000873（癌种：Colorectal Cancer）存在这些数据，共 4060 个匹配文件（文件引用已脱敏）。	["RAW_PAIRED_END_R1_FASTQ", "RAW_PAIRED_END_R2_FASTQ"]	["REFERENCE_GENOME_FASTA"]	["DNA序列比对"]	["WES"]		[{"semantic_format": "RAW_PAIRED_END_R1_FASTQ", "data_desc": "原始双端测序数据（R1）", "count": 2030, "study": "HRA000873", "project_name": "Whole  exome sequencing  of patients with CRC from the Changkang project", "tumor_subtype": "Colorectal Cancer"}, {"semantic_format": "RAW_PAIRED_END_R2_FASTQ", "data_desc": "原始双端测序数据（R2）", "count": 2030, "study": "HRA000873", "project_name": "Whole  exome sequencing  of patients with CRC from the Changkang project", "tumor_subtype": "Colorectal Cancer"}]
class300110	class3_data_tool_recommend	single_tool	比对后处理与去重	T007	samtools	HRA000073	Chinese Glioma Genome Altas (CGGA) - RNA-seq dataset (325)	Malignant Glioma	我想完成比对后处理与去重，需要什么数据、应该用什么工具？	完成比对后处理与去重需要数据：基因组比对 BAM 数据；推荐工具 samtools。图谱中项目 Chinese Glioma Genome Altas (CGGA) - RNA-seq dataset (325) 的 HRA000073（癌种：Malignant Glioma）存在这些数据，共 325 个匹配文件（文件引用已脱敏）。	["DNA_GENOMIC_ALIGNMENT_BAM"]	[]	["比对后处理与去重"]	["WES", "WGS", "bulk_RNA"]		[{"semantic_format": "RNA_TRANSCRIPTOME_ALIGNMENT_BAM", "data_desc": "转录组比对 BAM 数据", "count": 325, "study": "HRA000073", "project_name": "Chinese Glioma Genome Altas (CGGA) - RNA-seq dataset (325)", "tumor_subtype": "Malignant Glioma"}]
class300111	class3_data_tool_recommend	single_tool	体细胞变异检测	T008	gatk	HRA000873	Whole  exome sequencing  of patients with CRC from the Changkang project	Colorectal Cancer	要完成体细胞变异检测，需要准备哪些数据、推荐哪个工具？	完成体细胞变异检测需要数据：基因组比对 BAM 数据；推荐工具 gatk（另需公共参考资源：参考基因组 FASTA、目标区间列表）。图谱中项目 Whole  exome sequencing  of patients with CRC from the Changkang project 的 HRA000873（癌种：Colorectal Cancer）存在这些数据，共 2030 个匹配文件（文件引用已脱敏）。	["DNA_GENOMIC_ALIGNMENT_BAM"]	["REFERENCE_GENOME_FASTA", "TARGET_INTERVAL_LIST"]	["体细胞变异检测", "变异质量校正"]	["WES"]		[{"semantic_format": "DNA_ALIGNMENT_BQSR_BAM", "data_desc": "碱基质量校正后的比对 BAM 数据", "count": 2030, "study": "HRA000873", "project_name": "Whole  exome sequencing  of patients with CRC from the Changkang project", "tumor_subtype": "Colorectal Cancer"}]
class300112	class3_data_tool_recommend	single_tool	变异过滤与处理	T009	bcftools	HRA006499	Pharmacogenomic profiling of intra-tumor heterogeneity by a large organoid biobank of liver cancer	Liver Cancer	项目Pharmacogenomic profiling of intra-tumor heterogeneity by a large organoid biobank of liver cancer中要做变异过滤与处理，需要哪些数据、用什么工具？	完成变异过滤与处理需要数据：VCF 索引数据、变异 VCF 数据；推荐工具 bcftools（另需公共参考资源：参考基因组 FASTA）。图谱中项目 Pharmacogenomic profiling of intra-tumor heterogeneity by a large organoid biobank of liver cancer 的 HRA006499（癌种：Liver Cancer）存在这些数据，共 2028 个匹配文件（文件引用已脱敏）。	["DNA_VARIANT_INDEX_TBI", "DNA_VARIANT_VCF_GENERAL"]	["REFERENCE_GENOME_FASTA"]	["变异过滤与处理", "可视化与报告"]	["WES"]		[{"semantic_format": "DNA_VARIANT_INDEX_TBI", "data_desc": "VCF 索引数据", "count": 1014, "study": "HRA006499", "project_name": "Pharmacogenomic profiling of intra-tumor heterogeneity by a large organoid biobank of liver cancer", "tumor_subtype": "Liver Cancer"}, {"semantic_format": "DNA_VARIANT_VCF_GENERAL", "data_desc": "变异 VCF 数据", "count": 1014, "study": "HRA006499", "project_name": "Pharmacogenomic profiling of intra-tumor heterogeneity by a large organoid biobank of liver cancer", "tumor_subtype": "Liver Cancer"}]
class300113	class3_data_tool_recommend	single_tool	变异注释	T010	snpeff	HRA000873	Whole  exome sequencing  of patients with CRC from the Changkang project	Colorectal Cancer	目标是变异注释，应该选择什么数据和什么工具？	完成变异注释需要数据：变异 VCF 数据；推荐工具 snpeff（另需公共参考资源：参考基因组 FASTA）。图谱中项目 Whole  exome sequencing  of patients with CRC from the Changkang project 的 HRA000873（癌种：Colorectal Cancer）存在这些数据，共 3045 个匹配文件（文件引用已脱敏）。	["DNA_VARIANT_VCF_GENERAL"]	["REFERENCE_GENOME_FASTA"]	["变异注释", "可视化与报告"]	["WES", "WGS"]		[{"semantic_format": "DNA_VARIANT_VCF_GENERAL", "data_desc": "变异 VCF 数据", "count": 3045, "study": "HRA000873", "project_name": "Whole  exome sequencing  of patients with CRC from the Changkang project", "tumor_subtype": "Colorectal Cancer"}]
class300114	class3_data_tool_recommend	single_tool	表达定量	T011	rsem	HRA000122	Integrated Genomic Analyses Identify High-Risk Factors Associated with Poor Outcomes of T-ALL	Acute T cell leukemia	完成表达定量需要的数据和工具分别是什么？	完成表达定量需要数据：转录组比对 BAM 数据；推荐工具 rsem。图谱中项目 Integrated Genomic Analyses Identify High-Risk Factors Associated with Poor Outcomes of T-ALL 的 HRA000122（癌种：Acute T cell leukemia）存在这些数据，共 124 个匹配文件（文件引用已脱敏）。	["RNA_TRANSCRIPTOME_ALIGNMENT_BAM"]	[]	["表达定量"]	["bulk_RNA"]		[{"semantic_format": "RNA_TRANSCRIPTOME_ALIGNMENT_BAM", "data_desc": "转录组比对 BAM 数据", "count": 124, "study": "HRA000122", "project_name": "Integrated Genomic Analyses Identify High-Risk Factors Associated with Poor Outcomes of T-ALL", "tumor_subtype": "Acute T cell leukemia"}]
class300115	class3_data_tool_recommend	single_tool	表达定量	T012	featurecounts	HRA000122	Integrated Genomic Analyses Identify High-Risk Factors Associated with Poor Outcomes of T-ALL	Acute T cell leukemia	我想完成表达定量，需要什么数据、应该用什么工具？	完成表达定量需要数据：基因组比对 BAM 数据；推荐工具 featurecounts。图谱中项目 Integrated Genomic Analyses Identify High-Risk Factors Associated with Poor Outcomes of T-ALL 的 HRA000122（癌种：Acute T cell leukemia）存在这些数据，共 124 个匹配文件（文件引用已脱敏）。	["DNA_GENOMIC_ALIGNMENT_BAM"]	[]	["表达定量"]	["bulk_RNA"]		[{"semantic_format": "RNA_TRANSCRIPTOME_ALIGNMENT_BAM", "data_desc": "转录组比对 BAM 数据", "count": 124, "study": "HRA000122", "project_name": "Integrated Genomic Analyses Identify High-Risk Factors Associated with Poor Outcomes of T-ALL", "tumor_subtype": "Acute T cell leukemia"}]
class300116	class3_data_tool_recommend	single_tool	功能富集分析	T014	diff_expr_go	HRA000087	Single-cell RNA analysis reveals an epithelial-immune dual feature of tumor cells in nasopharyngeal carcinoma	Nasopharynx Carcinoma	要完成功能富集分析，需要准备哪些数据、推荐哪个工具？	完成功能富集分析需要数据：基因表达矩阵/表格数据；推荐工具 diff_expr_go。图谱中项目 Single-cell RNA analysis reveals an epithelial-immune dual feature of tumor cells in nasopharyngeal carcinoma 的 HRA000087（癌种：Nasopharynx Carcinoma）存在这些数据，共 9 个匹配文件（文件引用已脱敏）。	["TABULAR_BIO_DATA"]	[]	["功能富集分析", "差异表达分析"]	["bulk_RNA"]		[{"semantic_format": "TABULAR_BIO_DATA", "data_desc": "基因表达矩阵/表格数据", "count": 9, "study": "HRA000087", "project_name": "Single-cell RNA analysis reveals an epithelial-immune dual feature of tumor cells in nasopharyngeal carcinoma", "tumor_subtype": "Nasopharynx Carcinoma"}]
class300117	class3_data_tool_recommend	single_tool	功能富集分析	T015	diff_expr_kegg	HRA000087	Single-cell RNA analysis reveals an epithelial-immune dual feature of tumor cells in nasopharyngeal carcinoma	Nasopharynx Carcinoma	项目Single-cell RNA analysis reveals an epithelial-immune dual feature of tumor cells in nasopharyngeal carcinoma中要做功能富集分析，需要哪些数据、用什么工具？	完成功能富集分析需要数据：基因表达矩阵/表格数据；推荐工具 diff_expr_kegg。图谱中项目 Single-cell RNA analysis reveals an epithelial-immune dual feature of tumor cells in nasopharyngeal carcinoma 的 HRA000087（癌种：Nasopharynx Carcinoma）存在这些数据，共 9 个匹配文件（文件引用已脱敏）。	["TABULAR_BIO_DATA"]	[]	["功能富集分析", "差异表达分析"]	["bulk_RNA"]		[{"semantic_format": "TABULAR_BIO_DATA", "data_desc": "基因表达矩阵/表格数据", "count": 9, "study": "HRA000087", "project_name": "Single-cell RNA analysis reveals an epithelial-immune dual feature of tumor cells in nasopharyngeal carcinoma", "tumor_subtype": "Nasopharynx Carcinoma"}]
class300118	class3_data_tool_recommend	single_tool	突变景观与可视化	T016	driver_gene_gender_analysis	HRA001272	Integrated genomic and transcriptomic profiling dissects spatiotemporal evolution of metastatic hepatocellular carcinoma	Hepatocellular carcinoma	目标是突变景观与可视化，应该选择什么数据和什么工具？	完成突变景观与可视化需要数据：临床表型数据、体细胞突变 MAF 数据；推荐工具 driver_gene_gender_analysis。图谱中项目 Integrated genomic and transcriptomic profiling dissects spatiotemporal evolution of metastatic hepatocellular carcinoma 的 HRA001272（癌种：Hepatocellular carcinoma）存在这些数据，共 487 个匹配文件（文件引用已脱敏）。	["CLINICAL_DATA_EXCEL", "MUTATION_ANNOTATION_FORMAT_MAF"]	[]	["可视化与报告", "突变景观与可视化"]	["Clinical", "WES"]		[{"semantic_format": "CLINICAL_DATA_EXCEL", "data_desc": "临床表型数据", "count": 1, "study": "HRA001272", "project_name": "Integrated genomic and transcriptomic profiling dissects spatiotemporal evolution of metastatic hepatocellular carcinoma", "tumor_subtype": "Hepatocellular carcinoma"}, {"semantic_format": "MUTATION_ANNOTATION_FORMAT_MAF", "data_desc": "体细胞突变 MAF 数据", "count": 486, "study": "HRA001272", "project_name": "Integrated genomic and transcriptomic profiling dissects spatiotemporal evolution of metastatic hepatocellular carcinoma", "tumor_subtype": "Hepatocellular carcinoma"}]
class300119	class3_data_tool_recommend	single_tool	生存分析	T017	her2_pfs_survival	HRA000074	Chinese Glioma Genome Altas (CGGA) - RNA-seq dataset (693)	High grade glioma	完成生存分析需要的数据和工具分别是什么？	完成生存分析需要数据：临床表型数据、基因表达矩阵/表格数据；推荐工具 her2_pfs_survival。图谱中项目 Chinese Glioma Genome Altas (CGGA) - RNA-seq dataset (693) 的 HRA000074（癌种：High grade glioma）存在这些数据，共 4 个匹配文件（文件引用已脱敏）。	["CLINICAL_DATA_EXCEL", "TABULAR_BIO_DATA"]	[]	["可视化与报告", "生存分析"]	["Clinical", "bulk_RNA"]		[{"semantic_format": "CLINICAL_DATA_EXCEL", "data_desc": "临床表型数据", "count": 1, "study": "HRA000074", "project_name": "Chinese Glioma Genome Altas (CGGA) - RNA-seq dataset (693)", "tumor_subtype": "High grade glioma"}, {"semantic_format": "TABULAR_BIO_DATA", "data_desc": "基因表达矩阵/表格数据", "count": 3, "study": "HRA000074", "project_name": "Chinese Glioma Genome Altas (CGGA) - RNA-seq dataset (693)", "tumor_subtype": "High grade glioma"}]
class300120	class3_data_tool_recommend	single_tool	免疫浸润与微环境分析	T018	immune_infiltration_iobr	HRA000074	Chinese Glioma Genome Altas (CGGA) - RNA-seq dataset (693)	High grade glioma	我想完成免疫浸润与微环境分析，需要什么数据、应该用什么工具？	完成免疫浸润与微环境分析需要数据：临床表型数据、基因表达矩阵/表格数据；推荐工具 immune_infiltration_iobr。图谱中项目 Chinese Glioma Genome Altas (CGGA) - RNA-seq dataset (693) 的 HRA000074（癌种：High grade glioma）存在这些数据，共 4 个匹配文件（文件引用已脱敏）。	["CLINICAL_DATA_EXCEL", "TABULAR_BIO_DATA"]	[]	["免疫浸润与微环境分析", "可视化与报告"]	["Clinical", "bulk_RNA"]		[{"semantic_format": "CLINICAL_DATA_EXCEL", "data_desc": "临床表型数据", "count": 1, "study": "HRA000074", "project_name": "Chinese Glioma Genome Altas (CGGA) - RNA-seq dataset (693)", "tumor_subtype": "High grade glioma"}, {"semantic_format": "TABULAR_BIO_DATA", "data_desc": "基因表达矩阵/表格数据", "count": 3, "study": "HRA000074", "project_name": "Chinese Glioma Genome Altas (CGGA) - RNA-seq dataset (693)", "tumor_subtype": "High grade glioma"}]
class300121	class3_data_tool_recommend	single_tool	序列格式转换	T019	paired_fastq_to_unmapped_bam	HRA000873	Whole  exome sequencing  of patients with CRC from the Changkang project	Colorectal Cancer	要完成序列格式转换，需要准备哪些数据、推荐哪个工具？	完成序列格式转换需要数据：基因组比对 BAM 数据、原始双端测序数据（R1）、原始双端测序数据（R2）；推荐工具 paired_fastq_to_unmapped_bam。图谱中项目 Whole  exome sequencing  of patients with CRC from the Changkang project 的 HRA000873（癌种：Colorectal Cancer）存在这些数据，共 6090 个匹配文件（文件引用已脱敏）。	["DNA_GENOMIC_ALIGNMENT_BAM", "RAW_PAIRED_END_R1_FASTQ", "RAW_PAIRED_END_R2_FASTQ"]	[]	["序列格式转换"]	["WES"]		[{"semantic_format": "DNA_ALIGNMENT_BQSR_BAM", "data_desc": "碱基质量校正后的比对 BAM 数据", "count": 2030, "study": "HRA000873", "project_name": "Whole  exome sequencing  of patients with CRC from the Changkang project", "tumor_subtype": "Colorectal Cancer"}, {"semantic_format": "RAW_PAIRED_END_R1_FASTQ", "data_desc": "原始双端测序数据（R1）", "count": 2030, "study": "HRA000873", "project_name": "Whole  exome sequencing  of patients with CRC from the Changkang project", "tumor_subtype": "Colorectal Cancer"}, {"semantic_format": "RAW_PAIRED_END_R2_FASTQ", "data_desc": "原始双端测序数据（R2）", "count": 2030, "study": "HRA000873", "project_name": "Whole  exome sequencing  of patients with CRC from the Changkang project", "tumor_subtype": "Colorectal Cancer"}]
class300122	class3_data_tool_recommend	single_tool	无监督聚类分析	T020	rnaseq_unsupervised_cluster	HRA000087	Single-cell RNA analysis reveals an epithelial-immune dual feature of tumor cells in nasopharyngeal carcinoma	Nasopharynx Carcinoma	项目Single-cell RNA analysis reveals an epithelial-immune dual feature of tumor cells in nasopharyngeal carcinoma中要做无监督聚类分析，需要哪些数据、用什么工具？	完成无监督聚类分析需要数据：基因表达矩阵/表格数据；推荐工具 rnaseq_unsupervised_cluster。图谱中项目 Single-cell RNA analysis reveals an epithelial-immune dual feature of tumor cells in nasopharyngeal carcinoma 的 HRA000087（癌种：Nasopharynx Carcinoma）存在这些数据，共 9 个匹配文件（文件引用已脱敏）。	["TABULAR_BIO_DATA"]	[]	["可视化与报告", "无监督聚类分析"]	["bulk_RNA"]		[{"semantic_format": "TABULAR_BIO_DATA", "data_desc": "基因表达矩阵/表格数据", "count": 9, "study": "HRA000087", "project_name": "Single-cell RNA analysis reveals an epithelial-immune dual feature of tumor cells in nasopharyngeal carcinoma", "tumor_subtype": "Nasopharynx Carcinoma"}]
class300123	class3_data_tool_recommend	single_tool	生存分析	T021	survival_analysis	HRA001272	Integrated genomic and transcriptomic profiling dissects spatiotemporal evolution of metastatic hepatocellular carcinoma	Hepatocellular carcinoma	目标是生存分析，应该选择什么数据和什么工具？	完成生存分析需要数据：临床表型数据、体细胞突变 MAF 数据；推荐工具 survival_analysis。图谱中项目 Integrated genomic and transcriptomic profiling dissects spatiotemporal evolution of metastatic hepatocellular carcinoma 的 HRA001272（癌种：Hepatocellular carcinoma）存在这些数据，共 487 个匹配文件（文件引用已脱敏）。	["CLINICAL_DATA_EXCEL", "MUTATION_ANNOTATION_FORMAT_MAF"]	[]	["生存分析"]	["Clinical", "WES"]		[{"semantic_format": "CLINICAL_DATA_EXCEL", "data_desc": "临床表型数据", "count": 1, "study": "HRA001272", "project_name": "Integrated genomic and transcriptomic profiling dissects spatiotemporal evolution of metastatic hepatocellular carcinoma", "tumor_subtype": "Hepatocellular carcinoma"}, {"semantic_format": "MUTATION_ANNOTATION_FORMAT_MAF", "data_desc": "体细胞突变 MAF 数据", "count": 486, "study": "HRA001272", "project_name": "Integrated genomic and transcriptomic profiling dissects spatiotemporal evolution of metastatic hepatocellular carcinoma", "tumor_subtype": "Hepatocellular carcinoma"}]
class300124	class3_data_tool_recommend	single_tool	生存分析	T022	tmb_survival_analysis	HRA001272	Integrated genomic and transcriptomic profiling dissects spatiotemporal evolution of metastatic hepatocellular carcinoma	Hepatocellular carcinoma	完成生存分析需要的数据和工具分别是什么？	完成生存分析需要数据：临床表型数据、体细胞突变 MAF 数据；推荐工具 tmb_survival_analysis。图谱中项目 Integrated genomic and transcriptomic profiling dissects spatiotemporal evolution of metastatic hepatocellular carcinoma 的 HRA001272（癌种：Hepatocellular carcinoma）存在这些数据，共 487 个匹配文件（文件引用已脱敏）。	["CLINICAL_DATA_EXCEL", "MUTATION_ANNOTATION_FORMAT_MAF"]	[]	["生存分析", "突变景观与可视化"]	["Clinical", "WES"]		[{"semantic_format": "CLINICAL_DATA_EXCEL", "data_desc": "临床表型数据", "count": 1, "study": "HRA001272", "project_name": "Integrated genomic and transcriptomic profiling dissects spatiotemporal evolution of metastatic hepatocellular carcinoma", "tumor_subtype": "Hepatocellular carcinoma"}, {"semantic_format": "MUTATION_ANNOTATION_FORMAT_MAF", "data_desc": "体细胞突变 MAF 数据", "count": 486, "study": "HRA001272", "project_name": "Integrated genomic and transcriptomic profiling dissects spatiotemporal evolution of metastatic hepatocellular carcinoma", "tumor_subtype": "Hepatocellular carcinoma"}]
class300125	class3_data_tool_recommend	single_tool	突变景观与可视化	T023	wes_somatic_maf_landscape	HRA001272	Integrated genomic and transcriptomic profiling dissects spatiotemporal evolution of metastatic hepatocellular carcinoma	Hepatocellular carcinoma	我想完成突变景观与可视化，需要什么数据、应该用什么工具？	完成突变景观与可视化需要数据：体细胞突变 MAF 数据；推荐工具 wes_somatic_maf_landscape。图谱中项目 Integrated genomic and transcriptomic profiling dissects spatiotemporal evolution of metastatic hepatocellular carcinoma 的 HRA001272（癌种：Hepatocellular carcinoma）存在这些数据，共 486 个匹配文件（文件引用已脱敏）。	["MUTATION_ANNOTATION_FORMAT_MAF"]	[]	["突变景观与可视化"]	["WES"]		[{"semantic_format": "MUTATION_ANNOTATION_FORMAT_MAF", "data_desc": "体细胞突变 MAF 数据", "count": 486, "study": "HRA001272", "project_name": "Integrated genomic and transcriptomic profiling dissects spatiotemporal evolution of metastatic hepatocellular carcinoma", "tumor_subtype": "Hepatocellular carcinoma"}]
class300126	class3_data_tool_recommend	single_tool	共表达网络分析	T024	wgcna	HRA000074	Chinese Glioma Genome Altas (CGGA) - RNA-seq dataset (693)	High grade glioma	要完成共表达网络分析，需要准备哪些数据、推荐哪个工具？	完成共表达网络分析需要数据：临床表型数据、基因表达矩阵/表格数据；推荐工具 wgcna。图谱中项目 Chinese Glioma Genome Altas (CGGA) - RNA-seq dataset (693) 的 HRA000074（癌种：High grade glioma）存在这些数据，共 4 个匹配文件（文件引用已脱敏）。	["CLINICAL_DATA_EXCEL", "TABULAR_BIO_DATA"]	[]	["共表达网络分析"]	["Clinical", "bulk_RNA"]		[{"semantic_format": "CLINICAL_DATA_EXCEL", "data_desc": "临床表型数据", "count": 1, "study": "HRA000074", "project_name": "Chinese Glioma Genome Altas (CGGA) - RNA-seq dataset (693)", "tumor_subtype": "High grade glioma"}, {"semantic_format": "TABULAR_BIO_DATA", "data_desc": "基因表达矩阵/表格数据", "count": 3, "study": "HRA000074", "project_name": "Chinese Glioma Genome Altas (CGGA) - RNA-seq dataset (693)", "tumor_subtype": "High grade glioma"}]
class300127	class3_data_tool_recommend	single_tool	细胞通讯分析	T026	breast_cellchat	HRA005191	Immune Correlates of Response and Resistance to Neoadjuvant Chemo-immunotherapy in Non-small Cell Lung Cancer	Non-small cell lung carcinoma	项目Immune Correlates of Response and Resistance to Neoadjuvant Chemo-immunotherapy in Non-small Cell Lung Cancer中要做细胞通讯分析，需要哪些数据、用什么工具？	完成细胞通讯分析需要数据：单细胞分析对象（RDS）数据；推荐工具 breast_cellchat（另需公共参考资源：参考基因组 FASTA）。图谱中项目 Immune Correlates of Response and Resistance to Neoadjuvant Chemo-immunotherapy in Non-small Cell Lung Cancer 的 HRA005191（癌种：Non-small cell lung carcinoma）存在这些数据，共 250 个匹配文件（文件引用已脱敏）。	["SCRNA_OBJECT_RDS"]	["REFERENCE_GENOME_FASTA"]	["细胞通讯分析"]	["bulk_RNA", "sc-RNA"]		[{"semantic_format": "BIO_DATA_CONTAINER_OBJECT", "data_desc": "单细胞/复杂分析对象数据", "count": 6, "study": "HRA005191", "project_name": "Immune Correlates of Response and Resistance to Neoadjuvant Chemo-immunotherapy in Non-small Cell Lung Cancer", "tumor_subtype": "Non-small cell lung carcinoma"}, {"semantic_format": "SCRNA_MATRIX_H5", "data_desc": "单细胞表达矩阵 H5 数据", "count": 243, "study": "HRA005191", "project_name": "Immune Correlates of Response and Resistance to Neoadjuvant Chemo-immunotherapy in Non-small Cell Lung Cancer", "tumor_subtype": "Non-small cell lung carcinoma"}, {"semantic_format": "SCRNA_MATRIX_H5_ZIP", "data_desc": "单细胞表达矩阵压缩包数据", "count": 1, "study": "HRA005191", "project_name": "Immune Correlates of Response and Resistance to Neoadjuvant Chemo-immunotherapy in Non-small Cell Lung Cancer", "tumor_subtype": "Non-small cell lung carcinoma"}]
class300128	class3_data_tool_recommend	single_tool	差异表达分析	T027	celltype_case_control_de	HRA005191	Immune Correlates of Response and Resistance to Neoadjuvant Chemo-immunotherapy in Non-small Cell Lung Cancer	Non-small cell lung carcinoma	目标是差异表达分析，应该选择什么数据和什么工具？	完成差异表达分析需要数据：单细胞分析对象（RDS）数据、基因表达矩阵/表格数据；推荐工具 celltype_case_control_de（另需公共参考资源：参考基因组 FASTA）。图谱中项目 Immune Correlates of Response and Resistance to Neoadjuvant Chemo-immunotherapy in Non-small Cell Lung Cancer 的 HRA005191（癌种：Non-small cell lung carcinoma）存在这些数据，共 268 个匹配文件（文件引用已脱敏）。	["SCRNA_OBJECT_RDS", "TABULAR_BIO_DATA"]	["REFERENCE_GENOME_FASTA"]	["差异表达分析"]	["bulk_RNA", "sc-RNA"]		[{"semantic_format": "BIO_DATA_CONTAINER_OBJECT", "data_desc": "单细胞/复杂分析对象数据", "count": 6, "study": "HRA005191", "project_name": "Immune Correlates of Response and Resistance to Neoadjuvant Chemo-immunotherapy in Non-small Cell Lung Cancer", "tumor_subtype": "Non-small cell lung carcinoma"}, {"semantic_format": "SCRNA_MATRIX_H5", "data_desc": "单细胞表达矩阵 H5 数据", "count": 243, "study": "HRA005191", "project_name": "Immune Correlates of Response and Resistance to Neoadjuvant Chemo-immunotherapy in Non-small Cell Lung Cancer", "tumor_subtype": "Non-small cell lung carcinoma"}, {"semantic_format": "SCRNA_MATRIX_H5_ZIP", "data_desc": "单细胞表达矩阵压缩包数据", "count": 1, "study": "HRA005191", "project_name": "Immune Correlates of Response and Resistance to Neoadjuvant Chemo-immunotherapy in Non-small Cell Lung Cancer", "tumor_subtype": "Non-small cell lung carcinoma"}, {"semantic_format": "TABULAR_BIO_DATA", "data_desc": "基因表达矩阵/表格数据", "count": 18, "study": "HRA005191", "project_name": "Immune Correlates of Response and Resistance to Neoadjuvant Chemo-immunotherapy in Non-small Cell Lung Cancer", "tumor_subtype": "Non-small cell lung carcinoma"}]
class300129	class3_data_tool_recommend	single_tool	拷贝数变异分析	T028	cnvkit_cnv_clinical	HRA000073	Chinese Glioma Genome Altas (CGGA) - RNA-seq dataset (325)	Malignant Glioma	完成拷贝数变异分析需要的数据和工具分别是什么？	完成拷贝数变异分析需要数据：基因组比对 BAM 数据；推荐工具 cnvkit_cnv_clinical。图谱中项目 Chinese Glioma Genome Altas (CGGA) - RNA-seq dataset (325) 的 HRA000073（癌种：Malignant Glioma）存在这些数据，共 325 个匹配文件（文件引用已脱敏）。	["DNA_GENOMIC_ALIGNMENT_BAM"]	[]	["可视化与报告", "拷贝数变异分析"]	["Clinical", "WES", "WGS"]		[{"semantic_format": "RNA_TRANSCRIPTOME_ALIGNMENT_BAM", "data_desc": "转录组比对 BAM 数据", "count": 325, "study": "HRA000073", "project_name": "Chinese Glioma Genome Altas (CGGA) - RNA-seq dataset (325)", "tumor_subtype": "Malignant Glioma"}]
class300130	class3_data_tool_recommend	single_tool	生存分析	T029	cox_model	HRA000074	Chinese Glioma Genome Altas (CGGA) - RNA-seq dataset (693)	High grade glioma	我想完成生存分析，需要什么数据、应该用什么工具？	完成生存分析需要数据：临床表型数据、样本元数据、基因表达矩阵/表格数据；推荐工具 cox_model。图谱中项目 Chinese Glioma Genome Altas (CGGA) - RNA-seq dataset (693) 的 HRA000074（癌种：High grade glioma）存在这些数据，共 5 个匹配文件（文件引用已脱敏）。	["CLINICAL_DATA_EXCEL", "METADATA_SAMPLE_INFO", "TABULAR_BIO_DATA"]	[]	["生存分析"]	["Clinical", "bulk_RNA"]		[{"semantic_format": "CLINICAL_DATA_EXCEL", "data_desc": "临床表型数据", "count": 1, "study": "HRA000074", "project_name": "Chinese Glioma Genome Altas (CGGA) - RNA-seq dataset (693)", "tumor_subtype": "High grade glioma"}, {"semantic_format": "METADATA_SAMPLE_INFO", "data_desc": "样本元数据", "count": 1, "study": "HRA000074", "project_name": "Chinese Glioma Genome Altas (CGGA) - RNA-seq dataset (693)", "tumor_subtype": "High grade glioma"}, {"semantic_format": "TABULAR_BIO_DATA", "data_desc": "基因表达矩阵/表格数据", "count": 3, "study": "HRA000074", "project_name": "Chinese Glioma Genome Altas (CGGA) - RNA-seq dataset (693)", "tumor_subtype": "High grade glioma"}]
class300131	class3_data_tool_recommend	single_tool	单细胞下游分析	T030	dataset_downstream	HRA005191	Immune Correlates of Response and Resistance to Neoadjuvant Chemo-immunotherapy in Non-small Cell Lung Cancer	Non-small cell lung carcinoma	要完成单细胞下游分析，需要准备哪些数据、推荐哪个工具？	完成单细胞下游分析需要数据：单细胞分析对象（RDS）数据、基因表达矩阵/表格数据；推荐工具 dataset_downstream（另需公共参考资源：参考基因组 FASTA）。图谱中项目 Immune Correlates of Response and Resistance to Neoadjuvant Chemo-immunotherapy in Non-small Cell Lung Cancer 的 HRA005191（癌种：Non-small cell lung carcinoma）存在这些数据，共 268 个匹配文件（文件引用已脱敏）。	["SCRNA_OBJECT_RDS", "TABULAR_BIO_DATA"]	["REFERENCE_GENOME_FASTA"]	["单细胞下游分析", "差异表达分析"]	["sc-RNA"]		[{"semantic_format": "BIO_DATA_CONTAINER_OBJECT", "data_desc": "单细胞/复杂分析对象数据", "count": 6, "study": "HRA005191", "project_name": "Immune Correlates of Response and Resistance to Neoadjuvant Chemo-immunotherapy in Non-small Cell Lung Cancer", "tumor_subtype": "Non-small cell lung carcinoma"}, {"semantic_format": "SCRNA_MATRIX_H5", "data_desc": "单细胞表达矩阵 H5 数据", "count": 243, "study": "HRA005191", "project_name": "Immune Correlates of Response and Resistance to Neoadjuvant Chemo-immunotherapy in Non-small Cell Lung Cancer", "tumor_subtype": "Non-small cell lung carcinoma"}, {"semantic_format": "SCRNA_MATRIX_H5_ZIP", "data_desc": "单细胞表达矩阵压缩包数据", "count": 1, "study": "HRA005191", "project_name": "Immune Correlates of Response and Resistance to Neoadjuvant Chemo-immunotherapy in Non-small Cell Lung Cancer", "tumor_subtype": "Non-small cell lung carcinoma"}, {"semantic_format": "TABULAR_BIO_DATA", "data_desc": "基因表达矩阵/表格数据", "count": 18, "study": "HRA005191", "project_name": "Immune Correlates of Response and Resistance to Neoadjuvant Chemo-immunotherapy in Non-small Cell Lung Cancer", "tumor_subtype": "Non-small cell lung carcinoma"}]
class300132	class3_data_tool_recommend	single_tool	单细胞下游分析	T031	dataset_matrix_annotation	HRA005191	Immune Correlates of Response and Resistance to Neoadjuvant Chemo-immunotherapy in Non-small Cell Lung Cancer	Non-small cell lung carcinoma	项目Immune Correlates of Response and Resistance to Neoadjuvant Chemo-immunotherapy in Non-small Cell Lung Cancer中要做单细胞下游分析，需要哪些数据、用什么工具？	完成单细胞下游分析需要数据：单细胞分析对象（RDS）数据、基因表达矩阵/表格数据；推荐工具 dataset_matrix_annotation（另需公共参考资源：参考基因组 FASTA）。图谱中项目 Immune Correlates of Response and Resistance to Neoadjuvant Chemo-immunotherapy in Non-small Cell Lung Cancer 的 HRA005191（癌种：Non-small cell lung carcinoma）存在这些数据，共 268 个匹配文件（文件引用已脱敏）。	["SCRNA_OBJECT_RDS", "TABULAR_BIO_DATA"]	["REFERENCE_GENOME_FASTA"]	["单细胞下游分析"]	["sc-RNA"]		[{"semantic_format": "BIO_DATA_CONTAINER_OBJECT", "data_desc": "单细胞/复杂分析对象数据", "count": 6, "study": "HRA005191", "project_name": "Immune Correlates of Response and Resistance to Neoadjuvant Chemo-immunotherapy in Non-small Cell Lung Cancer", "tumor_subtype": "Non-small cell lung carcinoma"}, {"semantic_format": "SCRNA_MATRIX_H5", "data_desc": "单细胞表达矩阵 H5 数据", "count": 243, "study": "HRA005191", "project_name": "Immune Correlates of Response and Resistance to Neoadjuvant Chemo-immunotherapy in Non-small Cell Lung Cancer", "tumor_subtype": "Non-small cell lung carcinoma"}, {"semantic_format": "SCRNA_MATRIX_H5_ZIP", "data_desc": "单细胞表达矩阵压缩包数据", "count": 1, "study": "HRA005191", "project_name": "Immune Correlates of Response and Resistance to Neoadjuvant Chemo-immunotherapy in Non-small Cell Lung Cancer", "tumor_subtype": "Non-small cell lung carcinoma"}, {"semantic_format": "TABULAR_BIO_DATA", "data_desc": "基因表达矩阵/表格数据", "count": 18, "study": "HRA005191", "project_name": "Immune Correlates of Response and Resistance to Neoadjuvant Chemo-immunotherapy in Non-small Cell Lung Cancer", "tumor_subtype": "Non-small cell lung carcinoma"}]
class300133	class3_data_tool_recommend	single_tool	功能富集分析	T032	de_enrichment	HRA000074	Chinese Glioma Genome Altas (CGGA) - RNA-seq dataset (693)	High grade glioma	目标是功能富集分析，应该选择什么数据和什么工具？	完成功能富集分析需要数据：临床表型数据、样本元数据、基因表达矩阵/表格数据；推荐工具 de_enrichment。图谱中项目 Chinese Glioma Genome Altas (CGGA) - RNA-seq dataset (693) 的 HRA000074（癌种：High grade glioma）存在这些数据，共 5 个匹配文件（文件引用已脱敏）。	["CLINICAL_DATA_EXCEL", "METADATA_SAMPLE_INFO", "TABULAR_BIO_DATA"]	[]	["功能富集分析", "可视化与报告", "差异表达分析"]	["Clinical", "bulk_RNA"]		[{"semantic_format": "CLINICAL_DATA_EXCEL", "data_desc": "临床表型数据", "count": 1, "study": "HRA000074", "project_name": "Chinese Glioma Genome Altas (CGGA) - RNA-seq dataset (693)", "tumor_subtype": "High grade glioma"}, {"semantic_format": "METADATA_SAMPLE_INFO", "data_desc": "样本元数据", "count": 1, "study": "HRA000074", "project_name": "Chinese Glioma Genome Altas (CGGA) - RNA-seq dataset (693)", "tumor_subtype": "High grade glioma"}, {"semantic_format": "TABULAR_BIO_DATA", "data_desc": "基因表达矩阵/表格数据", "count": 3, "study": "HRA000074", "project_name": "Chinese Glioma Genome Altas (CGGA) - RNA-seq dataset (693)", "tumor_subtype": "High grade glioma"}]
class300134	class3_data_tool_recommend	single_tool	功能富集分析	T033	deg_enrichment	HRA000074	Chinese Glioma Genome Altas (CGGA) - RNA-seq dataset (693)	High grade glioma	完成功能富集分析需要的数据和工具分别是什么？	完成功能富集分析需要数据：临床表型数据、样本元数据、基因表达矩阵/表格数据；推荐工具 deg_enrichment。图谱中项目 Chinese Glioma Genome Altas (CGGA) - RNA-seq dataset (693) 的 HRA000074（癌种：High grade glioma）存在这些数据，共 5 个匹配文件（文件引用已脱敏）。	["CLINICAL_DATA_EXCEL", "METADATA_SAMPLE_INFO", "TABULAR_BIO_DATA"]	[]	["功能富集分析", "差异表达分析"]	["Clinical", "bulk_RNA"]		[{"semantic_format": "CLINICAL_DATA_EXCEL", "data_desc": "临床表型数据", "count": 1, "study": "HRA000074", "project_name": "Chinese Glioma Genome Altas (CGGA) - RNA-seq dataset (693)", "tumor_subtype": "High grade glioma"}, {"semantic_format": "METADATA_SAMPLE_INFO", "data_desc": "样本元数据", "count": 1, "study": "HRA000074", "project_name": "Chinese Glioma Genome Altas (CGGA) - RNA-seq dataset (693)", "tumor_subtype": "High grade glioma"}, {"semantic_format": "TABULAR_BIO_DATA", "data_desc": "基因表达矩阵/表格数据", "count": 3, "study": "HRA000074", "project_name": "Chinese Glioma Genome Altas (CGGA) - RNA-seq dataset (693)", "tumor_subtype": "High grade glioma"}]
class300135	class3_data_tool_recommend	single_tool	差异表达分析	T034	deg_trend	HRA000074	Chinese Glioma Genome Altas (CGGA) - RNA-seq dataset (693)	High grade glioma	我想完成差异表达分析，需要什么数据、应该用什么工具？	完成差异表达分析需要数据：临床表型数据、样本元数据、基因表达矩阵/表格数据；推荐工具 deg_trend。图谱中项目 Chinese Glioma Genome Altas (CGGA) - RNA-seq dataset (693) 的 HRA000074（癌种：High grade glioma）存在这些数据，共 5 个匹配文件（文件引用已脱敏）。	["CLINICAL_DATA_EXCEL", "METADATA_SAMPLE_INFO", "TABULAR_BIO_DATA"]	[]	["可视化与报告", "差异表达分析"]	["Clinical", "bulk_RNA"]		[{"semantic_format": "CLINICAL_DATA_EXCEL", "data_desc": "临床表型数据", "count": 1, "study": "HRA000074", "project_name": "Chinese Glioma Genome Altas (CGGA) - RNA-seq dataset (693)", "tumor_subtype": "High grade glioma"}, {"semantic_format": "METADATA_SAMPLE_INFO", "data_desc": "样本元数据", "count": 1, "study": "HRA000074", "project_name": "Chinese Glioma Genome Altas (CGGA) - RNA-seq dataset (693)", "tumor_subtype": "High grade glioma"}, {"semantic_format": "TABULAR_BIO_DATA", "data_desc": "基因表达矩阵/表格数据", "count": 3, "study": "HRA000074", "project_name": "Chinese Glioma Genome Altas (CGGA) - RNA-seq dataset (693)", "tumor_subtype": "High grade glioma"}]
class300136	class3_data_tool_recommend	single_tool	可视化与报告	T035	gene_boxplot	HRA000074	Chinese Glioma Genome Altas (CGGA) - RNA-seq dataset (693)	High grade glioma	要完成可视化与报告，需要准备哪些数据、推荐哪个工具？	完成可视化与报告需要数据：临床表型数据、样本元数据、基因表达矩阵/表格数据；推荐工具 gene_boxplot。图谱中项目 Chinese Glioma Genome Altas (CGGA) - RNA-seq dataset (693) 的 HRA000074（癌种：High grade glioma）存在这些数据，共 5 个匹配文件（文件引用已脱敏）。	["CLINICAL_DATA_EXCEL", "METADATA_SAMPLE_INFO", "TABULAR_BIO_DATA"]	[]	["可视化与报告"]	["Clinical", "bulk_RNA"]		[{"semantic_format": "CLINICAL_DATA_EXCEL", "data_desc": "临床表型数据", "count": 1, "study": "HRA000074", "project_name": "Chinese Glioma Genome Altas (CGGA) - RNA-seq dataset (693)", "tumor_subtype": "High grade glioma"}, {"semantic_format": "METADATA_SAMPLE_INFO", "data_desc": "样本元数据", "count": 1, "study": "HRA000074", "project_name": "Chinese Glioma Genome Altas (CGGA) - RNA-seq dataset (693)", "tumor_subtype": "High grade glioma"}, {"semantic_format": "TABULAR_BIO_DATA", "data_desc": "基因表达矩阵/表格数据", "count": 3, "study": "HRA000074", "project_name": "Chinese Glioma Genome Altas (CGGA) - RNA-seq dataset (693)", "tumor_subtype": "High grade glioma"}]
class300137	class3_data_tool_recommend	single_tool	功能富集分析	T036	gsea_pathway_enrichment	HRA000074	Chinese Glioma Genome Altas (CGGA) - RNA-seq dataset (693)	High grade glioma	项目Chinese Glioma Genome Altas (CGGA) - RNA-seq dataset (693)中要做功能富集分析，需要哪些数据、用什么工具？	完成功能富集分析需要数据：基因表达矩阵/表格数据；推荐工具 gsea_pathway_enrichment。图谱中项目 Chinese Glioma Genome Altas (CGGA) - RNA-seq dataset (693) 的 HRA000074（癌种：High grade glioma）存在这些数据，共 3 个匹配文件（文件引用已脱敏）。	["TABULAR_BIO_DATA"]	[]	["功能富集分析"]	["Clinical", "bulk_RNA"]		[{"semantic_format": "TABULAR_BIO_DATA", "data_desc": "基因表达矩阵/表格数据", "count": 3, "study": "HRA000074", "project_name": "Chinese Glioma Genome Altas (CGGA) - RNA-seq dataset (693)", "tumor_subtype": "High grade glioma"}]
class300138	class3_data_tool_recommend	single_tool	细胞通讯分析	T038	immunotherapy_cellchat	HRA005191	Immune Correlates of Response and Resistance to Neoadjuvant Chemo-immunotherapy in Non-small Cell Lung Cancer	Non-small cell lung carcinoma	目标是细胞通讯分析，应该选择什么数据和什么工具？	完成细胞通讯分析需要数据：单细胞分析对象（RDS）数据；推荐工具 immunotherapy_cellchat（另需公共参考资源：参考基因组 FASTA）。图谱中项目 Immune Correlates of Response and Resistance to Neoadjuvant Chemo-immunotherapy in Non-small Cell Lung Cancer 的 HRA005191（癌种：Non-small cell lung carcinoma）存在这些数据，共 250 个匹配文件（文件引用已脱敏）。	["SCRNA_OBJECT_RDS"]	["REFERENCE_GENOME_FASTA"]	["细胞通讯分析"]	["sc-RNA"]		[{"semantic_format": "BIO_DATA_CONTAINER_OBJECT", "data_desc": "单细胞/复杂分析对象数据", "count": 6, "study": "HRA005191", "project_name": "Immune Correlates of Response and Resistance to Neoadjuvant Chemo-immunotherapy in Non-small Cell Lung Cancer", "tumor_subtype": "Non-small cell lung carcinoma"}, {"semantic_format": "SCRNA_MATRIX_H5", "data_desc": "单细胞表达矩阵 H5 数据", "count": 243, "study": "HRA005191", "project_name": "Immune Correlates of Response and Resistance to Neoadjuvant Chemo-immunotherapy in Non-small Cell Lung Cancer", "tumor_subtype": "Non-small cell lung carcinoma"}, {"semantic_format": "SCRNA_MATRIX_H5_ZIP", "data_desc": "单细胞表达矩阵压缩包数据", "count": 1, "study": "HRA005191", "project_name": "Immune Correlates of Response and Resistance to Neoadjuvant Chemo-immunotherapy in Non-small Cell Lung Cancer", "tumor_subtype": "Non-small cell lung carcinoma"}]
class300139	class3_data_tool_recommend	single_tool	单细胞下游分析	T039	ipf_trajectory_regulon	HRA005191	Immune Correlates of Response and Resistance to Neoadjuvant Chemo-immunotherapy in Non-small Cell Lung Cancer	Non-small cell lung carcinoma	完成单细胞下游分析需要的数据和工具分别是什么？	完成单细胞下游分析需要数据：样本元数据、单细胞分析对象（RDS）数据；推荐工具 ipf_trajectory_regulon（另需公共参考资源：参考基因组 FASTA）。图谱中项目 Immune Correlates of Response and Resistance to Neoadjuvant Chemo-immunotherapy in Non-small Cell Lung Cancer 的 HRA005191（癌种：Non-small cell lung carcinoma）存在这些数据，共 252 个匹配文件（文件引用已脱敏）。	["METADATA_SAMPLE_INFO", "SCRNA_OBJECT_RDS"]	["REFERENCE_GENOME_FASTA"]	["单细胞下游分析", "轨迹推断"]	["bulk_RNA", "sc-RNA"]		[{"semantic_format": "METADATA_SAMPLE_INFO", "data_desc": "样本元数据", "count": 2, "study": "HRA005191", "project_name": "Immune Correlates of Response and Resistance to Neoadjuvant Chemo-immunotherapy in Non-small Cell Lung Cancer", "tumor_subtype": "Non-small cell lung carcinoma"}, {"semantic_format": "BIO_DATA_CONTAINER_OBJECT", "data_desc": "单细胞/复杂分析对象数据", "count": 6, "study": "HRA005191", "project_name": "Immune Correlates of Response and Resistance to Neoadjuvant Chemo-immunotherapy in Non-small Cell Lung Cancer", "tumor_subtype": "Non-small cell lung carcinoma"}, {"semantic_format": "SCRNA_MATRIX_H5", "data_desc": "单细胞表达矩阵 H5 数据", "count": 243, "study": "HRA005191", "project_name": "Immune Correlates of Response and Resistance to Neoadjuvant Chemo-immunotherapy in Non-small Cell Lung Cancer", "tumor_subtype": "Non-small cell lung carcinoma"}, {"semantic_format": "SCRNA_MATRIX_H5_ZIP", "data_desc": "单细胞表达矩阵压缩包数据", "count": 1, "study": "HRA005191", "project_name": "Immune Correlates of Response and Resistance to Neoadjuvant Chemo-immunotherapy in Non-small Cell Lung Cancer", "tumor_subtype": "Non-small cell lung carcinoma"}]
class300140	class3_data_tool_recommend	single_tool	生存分析	T040	km_survival	HRA000074	Chinese Glioma Genome Altas (CGGA) - RNA-seq dataset (693)	High grade glioma	我想完成生存分析，需要什么数据、应该用什么工具？	完成生存分析需要数据：临床表型数据、样本元数据、基因表达矩阵/表格数据；推荐工具 km_survival。图谱中项目 Chinese Glioma Genome Altas (CGGA) - RNA-seq dataset (693) 的 HRA000074（癌种：High grade glioma）存在这些数据，共 5 个匹配文件（文件引用已脱敏）。	["CLINICAL_DATA_EXCEL", "METADATA_SAMPLE_INFO", "TABULAR_BIO_DATA"]	[]	["可视化与报告", "生存分析"]	["Clinical", "bulk_RNA"]		[{"semantic_format": "CLINICAL_DATA_EXCEL", "data_desc": "临床表型数据", "count": 1, "study": "HRA000074", "project_name": "Chinese Glioma Genome Altas (CGGA) - RNA-seq dataset (693)", "tumor_subtype": "High grade glioma"}, {"semantic_format": "METADATA_SAMPLE_INFO", "data_desc": "样本元数据", "count": 1, "study": "HRA000074", "project_name": "Chinese Glioma Genome Altas (CGGA) - RNA-seq dataset (693)", "tumor_subtype": "High grade glioma"}, {"semantic_format": "TABULAR_BIO_DATA", "data_desc": "基因表达矩阵/表格数据", "count": 3, "study": "HRA000074", "project_name": "Chinese Glioma Genome Altas (CGGA) - RNA-seq dataset (693)", "tumor_subtype": "High grade glioma"}]
class300141	class3_data_tool_recommend	single_tool	免疫浸润与微环境分析	T041	lung_tme_annotation_cnv	HRA005191	Immune Correlates of Response and Resistance to Neoadjuvant Chemo-immunotherapy in Non-small Cell Lung Cancer	Non-small cell lung carcinoma	要完成免疫浸润与微环境分析，需要准备哪些数据、推荐哪个工具？	完成免疫浸润与微环境分析需要数据：单细胞分析对象（RDS）数据、基因表达矩阵/表格数据；推荐工具 lung_tme_annotation_cnv（另需公共参考资源：参考基因组 FASTA）。图谱中项目 Immune Correlates of Response and Resistance to Neoadjuvant Chemo-immunotherapy in Non-small Cell Lung Cancer 的 HRA005191（癌种：Non-small cell lung carcinoma）存在这些数据，共 268 个匹配文件（文件引用已脱敏）。	["SCRNA_OBJECT_RDS", "TABULAR_BIO_DATA"]	["REFERENCE_GENOME_FASTA"]	["免疫浸润与微环境分析", "单细胞下游分析", "拷贝数变异分析"]	["sc-RNA"]		[{"semantic_format": "BIO_DATA_CONTAINER_OBJECT", "data_desc": "单细胞/复杂分析对象数据", "count": 6, "study": "HRA005191", "project_name": "Immune Correlates of Response and Resistance to Neoadjuvant Chemo-immunotherapy in Non-small Cell Lung Cancer", "tumor_subtype": "Non-small cell lung carcinoma"}, {"semantic_format": "SCRNA_MATRIX_H5", "data_desc": "单细胞表达矩阵 H5 数据", "count": 243, "study": "HRA005191", "project_name": "Immune Correlates of Response and Resistance to Neoadjuvant Chemo-immunotherapy in Non-small Cell Lung Cancer", "tumor_subtype": "Non-small cell lung carcinoma"}, {"semantic_format": "SCRNA_MATRIX_H5_ZIP", "data_desc": "单细胞表达矩阵压缩包数据", "count": 1, "study": "HRA005191", "project_name": "Immune Correlates of Response and Resistance to Neoadjuvant Chemo-immunotherapy in Non-small Cell Lung Cancer", "tumor_subtype": "Non-small cell lung carcinoma"}, {"semantic_format": "TABULAR_BIO_DATA", "data_desc": "基因表达矩阵/表格数据", "count": 18, "study": "HRA005191", "project_name": "Immune Correlates of Response and Resistance to Neoadjuvant Chemo-immunotherapy in Non-small Cell Lung Cancer", "tumor_subtype": "Non-small cell lung carcinoma"}]
class300142	class3_data_tool_recommend	single_tool	表达矩阵预处理与归一化	T042	preprocess_counts	HRA000087	Single-cell RNA analysis reveals an epithelial-immune dual feature of tumor cells in nasopharyngeal carcinoma	Nasopharynx Carcinoma	项目Single-cell RNA analysis reveals an epithelial-immune dual feature of tumor cells in nasopharyngeal carcinoma中要做表达矩阵预处理与归一化，需要哪些数据、用什么工具？	完成表达矩阵预处理与归一化需要数据：基因表达矩阵/表格数据；推荐工具 preprocess_counts。图谱中项目 Single-cell RNA analysis reveals an epithelial-immune dual feature of tumor cells in nasopharyngeal carcinoma 的 HRA000087（癌种：Nasopharynx Carcinoma）存在这些数据，共 9 个匹配文件（文件引用已脱敏）。	["TABULAR_BIO_DATA"]	[]	["表达矩阵预处理与归一化"]	["bulk_RNA"]		[{"semantic_format": "TABULAR_BIO_DATA", "data_desc": "基因表达矩阵/表格数据", "count": 9, "study": "HRA000087", "project_name": "Single-cell RNA analysis reveals an epithelial-immune dual feature of tumor cells in nasopharyngeal carcinoma", "tumor_subtype": "Nasopharynx Carcinoma"}]
class300143	class3_data_tool_recommend	single_tool	可变剪接分析	T043	rmats_alternative_splicing	HRA000122	Integrated Genomic Analyses Identify High-Risk Factors Associated with Poor Outcomes of T-ALL	Acute T cell leukemia	目标是可变剪接分析，应该选择什么数据和什么工具？	完成可变剪接分析需要数据：转录组比对 BAM 数据；推荐工具 rmats_alternative_splicing（另需公共参考资源：参考基因组 FASTA）。图谱中项目 Integrated Genomic Analyses Identify High-Risk Factors Associated with Poor Outcomes of T-ALL 的 HRA000122（癌种：Acute T cell leukemia）存在这些数据，共 124 个匹配文件（文件引用已脱敏）。	["RNA_TRANSCRIPTOME_ALIGNMENT_BAM"]	["REFERENCE_GENOME_FASTA"]	["可变剪接分析"]	["bulk_RNA"]		[{"semantic_format": "RNA_TRANSCRIPTOME_ALIGNMENT_BAM", "data_desc": "转录组比对 BAM 数据", "count": 124, "study": "HRA000122", "project_name": "Integrated Genomic Analyses Identify High-Risk Factors Associated with Poor Outcomes of T-ALL", "tumor_subtype": "Acute T cell leukemia"}]
class300144	class3_data_tool_recommend	single_tool	RNA序列比对	T044	rnaseq_singletask	HRA000087	Single-cell RNA analysis reveals an epithelial-immune dual feature of tumor cells in nasopharyngeal carcinoma	Nasopharynx Carcinoma	完成RNA序列比对需要的数据和工具分别是什么？	完成RNA序列比对需要数据：原始双端测序数据（R1）、原始双端测序数据（R2）；推荐工具 rnaseq_singletask（另需公共参考资源：参考基因组 FASTA）。图谱中项目 Single-cell RNA analysis reveals an epithelial-immune dual feature of tumor cells in nasopharyngeal carcinoma 的 HRA000087（癌种：Nasopharynx Carcinoma）存在这些数据，共 3106 个匹配文件（文件引用已脱敏）。	["RAW_PAIRED_END_R1_FASTQ", "RAW_PAIRED_END_R2_FASTQ"]	["REFERENCE_GENOME_FASTA"]	["RNA序列比对", "接头与低质量序列修剪", "测序质量评估", "表达定量"]	["bulk_RNA"]		[{"semantic_format": "RAW_PAIRED_END_R1_FASTQ", "data_desc": "原始双端测序数据（R1）", "count": 1553, "study": "HRA000087", "project_name": "Single-cell RNA analysis reveals an epithelial-immune dual feature of tumor cells in nasopharyngeal carcinoma", "tumor_subtype": "Nasopharynx Carcinoma"}, {"semantic_format": "RAW_PAIRED_END_R2_FASTQ", "data_desc": "原始双端测序数据（R2）", "count": 1553, "study": "HRA000087", "project_name": "Single-cell RNA analysis reveals an epithelial-immune dual feature of tumor cells in nasopharyngeal carcinoma", "tumor_subtype": "Nasopharynx Carcinoma"}]
class300145	class3_data_tool_recommend	single_tool	细胞通讯分析	T045	scrna_cell_communication	HRA005191	Immune Correlates of Response and Resistance to Neoadjuvant Chemo-immunotherapy in Non-small Cell Lung Cancer	Non-small cell lung carcinoma	我想完成细胞通讯分析，需要什么数据、应该用什么工具？	完成细胞通讯分析需要数据：样本元数据、单细胞分析对象（RDS）数据、基因表达矩阵/表格数据；推荐工具 scrna_cell_communication。图谱中项目 Immune Correlates of Response and Resistance to Neoadjuvant Chemo-immunotherapy in Non-small Cell Lung Cancer 的 HRA005191（癌种：Non-small cell lung carcinoma）存在这些数据，共 270 个匹配文件（文件引用已脱敏）。	["METADATA_SAMPLE_INFO", "SCRNA_OBJECT_RDS", "TABULAR_BIO_DATA"]	[]	["细胞通讯分析"]	["bulk_RNA", "sc-RNA"]		[{"semantic_format": "METADATA_SAMPLE_INFO", "data_desc": "样本元数据", "count": 2, "study": "HRA005191", "project_name": "Immune Correlates of Response and Resistance to Neoadjuvant Chemo-immunotherapy in Non-small Cell Lung Cancer", "tumor_subtype": "Non-small cell lung carcinoma"}, {"semantic_format": "BIO_DATA_CONTAINER_OBJECT", "data_desc": "单细胞/复杂分析对象数据", "count": 6, "study": "HRA005191", "project_name": "Immune Correlates of Response and Resistance to Neoadjuvant Chemo-immunotherapy in Non-small Cell Lung Cancer", "tumor_subtype": "Non-small cell lung carcinoma"}, {"semantic_format": "SCRNA_MATRIX_H5", "data_desc": "单细胞表达矩阵 H5 数据", "count": 243, "study": "HRA005191", "project_name": "Immune Correlates of Response and Resistance to Neoadjuvant Chemo-immunotherapy in Non-small Cell Lung Cancer", "tumor_subtype": "Non-small cell lung carcinoma"}, {"semantic_format": "SCRNA_MATRIX_H5_ZIP", "data_desc": "单细胞表达矩阵压缩包数据", "count": 1, "study": "HRA005191", "project_name": "Immune Correlates of Response and Resistance to Neoadjuvant Chemo-immunotherapy in Non-small Cell Lung Cancer", "tumor_subtype": "Non-small cell lung carcinoma"}, {"semantic_format": "TABULAR_BIO_DATA", "data_desc": "基因表达矩阵/表格数据", "count": 18, "study": "HRA005191", "project_name": "Immune Correlates of Response and Resistance to Neoadjuvant Chemo-immunotherapy in Non-small Cell Lung Cancer", "tumor_subtype": "Non-small cell lung carcinoma"}]
class300146	class3_data_tool_recommend	single_tool	可视化与报告	T046	stage_heatmap	HRA000074	Chinese Glioma Genome Altas (CGGA) - RNA-seq dataset (693)	High grade glioma	要完成可视化与报告，需要准备哪些数据、推荐哪个工具？	完成可视化与报告需要数据：临床表型数据、样本元数据、基因表达矩阵/表格数据；推荐工具 stage_heatmap。图谱中项目 Chinese Glioma Genome Altas (CGGA) - RNA-seq dataset (693) 的 HRA000074（癌种：High grade glioma）存在这些数据，共 5 个匹配文件（文件引用已脱敏）。	["CLINICAL_DATA_EXCEL", "METADATA_SAMPLE_INFO", "TABULAR_BIO_DATA"]	[]	["可视化与报告"]	["Clinical", "bulk_RNA"]		[{"semantic_format": "CLINICAL_DATA_EXCEL", "data_desc": "临床表型数据", "count": 1, "study": "HRA000074", "project_name": "Chinese Glioma Genome Altas (CGGA) - RNA-seq dataset (693)", "tumor_subtype": "High grade glioma"}, {"semantic_format": "METADATA_SAMPLE_INFO", "data_desc": "样本元数据", "count": 1, "study": "HRA000074", "project_name": "Chinese Glioma Genome Altas (CGGA) - RNA-seq dataset (693)", "tumor_subtype": "High grade glioma"}, {"semantic_format": "TABULAR_BIO_DATA", "data_desc": "基因表达矩阵/表格数据", "count": 3, "study": "HRA000074", "project_name": "Chinese Glioma Genome Altas (CGGA) - RNA-seq dataset (693)", "tumor_subtype": "High grade glioma"}]
class300147	class3_data_tool_recommend	single_tool	差异表达分析	T047	tcell_intervention	HRA005191	Immune Correlates of Response and Resistance to Neoadjuvant Chemo-immunotherapy in Non-small Cell Lung Cancer	Non-small cell lung carcinoma	项目Immune Correlates of Response and Resistance to Neoadjuvant Chemo-immunotherapy in Non-small Cell Lung Cancer中要做差异表达分析，需要哪些数据、用什么工具？	完成差异表达分析需要数据：样本元数据、单细胞分析对象（RDS）数据、基因表达矩阵/表格数据；推荐工具 tcell_intervention（另需公共参考资源：参考基因组 FASTA）。图谱中项目 Immune Correlates of Response and Resistance to Neoadjuvant Chemo-immunotherapy in Non-small Cell Lung Cancer 的 HRA005191（癌种：Non-small cell lung carcinoma）存在这些数据，共 270 个匹配文件（文件引用已脱敏）。	["METADATA_SAMPLE_INFO", "SCRNA_OBJECT_RDS", "TABULAR_BIO_DATA"]	["REFERENCE_GENOME_FASTA"]	["差异表达分析"]	["bulk_RNA", "sc-RNA"]		[{"semantic_format": "METADATA_SAMPLE_INFO", "data_desc": "样本元数据", "count": 2, "study": "HRA005191", "project_name": "Immune Correlates of Response and Resistance to Neoadjuvant Chemo-immunotherapy in Non-small Cell Lung Cancer", "tumor_subtype": "Non-small cell lung carcinoma"}, {"semantic_format": "BIO_DATA_CONTAINER_OBJECT", "data_desc": "单细胞/复杂分析对象数据", "count": 6, "study": "HRA005191", "project_name": "Immune Correlates of Response and Resistance to Neoadjuvant Chemo-immunotherapy in Non-small Cell Lung Cancer", "tumor_subtype": "Non-small cell lung carcinoma"}, {"semantic_format": "SCRNA_MATRIX_H5", "data_desc": "单细胞表达矩阵 H5 数据", "count": 243, "study": "HRA005191", "project_name": "Immune Correlates of Response and Resistance to Neoadjuvant Chemo-immunotherapy in Non-small Cell Lung Cancer", "tumor_subtype": "Non-small cell lung carcinoma"}, {"semantic_format": "SCRNA_MATRIX_H5_ZIP", "data_desc": "单细胞表达矩阵压缩包数据", "count": 1, "study": "HRA005191", "project_name": "Immune Correlates of Response and Resistance to Neoadjuvant Chemo-immunotherapy in Non-small Cell Lung Cancer", "tumor_subtype": "Non-small cell lung carcinoma"}, {"semantic_format": "TABULAR_BIO_DATA", "data_desc": "基因表达矩阵/表格数据", "count": 18, "study": "HRA005191", "project_name": "Immune Correlates of Response and Resistance to Neoadjuvant Chemo-immunotherapy in Non-small Cell Lung Cancer", "tumor_subtype": "Non-small cell lung carcinoma"}]
class300148	class3_data_tool_recommend	single_tool	可视化与报告	T048	umap	HRA000074	Chinese Glioma Genome Altas (CGGA) - RNA-seq dataset (693)	High grade glioma	目标是可视化与报告，应该选择什么数据和什么工具？	完成可视化与报告需要数据：临床表型数据、样本元数据、基因表达矩阵/表格数据；推荐工具 umap。图谱中项目 Chinese Glioma Genome Altas (CGGA) - RNA-seq dataset (693) 的 HRA000074（癌种：High grade glioma）存在这些数据，共 5 个匹配文件（文件引用已脱敏）。	["CLINICAL_DATA_EXCEL", "METADATA_SAMPLE_INFO", "TABULAR_BIO_DATA"]	[]	["可视化与报告"]	["Clinical", "bulk_RNA"]		[{"semantic_format": "CLINICAL_DATA_EXCEL", "data_desc": "临床表型数据", "count": 1, "study": "HRA000074", "project_name": "Chinese Glioma Genome Altas (CGGA) - RNA-seq dataset (693)", "tumor_subtype": "High grade glioma"}, {"semantic_format": "METADATA_SAMPLE_INFO", "data_desc": "样本元数据", "count": 1, "study": "HRA000074", "project_name": "Chinese Glioma Genome Altas (CGGA) - RNA-seq dataset (693)", "tumor_subtype": "High grade glioma"}, {"semantic_format": "TABULAR_BIO_DATA", "data_desc": "基因表达矩阵/表格数据", "count": 3, "study": "HRA000074", "project_name": "Chinese Glioma Genome Altas (CGGA) - RNA-seq dataset (693)", "tumor_subtype": "High grade glioma"}]
class300149	class3_data_tool_recommend	single_tool	DNA序列比对	T049	wes_somatic_pair	HRA000873	Whole  exome sequencing  of patients with CRC from the Changkang project	Colorectal Cancer	完成DNA序列比对需要的数据和工具分别是什么？	完成DNA序列比对需要数据：变异 VCF 数据、原始双端测序数据（R1）、原始双端测序数据（R2）；推荐工具 wes_somatic_pair（另需公共参考资源：参考基因组 FASTA、目标区间列表）。图谱中项目 Whole  exome sequencing  of patients with CRC from the Changkang project 的 HRA000873（癌种：Colorectal Cancer）存在这些数据，共 7105 个匹配文件（文件引用已脱敏）。	["DNA_VARIANT_VCF_GENERAL", "RAW_PAIRED_END_R1_FASTQ", "RAW_PAIRED_END_R2_FASTQ"]	["REFERENCE_GENOME_FASTA", "TARGET_INTERVAL_LIST"]	["DNA序列比对", "体细胞变异检测", "变异注释", "变异质量校正", "可视化与报告", "测序质量评估"]	["WES", "WGS"]		[{"semantic_format": "DNA_VARIANT_VCF_GENERAL", "data_desc": "变异 VCF 数据", "count": 3045, "study": "HRA000873", "project_name": "Whole  exome sequencing  of patients with CRC from the Changkang project", "tumor_subtype": "Colorectal Cancer"}, {"semantic_format": "RAW_PAIRED_END_R1_FASTQ", "data_desc": "原始双端测序数据（R1）", "count": 2030, "study": "HRA000873", "project_name": "Whole  exome sequencing  of patients with CRC from the Changkang project", "tumor_subtype": "Colorectal Cancer"}, {"semantic_format": "RAW_PAIRED_END_R2_FASTQ", "data_desc": "原始双端测序数据（R2）", "count": 2030, "study": "HRA000873", "project_name": "Whole  exome sequencing  of patients with CRC from the Changkang project", "tumor_subtype": "Colorectal Cancer"}]
class300150	class3_data_tool_recommend	single_tool	共表达网络分析	T050	wgcna_hub	HRA000074	Chinese Glioma Genome Altas (CGGA) - RNA-seq dataset (693)	High grade glioma	我想完成共表达网络分析，需要什么数据、应该用什么工具？	完成共表达网络分析需要数据：临床表型数据、样本元数据、基因表达矩阵/表格数据；推荐工具 wgcna_hub。图谱中项目 Chinese Glioma Genome Altas (CGGA) - RNA-seq dataset (693) 的 HRA000074（癌种：High grade glioma）存在这些数据，共 5 个匹配文件（文件引用已脱敏）。	["CLINICAL_DATA_EXCEL", "METADATA_SAMPLE_INFO", "TABULAR_BIO_DATA"]	[]	["共表达网络分析"]	["Clinical", "bulk_RNA"]		[{"semantic_format": "CLINICAL_DATA_EXCEL", "data_desc": "临床表型数据", "count": 1, "study": "HRA000074", "project_name": "Chinese Glioma Genome Altas (CGGA) - RNA-seq dataset (693)", "tumor_subtype": "High grade glioma"}, {"semantic_format": "METADATA_SAMPLE_INFO", "data_desc": "样本元数据", "count": 1, "study": "HRA000074", "project_name": "Chinese Glioma Genome Altas (CGGA) - RNA-seq dataset (693)", "tumor_subtype": "High grade glioma"}, {"semantic_format": "TABULAR_BIO_DATA", "data_desc": "基因表达矩阵/表格数据", "count": 3, "study": "HRA000074", "project_name": "Chinese Glioma Genome Altas (CGGA) - RNA-seq dataset (693)", "tumor_subtype": "High grade glioma"}]
class300151	class3_data_tool_recommend	single_tool	共表达网络分析	T051	wgcna_module_trait	HRA000074	Chinese Glioma Genome Altas (CGGA) - RNA-seq dataset (693)	High grade glioma	要完成共表达网络分析，需要准备哪些数据、推荐哪个工具？	完成共表达网络分析需要数据：临床表型数据、样本元数据、基因表达矩阵/表格数据；推荐工具 wgcna_module_trait。图谱中项目 Chinese Glioma Genome Altas (CGGA) - RNA-seq dataset (693) 的 HRA000074（癌种：High grade glioma）存在这些数据，共 5 个匹配文件（文件引用已脱敏）。	["CLINICAL_DATA_EXCEL", "METADATA_SAMPLE_INFO", "TABULAR_BIO_DATA"]	[]	["共表达网络分析"]	["Clinical", "bulk_RNA"]		[{"semantic_format": "CLINICAL_DATA_EXCEL", "data_desc": "临床表型数据", "count": 1, "study": "HRA000074", "project_name": "Chinese Glioma Genome Altas (CGGA) - RNA-seq dataset (693)", "tumor_subtype": "High grade glioma"}, {"semantic_format": "METADATA_SAMPLE_INFO", "data_desc": "样本元数据", "count": 1, "study": "HRA000074", "project_name": "Chinese Glioma Genome Altas (CGGA) - RNA-seq dataset (693)", "tumor_subtype": "High grade glioma"}, {"semantic_format": "TABULAR_BIO_DATA", "data_desc": "基因表达矩阵/表格数据", "count": 3, "study": "HRA000074", "project_name": "Chinese Glioma Genome Altas (CGGA) - RNA-seq dataset (693)", "tumor_subtype": "High grade glioma"}]
class300152	class3_data_tool_recommend	single_tool	变异过滤与处理	T052	gatk_germline_cohort	HRA006499	Pharmacogenomic profiling of intra-tumor heterogeneity by a large organoid biobank of liver cancer	Liver Cancer	项目Pharmacogenomic profiling of intra-tumor heterogeneity by a large organoid biobank of liver cancer中要做变异过滤与处理，需要哪些数据、用什么工具？	完成变异过滤与处理需要数据：临床表型数据、基因组比对 BAM 数据、VCF 索引数据、变异 VCF 数据、样本元数据；推荐工具 gatk_germline_cohort（另需公共参考资源：参考基因组 FASTA、目标区间列表）。图谱中项目 Pharmacogenomic profiling of intra-tumor heterogeneity by a large organoid biobank of liver cancer 的 HRA006499（癌种：Liver Cancer）存在这些数据，共 2793 个匹配文件（文件引用已脱敏）。	["CLINICAL_DATA_EXCEL", "DNA_GENOMIC_ALIGNMENT_BAM", "DNA_VARIANT_INDEX_TBI", "DNA_VARIANT_VCF_GENERAL", "METADATA_SAMPLE_INFO"]	["REFERENCE_GENOME_FASTA", "TARGET_INTERVAL_LIST"]	["变异过滤与处理", "胚系变异检测"]	["Clinical", "WES", "WGS"]		[{"semantic_format": "CLINICAL_DATA_EXCEL", "data_desc": "临床表型数据", "count": 1, "study": "HRA006499", "project_name": "Pharmacogenomic profiling of intra-tumor heterogeneity by a large organoid biobank of liver cancer", "tumor_subtype": "Liver Cancer"}, {"semantic_format": "DNA_ALIGNMENT_BQSR_BAM", "data_desc": "碱基质量校正后的比对 BAM 数据", "count": 763, "study": "HRA006499", "project_name": "Pharmacogenomic profiling of intra-tumor heterogeneity by a large organoid biobank of liver cancer", "tumor_subtype": "Liver Cancer"}, {"semantic_format": "DNA_VARIANT_INDEX_TBI", "data_desc": "VCF 索引数据", "count": 1014, "study": "HRA006499", "project_name": "Pharmacogenomic profiling of intra-tumor heterogeneity by a large organoid biobank of liver cancer", "tumor_subtype": "Liver Cancer"}, {"semantic_format": "DNA_VARIANT_VCF_GENERAL", "data_desc": "变异 VCF 数据", "count": 1014, "study": "HRA006499", "project_name": "Pharmacogenomic profiling of intra-tumor heterogeneity by a large organoid biobank of liver cancer", "tumor_subtype": "Liver Cancer"}, {"semantic_format": "METADATA_SAMPLE_INFO", "data_desc": "样本元数据", "count": 1, "study": "HRA006499", "project_name": "Pharmacogenomic profiling of intra-tumor heterogeneity by a large organoid biobank of liver cancer", "tumor_subtype": "Liver Cancer"}]
class300153	class3_data_tool_recommend	single_tool	结构变异检测	T053	manta_structural_variants	HRA000122	Integrated Genomic Analyses Identify High-Risk Factors Associated with Poor Outcomes of T-ALL	Acute T cell leukemia	目标是结构变异检测，应该选择什么数据和什么工具？	完成结构变异检测需要数据：基因组比对 BAM 数据；推荐工具 manta_structural_variants（另需公共参考资源：参考基因组 FASTA）。图谱中项目 Integrated Genomic Analyses Identify High-Risk Factors Associated with Poor Outcomes of T-ALL 的 HRA000122（癌种：Acute T cell leukemia）存在这些数据，共 124 个匹配文件（文件引用已脱敏）。	["DNA_GENOMIC_ALIGNMENT_BAM"]	["REFERENCE_GENOME_FASTA"]	["结构变异检测"]	["WES", "WGS"]		[{"semantic_format": "RNA_TRANSCRIPTOME_ALIGNMENT_BAM", "data_desc": "转录组比对 BAM 数据", "count": 124, "study": "HRA000122", "project_name": "Integrated Genomic Analyses Identify High-Risk Factors Associated with Poor Outcomes of T-ALL", "tumor_subtype": "Acute T cell leukemia"}]
class300154	class3_data_tool_recommend	single_tool	基因融合检测	T054	star_fusion	HRA000073	Chinese Glioma Genome Altas (CGGA) - RNA-seq dataset (325)	Malignant Glioma	完成基因融合检测需要的数据和工具分别是什么？	完成基因融合检测需要数据：样本元数据、原始双端测序数据（R1）、原始双端测序数据（R2）；推荐工具 star_fusion。图谱中项目 Chinese Glioma Genome Altas (CGGA) - RNA-seq dataset (325) 的 HRA000073（癌种：Malignant Glioma）存在这些数据，共 651 个匹配文件（文件引用已脱敏）。	["METADATA_SAMPLE_INFO", "RAW_PAIRED_END_R1_FASTQ", "RAW_PAIRED_END_R2_FASTQ"]	[]	["基因融合检测"]	["Clinical", "bulk_RNA"]		[{"semantic_format": "METADATA_SAMPLE_INFO", "data_desc": "样本元数据", "count": 1, "study": "HRA000073", "project_name": "Chinese Glioma Genome Altas (CGGA) - RNA-seq dataset (325)", "tumor_subtype": "Malignant Glioma"}, {"semantic_format": "RAW_PAIRED_END_R1_FASTQ", "data_desc": "原始双端测序数据（R1）", "count": 325, "study": "HRA000073", "project_name": "Chinese Glioma Genome Altas (CGGA) - RNA-seq dataset (325)", "tumor_subtype": "Malignant Glioma"}, {"semantic_format": "RAW_PAIRED_END_R2_FASTQ", "data_desc": "原始双端测序数据（R2）", "count": 325, "study": "HRA000073", "project_name": "Chinese Glioma Genome Altas (CGGA) - RNA-seq dataset (325)", "tumor_subtype": "Malignant Glioma"}]
class300155	class3_data_tool_recommend	single_tool	接头与低质量序列修剪	T001	fastp	HRA001272	Integrated genomic and transcriptomic profiling dissects spatiotemporal evolution of metastatic hepatocellular carcinoma	Hepatocellular carcinoma	我想完成接头与低质量序列修剪，需要什么数据、应该用什么工具？	完成接头与低质量序列修剪需要数据：原始双端测序数据（R1）、原始双端测序数据（R2）；推荐工具 fastp。图谱中项目 Integrated genomic and transcriptomic profiling dissects spatiotemporal evolution of metastatic hepatocellular carcinoma 的 HRA001272（癌种：Hepatocellular carcinoma）存在这些数据，共 2360 个匹配文件（文件引用已脱敏）。	["RAW_PAIRED_END_R1_FASTQ", "RAW_PAIRED_END_R2_FASTQ"]	[]	["接头与低质量序列修剪", "测序质量评估"]	["WES"]		[{"semantic_format": "RAW_PAIRED_END_R1_FASTQ", "data_desc": "原始双端测序数据（R1）", "count": 1180, "study": "HRA001272", "project_name": "Integrated genomic and transcriptomic profiling dissects spatiotemporal evolution of metastatic hepatocellular carcinoma", "tumor_subtype": "Hepatocellular carcinoma"}, {"semantic_format": "RAW_PAIRED_END_R2_FASTQ", "data_desc": "原始双端测序数据（R2）", "count": 1180, "study": "HRA001272", "project_name": "Integrated genomic and transcriptomic profiling dissects spatiotemporal evolution of metastatic hepatocellular carcinoma", "tumor_subtype": "Hepatocellular carcinoma"}]
class300156	class3_data_tool_recommend	single_tool	测序质量评估	T002	fastqc	HRA000073	Chinese Glioma Genome Altas (CGGA) - RNA-seq dataset (325)	Malignant Glioma	要完成测序质量评估，需要准备哪些数据、推荐哪个工具？	完成测序质量评估需要数据：原始单端测序数据；推荐工具 fastqc。图谱中项目 Chinese Glioma Genome Altas (CGGA) - RNA-seq dataset (325) 的 HRA000073（癌种：Malignant Glioma）存在这些数据，共 650 个匹配文件（文件引用已脱敏）。	["RAW_SINGLE_END_FASTQ"]	[]	["可视化与报告", "测序质量评估"]	["WES", "WGS", "bulk_RNA", "sc-RNA"]		[{"semantic_format": "RAW_PAIRED_END_R1_FASTQ", "data_desc": "原始双端测序数据（R1）", "count": 325, "study": "HRA000073", "project_name": "Chinese Glioma Genome Altas (CGGA) - RNA-seq dataset (325)", "tumor_subtype": "Malignant Glioma"}, {"semantic_format": "RAW_PAIRED_END_R2_FASTQ", "data_desc": "原始双端测序数据（R2）", "count": 325, "study": "HRA000073", "project_name": "Chinese Glioma Genome Altas (CGGA) - RNA-seq dataset (325)", "tumor_subtype": "Malignant Glioma"}]
class300157	class3_data_tool_recommend	single_tool	单细胞比对与定量	T003	cellranger_workflow	HRA001272	Integrated genomic and transcriptomic profiling dissects spatiotemporal evolution of metastatic hepatocellular carcinoma	Hepatocellular carcinoma	项目Integrated genomic and transcriptomic profiling dissects spatiotemporal evolution of metastatic hepatocellular carcinoma中要做单细胞比对与定量，需要哪些数据、用什么工具？	完成单细胞比对与定量需要数据：基因组比对 BAM 数据、原始单端测序数据；推荐工具 cellranger_workflow。图谱中项目 Integrated genomic and transcriptomic profiling dissects spatiotemporal evolution of metastatic hepatocellular carcinoma 的 HRA001272（癌种：Hepatocellular carcinoma）存在这些数据，共 3540 个匹配文件（文件引用已脱敏）。	["DNA_GENOMIC_ALIGNMENT_BAM", "RAW_SINGLE_END_FASTQ"]	[]	["单细胞比对与定量", "可视化与报告", "测序质量评估"]	["bulk_RNA", "sc-RNA"]		[{"semantic_format": "DNA_ALIGNMENT_BQSR_BAM", "data_desc": "碱基质量校正后的比对 BAM 数据", "count": 750, "study": "HRA001272", "project_name": "Integrated genomic and transcriptomic profiling dissects spatiotemporal evolution of metastatic hepatocellular carcinoma", "tumor_subtype": "Hepatocellular carcinoma"}, {"semantic_format": "RNA_TRANSCRIPTOME_ALIGNMENT_BAM", "data_desc": "转录组比对 BAM 数据", "count": 430, "study": "HRA001272", "project_name": "Integrated genomic and transcriptomic profiling dissects spatiotemporal evolution of metastatic hepatocellular carcinoma", "tumor_subtype": "Hepatocellular carcinoma"}, {"semantic_format": "RAW_PAIRED_END_R1_FASTQ", "data_desc": "原始双端测序数据（R1）", "count": 1180, "study": "HRA001272", "project_name": "Integrated genomic and transcriptomic profiling dissects spatiotemporal evolution of metastatic hepatocellular carcinoma", "tumor_subtype": "Hepatocellular carcinoma"}, {"semantic_format": "RAW_PAIRED_END_R2_FASTQ", "data_desc": "原始双端测序数据（R2）", "count": 1180, "study": "HRA001272", "project_name": "Integrated genomic and transcriptomic profiling dissects spatiotemporal evolution of metastatic hepatocellular carcinoma", "tumor_subtype": "Hepatocellular carcinoma"}]
class300158	class3_data_tool_recommend	single_tool	接头与低质量序列修剪	T004	trim_galore	HRA000122	Integrated Genomic Analyses Identify High-Risk Factors Associated with Poor Outcomes of T-ALL	Acute T cell leukemia	目标是接头与低质量序列修剪，应该选择什么数据和什么工具？	完成接头与低质量序列修剪需要数据：原始双端测序数据（R1）、原始双端测序数据（R2）；推荐工具 trim_galore。图谱中项目 Integrated Genomic Analyses Identify High-Risk Factors Associated with Poor Outcomes of T-ALL 的 HRA000122（癌种：Acute T cell leukemia）存在这些数据，共 696 个匹配文件（文件引用已脱敏）。	["RAW_PAIRED_END_R1_FASTQ", "RAW_PAIRED_END_R2_FASTQ"]	[]	["接头与低质量序列修剪"]	["bulk_RNA"]		[{"semantic_format": "RAW_PAIRED_END_R1_FASTQ", "data_desc": "原始双端测序数据（R1）", "count": 348, "study": "HRA000122", "project_name": "Integrated Genomic Analyses Identify High-Risk Factors Associated with Poor Outcomes of T-ALL", "tumor_subtype": "Acute T cell leukemia"}, {"semantic_format": "RAW_PAIRED_END_R2_FASTQ", "data_desc": "原始双端测序数据（R2）", "count": 348, "study": "HRA000122", "project_name": "Integrated Genomic Analyses Identify High-Risk Factors Associated with Poor Outcomes of T-ALL", "tumor_subtype": "Acute T cell leukemia"}]
class300159	class3_data_tool_recommend	single_tool	RNA序列比对	T005	star	HRA000122	Integrated Genomic Analyses Identify High-Risk Factors Associated with Poor Outcomes of T-ALL	Acute T cell leukemia	完成RNA序列比对需要的数据和工具分别是什么？	完成RNA序列比对需要数据：原始双端测序数据（R1）、原始双端测序数据（R2）；推荐工具 star（另需公共参考资源：参考基因组 FASTA）。图谱中项目 Integrated Genomic Analyses Identify High-Risk Factors Associated with Poor Outcomes of T-ALL 的 HRA000122（癌种：Acute T cell leukemia）存在这些数据，共 696 个匹配文件（文件引用已脱敏）。	["RAW_PAIRED_END_R1_FASTQ", "RAW_PAIRED_END_R2_FASTQ"]	["REFERENCE_GENOME_FASTA"]	["RNA序列比对"]	["bulk_RNA"]		[{"semantic_format": "RAW_PAIRED_END_R1_FASTQ", "data_desc": "原始双端测序数据（R1）", "count": 348, "study": "HRA000122", "project_name": "Integrated Genomic Analyses Identify High-Risk Factors Associated with Poor Outcomes of T-ALL", "tumor_subtype": "Acute T cell leukemia"}, {"semantic_format": "RAW_PAIRED_END_R2_FASTQ", "data_desc": "原始双端测序数据（R2）", "count": 348, "study": "HRA000122", "project_name": "Integrated Genomic Analyses Identify High-Risk Factors Associated with Poor Outcomes of T-ALL", "tumor_subtype": "Acute T cell leukemia"}]
class300160	class3_data_tool_recommend	single_tool	DNA序列比对	T006	bwa	HRA001272	Integrated genomic and transcriptomic profiling dissects spatiotemporal evolution of metastatic hepatocellular carcinoma	Hepatocellular carcinoma	我想完成DNA序列比对，需要什么数据、应该用什么工具？	完成DNA序列比对需要数据：原始双端测序数据（R1）、原始双端测序数据（R2）；推荐工具 bwa（另需公共参考资源：参考基因组 FASTA）。图谱中项目 Integrated genomic and transcriptomic profiling dissects spatiotemporal evolution of metastatic hepatocellular carcinoma 的 HRA001272（癌种：Hepatocellular carcinoma）存在这些数据，共 2360 个匹配文件（文件引用已脱敏）。	["RAW_PAIRED_END_R1_FASTQ", "RAW_PAIRED_END_R2_FASTQ"]	["REFERENCE_GENOME_FASTA"]	["DNA序列比对"]	["WES"]		[{"semantic_format": "RAW_PAIRED_END_R1_FASTQ", "data_desc": "原始双端测序数据（R1）", "count": 1180, "study": "HRA001272", "project_name": "Integrated genomic and transcriptomic profiling dissects spatiotemporal evolution of metastatic hepatocellular carcinoma", "tumor_subtype": "Hepatocellular carcinoma"}, {"semantic_format": "RAW_PAIRED_END_R2_FASTQ", "data_desc": "原始双端测序数据（R2）", "count": 1180, "study": "HRA001272", "project_name": "Integrated genomic and transcriptomic profiling dissects spatiotemporal evolution of metastatic hepatocellular carcinoma", "tumor_subtype": "Hepatocellular carcinoma"}]
class300161	class3_data_tool_recommend	single_tool	比对后处理与去重	T007	samtools	HRA000074	Chinese Glioma Genome Altas (CGGA) - RNA-seq dataset (693)	High grade glioma	要完成比对后处理与去重，需要准备哪些数据、推荐哪个工具？	完成比对后处理与去重需要数据：基因组比对 BAM 数据；推荐工具 samtools。图谱中项目 Chinese Glioma Genome Altas (CGGA) - RNA-seq dataset (693) 的 HRA000074（癌种：High grade glioma）存在这些数据，共 693 个匹配文件（文件引用已脱敏）。	["DNA_GENOMIC_ALIGNMENT_BAM"]	[]	["比对后处理与去重"]	["WES", "WGS", "bulk_RNA"]		[{"semantic_format": "RNA_TRANSCRIPTOME_ALIGNMENT_BAM", "data_desc": "转录组比对 BAM 数据", "count": 693, "study": "HRA000074", "project_name": "Chinese Glioma Genome Altas (CGGA) - RNA-seq dataset (693)", "tumor_subtype": "High grade glioma"}]
class300162	class3_data_tool_recommend	single_tool	体细胞变异检测	T008	gatk	HRA001272	Integrated genomic and transcriptomic profiling dissects spatiotemporal evolution of metastatic hepatocellular carcinoma	Hepatocellular carcinoma	项目Integrated genomic and transcriptomic profiling dissects spatiotemporal evolution of metastatic hepatocellular carcinoma中要做体细胞变异检测，需要哪些数据、用什么工具？	完成体细胞变异检测需要数据：基因组比对 BAM 数据；推荐工具 gatk（另需公共参考资源：参考基因组 FASTA、目标区间列表）。图谱中项目 Integrated genomic and transcriptomic profiling dissects spatiotemporal evolution of metastatic hepatocellular carcinoma 的 HRA001272（癌种：Hepatocellular carcinoma）存在这些数据，共 1180 个匹配文件（文件引用已脱敏）。	["DNA_GENOMIC_ALIGNMENT_BAM"]	["REFERENCE_GENOME_FASTA", "TARGET_INTERVAL_LIST"]	["体细胞变异检测", "变异质量校正"]	["WES"]		[{"semantic_format": "DNA_ALIGNMENT_BQSR_BAM", "data_desc": "碱基质量校正后的比对 BAM 数据", "count": 750, "study": "HRA001272", "project_name": "Integrated genomic and transcriptomic profiling dissects spatiotemporal evolution of metastatic hepatocellular carcinoma", "tumor_subtype": "Hepatocellular carcinoma"}, {"semantic_format": "RNA_TRANSCRIPTOME_ALIGNMENT_BAM", "data_desc": "转录组比对 BAM 数据", "count": 430, "study": "HRA001272", "project_name": "Integrated genomic and transcriptomic profiling dissects spatiotemporal evolution of metastatic hepatocellular carcinoma", "tumor_subtype": "Hepatocellular carcinoma"}]
class300163	class3_data_tool_recommend	single_tool	变异过滤与处理	T009	bcftools	HRA007169	Multi-omics of acral melanoma	Acral melanoma	目标是变异过滤与处理，应该选择什么数据和什么工具？	完成变异过滤与处理需要数据：VCF 索引数据、变异 VCF 数据；推荐工具 bcftools（另需公共参考资源：参考基因组 FASTA）。图谱中项目 Multi-omics of acral melanoma 的 HRA007169（癌种：Acral melanoma）存在这些数据，共 532 个匹配文件（文件引用已脱敏）。	["DNA_VARIANT_INDEX_TBI", "DNA_VARIANT_VCF_GENERAL"]	["REFERENCE_GENOME_FASTA"]	["变异过滤与处理", "可视化与报告"]	["WES"]		[{"semantic_format": "DNA_VARIANT_INDEX_TBI", "data_desc": "VCF 索引数据", "count": 152, "study": "HRA007169", "project_name": "Multi-omics of acral melanoma", "tumor_subtype": "Acral melanoma"}, {"semantic_format": "DNA_VARIANT_VCF_GENERAL", "data_desc": "变异 VCF 数据", "count": 380, "study": "HRA007169", "project_name": "Multi-omics of acral melanoma", "tumor_subtype": "Acral melanoma"}]
class300164	class3_data_tool_recommend	single_tool	变异注释	T010	snpeff	HRA001272	Integrated genomic and transcriptomic profiling dissects spatiotemporal evolution of metastatic hepatocellular carcinoma	Hepatocellular carcinoma	完成变异注释需要的数据和工具分别是什么？	完成变异注释需要数据：变异 VCF 数据；推荐工具 snpeff（另需公共参考资源：参考基因组 FASTA）。图谱中项目 Integrated genomic and transcriptomic profiling dissects spatiotemporal evolution of metastatic hepatocellular carcinoma 的 HRA001272（癌种：Hepatocellular carcinoma）存在这些数据，共 1909 个匹配文件（文件引用已脱敏）。	["DNA_VARIANT_VCF_GENERAL"]	["REFERENCE_GENOME_FASTA"]	["变异注释", "可视化与报告"]	["WES", "WGS"]		[{"semantic_format": "DNA_VARIANT_VCF_GENERAL", "data_desc": "变异 VCF 数据", "count": 1909, "study": "HRA001272", "project_name": "Integrated genomic and transcriptomic profiling dissects spatiotemporal evolution of metastatic hepatocellular carcinoma", "tumor_subtype": "Hepatocellular carcinoma"}]
class300165	class3_data_tool_recommend	single_tool	表达定量	T011	rsem	HRA001272	Integrated genomic and transcriptomic profiling dissects spatiotemporal evolution of metastatic hepatocellular carcinoma	Hepatocellular carcinoma	我想完成表达定量，需要什么数据、应该用什么工具？	完成表达定量需要数据：转录组比对 BAM 数据；推荐工具 rsem。图谱中项目 Integrated genomic and transcriptomic profiling dissects spatiotemporal evolution of metastatic hepatocellular carcinoma 的 HRA001272（癌种：Hepatocellular carcinoma）存在这些数据，共 430 个匹配文件（文件引用已脱敏）。	["RNA_TRANSCRIPTOME_ALIGNMENT_BAM"]	[]	["表达定量"]	["bulk_RNA"]		[{"semantic_format": "RNA_TRANSCRIPTOME_ALIGNMENT_BAM", "data_desc": "转录组比对 BAM 数据", "count": 430, "study": "HRA001272", "project_name": "Integrated genomic and transcriptomic profiling dissects spatiotemporal evolution of metastatic hepatocellular carcinoma", "tumor_subtype": "Hepatocellular carcinoma"}]
class300166	class3_data_tool_recommend	single_tool	表达定量	T012	featurecounts	HRA001272	Integrated genomic and transcriptomic profiling dissects spatiotemporal evolution of metastatic hepatocellular carcinoma	Hepatocellular carcinoma	要完成表达定量，需要准备哪些数据、推荐哪个工具？	完成表达定量需要数据：基因组比对 BAM 数据；推荐工具 featurecounts。图谱中项目 Integrated genomic and transcriptomic profiling dissects spatiotemporal evolution of metastatic hepatocellular carcinoma 的 HRA001272（癌种：Hepatocellular carcinoma）存在这些数据，共 1180 个匹配文件（文件引用已脱敏）。	["DNA_GENOMIC_ALIGNMENT_BAM"]	[]	["表达定量"]	["bulk_RNA"]		[{"semantic_format": "DNA_ALIGNMENT_BQSR_BAM", "data_desc": "碱基质量校正后的比对 BAM 数据", "count": 750, "study": "HRA001272", "project_name": "Integrated genomic and transcriptomic profiling dissects spatiotemporal evolution of metastatic hepatocellular carcinoma", "tumor_subtype": "Hepatocellular carcinoma"}, {"semantic_format": "RNA_TRANSCRIPTOME_ALIGNMENT_BAM", "data_desc": "转录组比对 BAM 数据", "count": 430, "study": "HRA001272", "project_name": "Integrated genomic and transcriptomic profiling dissects spatiotemporal evolution of metastatic hepatocellular carcinoma", "tumor_subtype": "Hepatocellular carcinoma"}]
class300167	class3_data_tool_recommend	single_tool	功能富集分析	T014	diff_expr_go	HRA000122	Integrated Genomic Analyses Identify High-Risk Factors Associated with Poor Outcomes of T-ALL	Acute T cell leukemia	项目Integrated Genomic Analyses Identify High-Risk Factors Associated with Poor Outcomes of T-ALL中要做功能富集分析，需要哪些数据、用什么工具？	完成功能富集分析需要数据：基因表达矩阵/表格数据；推荐工具 diff_expr_go。图谱中项目 Integrated Genomic Analyses Identify High-Risk Factors Associated with Poor Outcomes of T-ALL 的 HRA000122（癌种：Acute T cell leukemia）存在这些数据，共 3 个匹配文件（文件引用已脱敏）。	["TABULAR_BIO_DATA"]	[]	["功能富集分析", "差异表达分析"]	["bulk_RNA"]		[{"semantic_format": "TABULAR_BIO_DATA", "data_desc": "基因表达矩阵/表格数据", "count": 3, "study": "HRA000122", "project_name": "Integrated Genomic Analyses Identify High-Risk Factors Associated with Poor Outcomes of T-ALL", "tumor_subtype": "Acute T cell leukemia"}]
class300168	class3_data_tool_recommend	single_tool	功能富集分析	T015	diff_expr_kegg	HRA000122	Integrated Genomic Analyses Identify High-Risk Factors Associated with Poor Outcomes of T-ALL	Acute T cell leukemia	目标是功能富集分析，应该选择什么数据和什么工具？	完成功能富集分析需要数据：基因表达矩阵/表格数据；推荐工具 diff_expr_kegg。图谱中项目 Integrated Genomic Analyses Identify High-Risk Factors Associated with Poor Outcomes of T-ALL 的 HRA000122（癌种：Acute T cell leukemia）存在这些数据，共 3 个匹配文件（文件引用已脱敏）。	["TABULAR_BIO_DATA"]	[]	["功能富集分析", "差异表达分析"]	["bulk_RNA"]		[{"semantic_format": "TABULAR_BIO_DATA", "data_desc": "基因表达矩阵/表格数据", "count": 3, "study": "HRA000122", "project_name": "Integrated Genomic Analyses Identify High-Risk Factors Associated with Poor Outcomes of T-ALL", "tumor_subtype": "Acute T cell leukemia"}]
class300169	class3_data_tool_recommend	single_tool	突变景观与可视化	T016	driver_gene_gender_analysis	HRA001749	scRNA-seq of liver cancer	Liver Cancer	完成突变景观与可视化需要的数据和工具分别是什么？	完成突变景观与可视化需要数据：临床表型数据、体细胞突变 MAF 数据；推荐工具 driver_gene_gender_analysis。图谱中项目 scRNA-seq of liver cancer 的 HRA001749（癌种：Liver Cancer）存在这些数据，共 86 个匹配文件（文件引用已脱敏）。	["CLINICAL_DATA_EXCEL", "MUTATION_ANNOTATION_FORMAT_MAF"]	[]	["可视化与报告", "突变景观与可视化"]	["Clinical", "WES"]		[{"semantic_format": "CLINICAL_DATA_EXCEL", "data_desc": "临床表型数据", "count": 1, "study": "HRA001749", "project_name": "scRNA-seq of liver cancer", "tumor_subtype": "Liver Cancer"}, {"semantic_format": "MUTATION_ANNOTATION_FORMAT_MAF", "data_desc": "体细胞突变 MAF 数据", "count": 85, "study": "HRA001749", "project_name": "scRNA-seq of liver cancer", "tumor_subtype": "Liver Cancer"}]
class300170	class3_data_tool_recommend	single_tool	生存分析	T017	her2_pfs_survival	HRA000087	Single-cell RNA analysis reveals an epithelial-immune dual feature of tumor cells in nasopharyngeal carcinoma	Nasopharynx Carcinoma	我想完成生存分析，需要什么数据、应该用什么工具？	完成生存分析需要数据：临床表型数据、基因表达矩阵/表格数据；推荐工具 her2_pfs_survival。图谱中项目 Single-cell RNA analysis reveals an epithelial-immune dual feature of tumor cells in nasopharyngeal carcinoma 的 HRA000087（癌种：Nasopharynx Carcinoma）存在这些数据，共 10 个匹配文件（文件引用已脱敏）。	["CLINICAL_DATA_EXCEL", "TABULAR_BIO_DATA"]	[]	["可视化与报告", "生存分析"]	["Clinical", "bulk_RNA"]		[{"semantic_format": "CLINICAL_DATA_EXCEL", "data_desc": "临床表型数据", "count": 1, "study": "HRA000087", "project_name": "Single-cell RNA analysis reveals an epithelial-immune dual feature of tumor cells in nasopharyngeal carcinoma", "tumor_subtype": "Nasopharynx Carcinoma"}, {"semantic_format": "TABULAR_BIO_DATA", "data_desc": "基因表达矩阵/表格数据", "count": 9, "study": "HRA000087", "project_name": "Single-cell RNA analysis reveals an epithelial-immune dual feature of tumor cells in nasopharyngeal carcinoma", "tumor_subtype": "Nasopharynx Carcinoma"}]
class300171	class3_data_tool_recommend	single_tool	免疫浸润与微环境分析	T018	immune_infiltration_iobr	HRA000087	Single-cell RNA analysis reveals an epithelial-immune dual feature of tumor cells in nasopharyngeal carcinoma	Nasopharynx Carcinoma	要完成免疫浸润与微环境分析，需要准备哪些数据、推荐哪个工具？	完成免疫浸润与微环境分析需要数据：临床表型数据、基因表达矩阵/表格数据；推荐工具 immune_infiltration_iobr。图谱中项目 Single-cell RNA analysis reveals an epithelial-immune dual feature of tumor cells in nasopharyngeal carcinoma 的 HRA000087（癌种：Nasopharynx Carcinoma）存在这些数据，共 10 个匹配文件（文件引用已脱敏）。	["CLINICAL_DATA_EXCEL", "TABULAR_BIO_DATA"]	[]	["免疫浸润与微环境分析", "可视化与报告"]	["Clinical", "bulk_RNA"]		[{"semantic_format": "CLINICAL_DATA_EXCEL", "data_desc": "临床表型数据", "count": 1, "study": "HRA000087", "project_name": "Single-cell RNA analysis reveals an epithelial-immune dual feature of tumor cells in nasopharyngeal carcinoma", "tumor_subtype": "Nasopharynx Carcinoma"}, {"semantic_format": "TABULAR_BIO_DATA", "data_desc": "基因表达矩阵/表格数据", "count": 9, "study": "HRA000087", "project_name": "Single-cell RNA analysis reveals an epithelial-immune dual feature of tumor cells in nasopharyngeal carcinoma", "tumor_subtype": "Nasopharynx Carcinoma"}]
class300172	class3_data_tool_recommend	single_tool	序列格式转换	T019	paired_fastq_to_unmapped_bam	HRA001272	Integrated genomic and transcriptomic profiling dissects spatiotemporal evolution of metastatic hepatocellular carcinoma	Hepatocellular carcinoma	项目Integrated genomic and transcriptomic profiling dissects spatiotemporal evolution of metastatic hepatocellular carcinoma中要做序列格式转换，需要哪些数据、用什么工具？	完成序列格式转换需要数据：基因组比对 BAM 数据、原始双端测序数据（R1）、原始双端测序数据（R2）；推荐工具 paired_fastq_to_unmapped_bam。图谱中项目 Integrated genomic and transcriptomic profiling dissects spatiotemporal evolution of metastatic hepatocellular carcinoma 的 HRA001272（癌种：Hepatocellular carcinoma）存在这些数据，共 3540 个匹配文件（文件引用已脱敏）。	["DNA_GENOMIC_ALIGNMENT_BAM", "RAW_PAIRED_END_R1_FASTQ", "RAW_PAIRED_END_R2_FASTQ"]	[]	["序列格式转换"]	["WES"]		[{"semantic_format": "DNA_ALIGNMENT_BQSR_BAM", "data_desc": "碱基质量校正后的比对 BAM 数据", "count": 750, "study": "HRA001272", "project_name": "Integrated genomic and transcriptomic profiling dissects spatiotemporal evolution of metastatic hepatocellular carcinoma", "tumor_subtype": "Hepatocellular carcinoma"}, {"semantic_format": "RNA_TRANSCRIPTOME_ALIGNMENT_BAM", "data_desc": "转录组比对 BAM 数据", "count": 430, "study": "HRA001272", "project_name": "Integrated genomic and transcriptomic profiling dissects spatiotemporal evolution of metastatic hepatocellular carcinoma", "tumor_subtype": "Hepatocellular carcinoma"}, {"semantic_format": "RAW_PAIRED_END_R1_FASTQ", "data_desc": "原始双端测序数据（R1）", "count": 1180, "study": "HRA001272", "project_name": "Integrated genomic and transcriptomic profiling dissects spatiotemporal evolution of metastatic hepatocellular carcinoma", "tumor_subtype": "Hepatocellular carcinoma"}, {"semantic_format": "RAW_PAIRED_END_R2_FASTQ", "data_desc": "原始双端测序数据（R2）", "count": 1180, "study": "HRA001272", "project_name": "Integrated genomic and transcriptomic profiling dissects spatiotemporal evolution of metastatic hepatocellular carcinoma", "tumor_subtype": "Hepatocellular carcinoma"}]
class300173	class3_data_tool_recommend	single_tool	无监督聚类分析	T020	rnaseq_unsupervised_cluster	HRA000122	Integrated Genomic Analyses Identify High-Risk Factors Associated with Poor Outcomes of T-ALL	Acute T cell leukemia	目标是无监督聚类分析，应该选择什么数据和什么工具？	完成无监督聚类分析需要数据：基因表达矩阵/表格数据；推荐工具 rnaseq_unsupervised_cluster。图谱中项目 Integrated Genomic Analyses Identify High-Risk Factors Associated with Poor Outcomes of T-ALL 的 HRA000122（癌种：Acute T cell leukemia）存在这些数据，共 3 个匹配文件（文件引用已脱敏）。	["TABULAR_BIO_DATA"]	[]	["可视化与报告", "无监督聚类分析"]	["bulk_RNA"]		[{"semantic_format": "TABULAR_BIO_DATA", "data_desc": "基因表达矩阵/表格数据", "count": 3, "study": "HRA000122", "project_name": "Integrated Genomic Analyses Identify High-Risk Factors Associated with Poor Outcomes of T-ALL", "tumor_subtype": "Acute T cell leukemia"}]
class300174	class3_data_tool_recommend	single_tool	生存分析	T021	survival_analysis	HRA001749	scRNA-seq of liver cancer	Liver Cancer	完成生存分析需要的数据和工具分别是什么？	完成生存分析需要数据：临床表型数据、体细胞突变 MAF 数据；推荐工具 survival_analysis。图谱中项目 scRNA-seq of liver cancer 的 HRA001749（癌种：Liver Cancer）存在这些数据，共 86 个匹配文件（文件引用已脱敏）。	["CLINICAL_DATA_EXCEL", "MUTATION_ANNOTATION_FORMAT_MAF"]	[]	["生存分析"]	["Clinical", "WES"]		[{"semantic_format": "CLINICAL_DATA_EXCEL", "data_desc": "临床表型数据", "count": 1, "study": "HRA001749", "project_name": "scRNA-seq of liver cancer", "tumor_subtype": "Liver Cancer"}, {"semantic_format": "MUTATION_ANNOTATION_FORMAT_MAF", "data_desc": "体细胞突变 MAF 数据", "count": 85, "study": "HRA001749", "project_name": "scRNA-seq of liver cancer", "tumor_subtype": "Liver Cancer"}]
class300175	class3_data_tool_recommend	single_tool	生存分析	T022	tmb_survival_analysis	HRA001749	scRNA-seq of liver cancer	Liver Cancer	我想完成生存分析，需要什么数据、应该用什么工具？	完成生存分析需要数据：临床表型数据、体细胞突变 MAF 数据；推荐工具 tmb_survival_analysis。图谱中项目 scRNA-seq of liver cancer 的 HRA001749（癌种：Liver Cancer）存在这些数据，共 86 个匹配文件（文件引用已脱敏）。	["CLINICAL_DATA_EXCEL", "MUTATION_ANNOTATION_FORMAT_MAF"]	[]	["生存分析", "突变景观与可视化"]	["Clinical", "WES"]		[{"semantic_format": "CLINICAL_DATA_EXCEL", "data_desc": "临床表型数据", "count": 1, "study": "HRA001749", "project_name": "scRNA-seq of liver cancer", "tumor_subtype": "Liver Cancer"}, {"semantic_format": "MUTATION_ANNOTATION_FORMAT_MAF", "data_desc": "体细胞突变 MAF 数据", "count": 85, "study": "HRA001749", "project_name": "scRNA-seq of liver cancer", "tumor_subtype": "Liver Cancer"}]
class300176	class3_data_tool_recommend	single_tool	突变景观与可视化	T023	wes_somatic_maf_landscape	HRA001749	scRNA-seq of liver cancer	Liver Cancer	要完成突变景观与可视化，需要准备哪些数据、推荐哪个工具？	完成突变景观与可视化需要数据：体细胞突变 MAF 数据；推荐工具 wes_somatic_maf_landscape。图谱中项目 scRNA-seq of liver cancer 的 HRA001749（癌种：Liver Cancer）存在这些数据，共 85 个匹配文件（文件引用已脱敏）。	["MUTATION_ANNOTATION_FORMAT_MAF"]	[]	["突变景观与可视化"]	["WES"]		[{"semantic_format": "MUTATION_ANNOTATION_FORMAT_MAF", "data_desc": "体细胞突变 MAF 数据", "count": 85, "study": "HRA001749", "project_name": "scRNA-seq of liver cancer", "tumor_subtype": "Liver Cancer"}]
class300177	class3_data_tool_recommend	single_tool	共表达网络分析	T024	wgcna	HRA000087	Single-cell RNA analysis reveals an epithelial-immune dual feature of tumor cells in nasopharyngeal carcinoma	Nasopharynx Carcinoma	项目Single-cell RNA analysis reveals an epithelial-immune dual feature of tumor cells in nasopharyngeal carcinoma中要做共表达网络分析，需要哪些数据、用什么工具？	完成共表达网络分析需要数据：临床表型数据、基因表达矩阵/表格数据；推荐工具 wgcna。图谱中项目 Single-cell RNA analysis reveals an epithelial-immune dual feature of tumor cells in nasopharyngeal carcinoma 的 HRA000087（癌种：Nasopharynx Carcinoma）存在这些数据，共 10 个匹配文件（文件引用已脱敏）。	["CLINICAL_DATA_EXCEL", "TABULAR_BIO_DATA"]	[]	["共表达网络分析"]	["Clinical", "bulk_RNA"]		[{"semantic_format": "CLINICAL_DATA_EXCEL", "data_desc": "临床表型数据", "count": 1, "study": "HRA000087", "project_name": "Single-cell RNA analysis reveals an epithelial-immune dual feature of tumor cells in nasopharyngeal carcinoma", "tumor_subtype": "Nasopharynx Carcinoma"}, {"semantic_format": "TABULAR_BIO_DATA", "data_desc": "基因表达矩阵/表格数据", "count": 9, "study": "HRA000087", "project_name": "Single-cell RNA analysis reveals an epithelial-immune dual feature of tumor cells in nasopharyngeal carcinoma", "tumor_subtype": "Nasopharynx Carcinoma"}]
class300178	class3_data_tool_recommend	single_tool	拷贝数变异分析	T028	cnvkit_cnv_clinical	HRA000074	Chinese Glioma Genome Altas (CGGA) - RNA-seq dataset (693)	High grade glioma	目标是拷贝数变异分析，应该选择什么数据和什么工具？	完成拷贝数变异分析需要数据：基因组比对 BAM 数据；推荐工具 cnvkit_cnv_clinical。图谱中项目 Chinese Glioma Genome Altas (CGGA) - RNA-seq dataset (693) 的 HRA000074（癌种：High grade glioma）存在这些数据，共 693 个匹配文件（文件引用已脱敏）。	["DNA_GENOMIC_ALIGNMENT_BAM"]	[]	["可视化与报告", "拷贝数变异分析"]	["Clinical", "WES", "WGS"]		[{"semantic_format": "RNA_TRANSCRIPTOME_ALIGNMENT_BAM", "data_desc": "转录组比对 BAM 数据", "count": 693, "study": "HRA000074", "project_name": "Chinese Glioma Genome Altas (CGGA) - RNA-seq dataset (693)", "tumor_subtype": "High grade glioma"}]
class300179	class3_data_tool_recommend	single_tool	生存分析	T029	cox_model	HRA000087	Single-cell RNA analysis reveals an epithelial-immune dual feature of tumor cells in nasopharyngeal carcinoma	Nasopharynx Carcinoma	完成生存分析需要的数据和工具分别是什么？	完成生存分析需要数据：临床表型数据、样本元数据、基因表达矩阵/表格数据；推荐工具 cox_model。图谱中项目 Single-cell RNA analysis reveals an epithelial-immune dual feature of tumor cells in nasopharyngeal carcinoma 的 HRA000087（癌种：Nasopharynx Carcinoma）存在这些数据，共 11 个匹配文件（文件引用已脱敏）。	["CLINICAL_DATA_EXCEL", "METADATA_SAMPLE_INFO", "TABULAR_BIO_DATA"]	[]	["生存分析"]	["Clinical", "bulk_RNA"]		[{"semantic_format": "CLINICAL_DATA_EXCEL", "data_desc": "临床表型数据", "count": 1, "study": "HRA000087", "project_name": "Single-cell RNA analysis reveals an epithelial-immune dual feature of tumor cells in nasopharyngeal carcinoma", "tumor_subtype": "Nasopharynx Carcinoma"}, {"semantic_format": "METADATA_SAMPLE_INFO", "data_desc": "样本元数据", "count": 1, "study": "HRA000087", "project_name": "Single-cell RNA analysis reveals an epithelial-immune dual feature of tumor cells in nasopharyngeal carcinoma", "tumor_subtype": "Nasopharynx Carcinoma"}, {"semantic_format": "TABULAR_BIO_DATA", "data_desc": "基因表达矩阵/表格数据", "count": 9, "study": "HRA000087", "project_name": "Single-cell RNA analysis reveals an epithelial-immune dual feature of tumor cells in nasopharyngeal carcinoma", "tumor_subtype": "Nasopharynx Carcinoma"}]
class300180	class3_data_tool_recommend	single_tool	功能富集分析	T032	de_enrichment	HRA000087	Single-cell RNA analysis reveals an epithelial-immune dual feature of tumor cells in nasopharyngeal carcinoma	Nasopharynx Carcinoma	我想完成功能富集分析，需要什么数据、应该用什么工具？	完成功能富集分析需要数据：临床表型数据、样本元数据、基因表达矩阵/表格数据；推荐工具 de_enrichment。图谱中项目 Single-cell RNA analysis reveals an epithelial-immune dual feature of tumor cells in nasopharyngeal carcinoma 的 HRA000087（癌种：Nasopharynx Carcinoma）存在这些数据，共 11 个匹配文件（文件引用已脱敏）。	["CLINICAL_DATA_EXCEL", "METADATA_SAMPLE_INFO", "TABULAR_BIO_DATA"]	[]	["功能富集分析", "可视化与报告", "差异表达分析"]	["Clinical", "bulk_RNA"]		[{"semantic_format": "CLINICAL_DATA_EXCEL", "data_desc": "临床表型数据", "count": 1, "study": "HRA000087", "project_name": "Single-cell RNA analysis reveals an epithelial-immune dual feature of tumor cells in nasopharyngeal carcinoma", "tumor_subtype": "Nasopharynx Carcinoma"}, {"semantic_format": "METADATA_SAMPLE_INFO", "data_desc": "样本元数据", "count": 1, "study": "HRA000087", "project_name": "Single-cell RNA analysis reveals an epithelial-immune dual feature of tumor cells in nasopharyngeal carcinoma", "tumor_subtype": "Nasopharynx Carcinoma"}, {"semantic_format": "TABULAR_BIO_DATA", "data_desc": "基因表达矩阵/表格数据", "count": 9, "study": "HRA000087", "project_name": "Single-cell RNA analysis reveals an epithelial-immune dual feature of tumor cells in nasopharyngeal carcinoma", "tumor_subtype": "Nasopharynx Carcinoma"}]
class300181	class3_data_tool_recommend	single_tool	功能富集分析	T033	deg_enrichment	HRA000087	Single-cell RNA analysis reveals an epithelial-immune dual feature of tumor cells in nasopharyngeal carcinoma	Nasopharynx Carcinoma	要完成功能富集分析，需要准备哪些数据、推荐哪个工具？	完成功能富集分析需要数据：临床表型数据、样本元数据、基因表达矩阵/表格数据；推荐工具 deg_enrichment。图谱中项目 Single-cell RNA analysis reveals an epithelial-immune dual feature of tumor cells in nasopharyngeal carcinoma 的 HRA000087（癌种：Nasopharynx Carcinoma）存在这些数据，共 11 个匹配文件（文件引用已脱敏）。	["CLINICAL_DATA_EXCEL", "METADATA_SAMPLE_INFO", "TABULAR_BIO_DATA"]	[]	["功能富集分析", "差异表达分析"]	["Clinical", "bulk_RNA"]		[{"semantic_format": "CLINICAL_DATA_EXCEL", "data_desc": "临床表型数据", "count": 1, "study": "HRA000087", "project_name": "Single-cell RNA analysis reveals an epithelial-immune dual feature of tumor cells in nasopharyngeal carcinoma", "tumor_subtype": "Nasopharynx Carcinoma"}, {"semantic_format": "METADATA_SAMPLE_INFO", "data_desc": "样本元数据", "count": 1, "study": "HRA000087", "project_name": "Single-cell RNA analysis reveals an epithelial-immune dual feature of tumor cells in nasopharyngeal carcinoma", "tumor_subtype": "Nasopharynx Carcinoma"}, {"semantic_format": "TABULAR_BIO_DATA", "data_desc": "基因表达矩阵/表格数据", "count": 9, "study": "HRA000087", "project_name": "Single-cell RNA analysis reveals an epithelial-immune dual feature of tumor cells in nasopharyngeal carcinoma", "tumor_subtype": "Nasopharynx Carcinoma"}]
class300182	class3_data_tool_recommend	single_tool	差异表达分析	T034	deg_trend	HRA000087	Single-cell RNA analysis reveals an epithelial-immune dual feature of tumor cells in nasopharyngeal carcinoma	Nasopharynx Carcinoma	项目Single-cell RNA analysis reveals an epithelial-immune dual feature of tumor cells in nasopharyngeal carcinoma中要做差异表达分析，需要哪些数据、用什么工具？	完成差异表达分析需要数据：临床表型数据、样本元数据、基因表达矩阵/表格数据；推荐工具 deg_trend。图谱中项目 Single-cell RNA analysis reveals an epithelial-immune dual feature of tumor cells in nasopharyngeal carcinoma 的 HRA000087（癌种：Nasopharynx Carcinoma）存在这些数据，共 11 个匹配文件（文件引用已脱敏）。	["CLINICAL_DATA_EXCEL", "METADATA_SAMPLE_INFO", "TABULAR_BIO_DATA"]	[]	["可视化与报告", "差异表达分析"]	["Clinical", "bulk_RNA"]		[{"semantic_format": "CLINICAL_DATA_EXCEL", "data_desc": "临床表型数据", "count": 1, "study": "HRA000087", "project_name": "Single-cell RNA analysis reveals an epithelial-immune dual feature of tumor cells in nasopharyngeal carcinoma", "tumor_subtype": "Nasopharynx Carcinoma"}, {"semantic_format": "METADATA_SAMPLE_INFO", "data_desc": "样本元数据", "count": 1, "study": "HRA000087", "project_name": "Single-cell RNA analysis reveals an epithelial-immune dual feature of tumor cells in nasopharyngeal carcinoma", "tumor_subtype": "Nasopharynx Carcinoma"}, {"semantic_format": "TABULAR_BIO_DATA", "data_desc": "基因表达矩阵/表格数据", "count": 9, "study": "HRA000087", "project_name": "Single-cell RNA analysis reveals an epithelial-immune dual feature of tumor cells in nasopharyngeal carcinoma", "tumor_subtype": "Nasopharynx Carcinoma"}]
class300183	class3_data_tool_recommend	single_tool	可视化与报告	T035	gene_boxplot	HRA000087	Single-cell RNA analysis reveals an epithelial-immune dual feature of tumor cells in nasopharyngeal carcinoma	Nasopharynx Carcinoma	目标是可视化与报告，应该选择什么数据和什么工具？	完成可视化与报告需要数据：临床表型数据、样本元数据、基因表达矩阵/表格数据；推荐工具 gene_boxplot。图谱中项目 Single-cell RNA analysis reveals an epithelial-immune dual feature of tumor cells in nasopharyngeal carcinoma 的 HRA000087（癌种：Nasopharynx Carcinoma）存在这些数据，共 11 个匹配文件（文件引用已脱敏）。	["CLINICAL_DATA_EXCEL", "METADATA_SAMPLE_INFO", "TABULAR_BIO_DATA"]	[]	["可视化与报告"]	["Clinical", "bulk_RNA"]		[{"semantic_format": "CLINICAL_DATA_EXCEL", "data_desc": "临床表型数据", "count": 1, "study": "HRA000087", "project_name": "Single-cell RNA analysis reveals an epithelial-immune dual feature of tumor cells in nasopharyngeal carcinoma", "tumor_subtype": "Nasopharynx Carcinoma"}, {"semantic_format": "METADATA_SAMPLE_INFO", "data_desc": "样本元数据", "count": 1, "study": "HRA000087", "project_name": "Single-cell RNA analysis reveals an epithelial-immune dual feature of tumor cells in nasopharyngeal carcinoma", "tumor_subtype": "Nasopharynx Carcinoma"}, {"semantic_format": "TABULAR_BIO_DATA", "data_desc": "基因表达矩阵/表格数据", "count": 9, "study": "HRA000087", "project_name": "Single-cell RNA analysis reveals an epithelial-immune dual feature of tumor cells in nasopharyngeal carcinoma", "tumor_subtype": "Nasopharynx Carcinoma"}]
class300184	class3_data_tool_recommend	single_tool	功能富集分析	T036	gsea_pathway_enrichment	HRA000087	Single-cell RNA analysis reveals an epithelial-immune dual feature of tumor cells in nasopharyngeal carcinoma	Nasopharynx Carcinoma	完成功能富集分析需要的数据和工具分别是什么？	完成功能富集分析需要数据：基因表达矩阵/表格数据；推荐工具 gsea_pathway_enrichment。图谱中项目 Single-cell RNA analysis reveals an epithelial-immune dual feature of tumor cells in nasopharyngeal carcinoma 的 HRA000087（癌种：Nasopharynx Carcinoma）存在这些数据，共 9 个匹配文件（文件引用已脱敏）。	["TABULAR_BIO_DATA"]	[]	["功能富集分析"]	["Clinical", "bulk_RNA"]		[{"semantic_format": "TABULAR_BIO_DATA", "data_desc": "基因表达矩阵/表格数据", "count": 9, "study": "HRA000087", "project_name": "Single-cell RNA analysis reveals an epithelial-immune dual feature of tumor cells in nasopharyngeal carcinoma", "tumor_subtype": "Nasopharynx Carcinoma"}]
class300185	class3_data_tool_recommend	single_tool	生存分析	T040	km_survival	HRA000087	Single-cell RNA analysis reveals an epithelial-immune dual feature of tumor cells in nasopharyngeal carcinoma	Nasopharynx Carcinoma	我想完成生存分析，需要什么数据、应该用什么工具？	完成生存分析需要数据：临床表型数据、样本元数据、基因表达矩阵/表格数据；推荐工具 km_survival。图谱中项目 Single-cell RNA analysis reveals an epithelial-immune dual feature of tumor cells in nasopharyngeal carcinoma 的 HRA000087（癌种：Nasopharynx Carcinoma）存在这些数据，共 11 个匹配文件（文件引用已脱敏）。	["CLINICAL_DATA_EXCEL", "METADATA_SAMPLE_INFO", "TABULAR_BIO_DATA"]	[]	["可视化与报告", "生存分析"]	["Clinical", "bulk_RNA"]		[{"semantic_format": "CLINICAL_DATA_EXCEL", "data_desc": "临床表型数据", "count": 1, "study": "HRA000087", "project_name": "Single-cell RNA analysis reveals an epithelial-immune dual feature of tumor cells in nasopharyngeal carcinoma", "tumor_subtype": "Nasopharynx Carcinoma"}, {"semantic_format": "METADATA_SAMPLE_INFO", "data_desc": "样本元数据", "count": 1, "study": "HRA000087", "project_name": "Single-cell RNA analysis reveals an epithelial-immune dual feature of tumor cells in nasopharyngeal carcinoma", "tumor_subtype": "Nasopharynx Carcinoma"}, {"semantic_format": "TABULAR_BIO_DATA", "data_desc": "基因表达矩阵/表格数据", "count": 9, "study": "HRA000087", "project_name": "Single-cell RNA analysis reveals an epithelial-immune dual feature of tumor cells in nasopharyngeal carcinoma", "tumor_subtype": "Nasopharynx Carcinoma"}]
class300186	class3_data_tool_recommend	single_tool	表达矩阵预处理与归一化	T042	preprocess_counts	HRA000122	Integrated Genomic Analyses Identify High-Risk Factors Associated with Poor Outcomes of T-ALL	Acute T cell leukemia	要完成表达矩阵预处理与归一化，需要准备哪些数据、推荐哪个工具？	完成表达矩阵预处理与归一化需要数据：基因表达矩阵/表格数据；推荐工具 preprocess_counts。图谱中项目 Integrated Genomic Analyses Identify High-Risk Factors Associated with Poor Outcomes of T-ALL 的 HRA000122（癌种：Acute T cell leukemia）存在这些数据，共 3 个匹配文件（文件引用已脱敏）。	["TABULAR_BIO_DATA"]	[]	["表达矩阵预处理与归一化"]	["bulk_RNA"]		[{"semantic_format": "TABULAR_BIO_DATA", "data_desc": "基因表达矩阵/表格数据", "count": 3, "study": "HRA000122", "project_name": "Integrated Genomic Analyses Identify High-Risk Factors Associated with Poor Outcomes of T-ALL", "tumor_subtype": "Acute T cell leukemia"}]
class300187	class3_data_tool_recommend	single_tool	可变剪接分析	T043	rmats_alternative_splicing	HRA001272	Integrated genomic and transcriptomic profiling dissects spatiotemporal evolution of metastatic hepatocellular carcinoma	Hepatocellular carcinoma	项目Integrated genomic and transcriptomic profiling dissects spatiotemporal evolution of metastatic hepatocellular carcinoma中要做可变剪接分析，需要哪些数据、用什么工具？	完成可变剪接分析需要数据：转录组比对 BAM 数据；推荐工具 rmats_alternative_splicing（另需公共参考资源：参考基因组 FASTA）。图谱中项目 Integrated genomic and transcriptomic profiling dissects spatiotemporal evolution of metastatic hepatocellular carcinoma 的 HRA001272（癌种：Hepatocellular carcinoma）存在这些数据，共 430 个匹配文件（文件引用已脱敏）。	["RNA_TRANSCRIPTOME_ALIGNMENT_BAM"]	["REFERENCE_GENOME_FASTA"]	["可变剪接分析"]	["bulk_RNA"]		[{"semantic_format": "RNA_TRANSCRIPTOME_ALIGNMENT_BAM", "data_desc": "转录组比对 BAM 数据", "count": 430, "study": "HRA001272", "project_name": "Integrated genomic and transcriptomic profiling dissects spatiotemporal evolution of metastatic hepatocellular carcinoma", "tumor_subtype": "Hepatocellular carcinoma"}]
class300188	class3_data_tool_recommend	single_tool	RNA序列比对	T044	rnaseq_singletask	HRA000122	Integrated Genomic Analyses Identify High-Risk Factors Associated with Poor Outcomes of T-ALL	Acute T cell leukemia	目标是RNA序列比对，应该选择什么数据和什么工具？	完成RNA序列比对需要数据：原始双端测序数据（R1）、原始双端测序数据（R2）；推荐工具 rnaseq_singletask（另需公共参考资源：参考基因组 FASTA）。图谱中项目 Integrated Genomic Analyses Identify High-Risk Factors Associated with Poor Outcomes of T-ALL 的 HRA000122（癌种：Acute T cell leukemia）存在这些数据，共 696 个匹配文件（文件引用已脱敏）。	["RAW_PAIRED_END_R1_FASTQ", "RAW_PAIRED_END_R2_FASTQ"]	["REFERENCE_GENOME_FASTA"]	["RNA序列比对", "接头与低质量序列修剪", "测序质量评估", "表达定量"]	["bulk_RNA"]		[{"semantic_format": "RAW_PAIRED_END_R1_FASTQ", "data_desc": "原始双端测序数据（R1）", "count": 348, "study": "HRA000122", "project_name": "Integrated Genomic Analyses Identify High-Risk Factors Associated with Poor Outcomes of T-ALL", "tumor_subtype": "Acute T cell leukemia"}, {"semantic_format": "RAW_PAIRED_END_R2_FASTQ", "data_desc": "原始双端测序数据（R2）", "count": 348, "study": "HRA000122", "project_name": "Integrated Genomic Analyses Identify High-Risk Factors Associated with Poor Outcomes of T-ALL", "tumor_subtype": "Acute T cell leukemia"}]
class300189	class3_data_tool_recommend	single_tool	可视化与报告	T046	stage_heatmap	HRA000087	Single-cell RNA analysis reveals an epithelial-immune dual feature of tumor cells in nasopharyngeal carcinoma	Nasopharynx Carcinoma	完成可视化与报告需要的数据和工具分别是什么？	完成可视化与报告需要数据：临床表型数据、样本元数据、基因表达矩阵/表格数据；推荐工具 stage_heatmap。图谱中项目 Single-cell RNA analysis reveals an epithelial-immune dual feature of tumor cells in nasopharyngeal carcinoma 的 HRA000087（癌种：Nasopharynx Carcinoma）存在这些数据，共 11 个匹配文件（文件引用已脱敏）。	["CLINICAL_DATA_EXCEL", "METADATA_SAMPLE_INFO", "TABULAR_BIO_DATA"]	[]	["可视化与报告"]	["Clinical", "bulk_RNA"]		[{"semantic_format": "CLINICAL_DATA_EXCEL", "data_desc": "临床表型数据", "count": 1, "study": "HRA000087", "project_name": "Single-cell RNA analysis reveals an epithelial-immune dual feature of tumor cells in nasopharyngeal carcinoma", "tumor_subtype": "Nasopharynx Carcinoma"}, {"semantic_format": "METADATA_SAMPLE_INFO", "data_desc": "样本元数据", "count": 1, "study": "HRA000087", "project_name": "Single-cell RNA analysis reveals an epithelial-immune dual feature of tumor cells in nasopharyngeal carcinoma", "tumor_subtype": "Nasopharynx Carcinoma"}, {"semantic_format": "TABULAR_BIO_DATA", "data_desc": "基因表达矩阵/表格数据", "count": 9, "study": "HRA000087", "project_name": "Single-cell RNA analysis reveals an epithelial-immune dual feature of tumor cells in nasopharyngeal carcinoma", "tumor_subtype": "Nasopharynx Carcinoma"}]
class300190	class3_data_tool_recommend	single_tool	可视化与报告	T048	umap	HRA000087	Single-cell RNA analysis reveals an epithelial-immune dual feature of tumor cells in nasopharyngeal carcinoma	Nasopharynx Carcinoma	我想完成可视化与报告，需要什么数据、应该用什么工具？	完成可视化与报告需要数据：临床表型数据、样本元数据、基因表达矩阵/表格数据；推荐工具 umap。图谱中项目 Single-cell RNA analysis reveals an epithelial-immune dual feature of tumor cells in nasopharyngeal carcinoma 的 HRA000087（癌种：Nasopharynx Carcinoma）存在这些数据，共 11 个匹配文件（文件引用已脱敏）。	["CLINICAL_DATA_EXCEL", "METADATA_SAMPLE_INFO", "TABULAR_BIO_DATA"]	[]	["可视化与报告"]	["Clinical", "bulk_RNA"]		[{"semantic_format": "CLINICAL_DATA_EXCEL", "data_desc": "临床表型数据", "count": 1, "study": "HRA000087", "project_name": "Single-cell RNA analysis reveals an epithelial-immune dual feature of tumor cells in nasopharyngeal carcinoma", "tumor_subtype": "Nasopharynx Carcinoma"}, {"semantic_format": "METADATA_SAMPLE_INFO", "data_desc": "样本元数据", "count": 1, "study": "HRA000087", "project_name": "Single-cell RNA analysis reveals an epithelial-immune dual feature of tumor cells in nasopharyngeal carcinoma", "tumor_subtype": "Nasopharynx Carcinoma"}, {"semantic_format": "TABULAR_BIO_DATA", "data_desc": "基因表达矩阵/表格数据", "count": 9, "study": "HRA000087", "project_name": "Single-cell RNA analysis reveals an epithelial-immune dual feature of tumor cells in nasopharyngeal carcinoma", "tumor_subtype": "Nasopharynx Carcinoma"}]
class300191	class3_data_tool_recommend	single_tool	DNA序列比对	T049	wes_somatic_pair	HRA001272	Integrated genomic and transcriptomic profiling dissects spatiotemporal evolution of metastatic hepatocellular carcinoma	Hepatocellular carcinoma	要完成DNA序列比对，需要准备哪些数据、推荐哪个工具？	完成DNA序列比对需要数据：变异 VCF 数据、原始双端测序数据（R1）、原始双端测序数据（R2）；推荐工具 wes_somatic_pair（另需公共参考资源：参考基因组 FASTA、目标区间列表）。图谱中项目 Integrated genomic and transcriptomic profiling dissects spatiotemporal evolution of metastatic hepatocellular carcinoma 的 HRA001272（癌种：Hepatocellular carcinoma）存在这些数据，共 4269 个匹配文件（文件引用已脱敏）。	["DNA_VARIANT_VCF_GENERAL", "RAW_PAIRED_END_R1_FASTQ", "RAW_PAIRED_END_R2_FASTQ"]	["REFERENCE_GENOME_FASTA", "TARGET_INTERVAL_LIST"]	["DNA序列比对", "体细胞变异检测", "变异注释", "变异质量校正", "可视化与报告", "测序质量评估"]	["WES", "WGS"]		[{"semantic_format": "DNA_VARIANT_VCF_GENERAL", "data_desc": "变异 VCF 数据", "count": 1909, "study": "HRA001272", "project_name": "Integrated genomic and transcriptomic profiling dissects spatiotemporal evolution of metastatic hepatocellular carcinoma", "tumor_subtype": "Hepatocellular carcinoma"}, {"semantic_format": "RAW_PAIRED_END_R1_FASTQ", "data_desc": "原始双端测序数据（R1）", "count": 1180, "study": "HRA001272", "project_name": "Integrated genomic and transcriptomic profiling dissects spatiotemporal evolution of metastatic hepatocellular carcinoma", "tumor_subtype": "Hepatocellular carcinoma"}, {"semantic_format": "RAW_PAIRED_END_R2_FASTQ", "data_desc": "原始双端测序数据（R2）", "count": 1180, "study": "HRA001272", "project_name": "Integrated genomic and transcriptomic profiling dissects spatiotemporal evolution of metastatic hepatocellular carcinoma", "tumor_subtype": "Hepatocellular carcinoma"}]
class300192	class3_data_tool_recommend	single_tool	共表达网络分析	T050	wgcna_hub	HRA000087	Single-cell RNA analysis reveals an epithelial-immune dual feature of tumor cells in nasopharyngeal carcinoma	Nasopharynx Carcinoma	项目Single-cell RNA analysis reveals an epithelial-immune dual feature of tumor cells in nasopharyngeal carcinoma中要做共表达网络分析，需要哪些数据、用什么工具？	完成共表达网络分析需要数据：临床表型数据、样本元数据、基因表达矩阵/表格数据；推荐工具 wgcna_hub。图谱中项目 Single-cell RNA analysis reveals an epithelial-immune dual feature of tumor cells in nasopharyngeal carcinoma 的 HRA000087（癌种：Nasopharynx Carcinoma）存在这些数据，共 11 个匹配文件（文件引用已脱敏）。	["CLINICAL_DATA_EXCEL", "METADATA_SAMPLE_INFO", "TABULAR_BIO_DATA"]	[]	["共表达网络分析"]	["Clinical", "bulk_RNA"]		[{"semantic_format": "CLINICAL_DATA_EXCEL", "data_desc": "临床表型数据", "count": 1, "study": "HRA000087", "project_name": "Single-cell RNA analysis reveals an epithelial-immune dual feature of tumor cells in nasopharyngeal carcinoma", "tumor_subtype": "Nasopharynx Carcinoma"}, {"semantic_format": "METADATA_SAMPLE_INFO", "data_desc": "样本元数据", "count": 1, "study": "HRA000087", "project_name": "Single-cell RNA analysis reveals an epithelial-immune dual feature of tumor cells in nasopharyngeal carcinoma", "tumor_subtype": "Nasopharynx Carcinoma"}, {"semantic_format": "TABULAR_BIO_DATA", "data_desc": "基因表达矩阵/表格数据", "count": 9, "study": "HRA000087", "project_name": "Single-cell RNA analysis reveals an epithelial-immune dual feature of tumor cells in nasopharyngeal carcinoma", "tumor_subtype": "Nasopharynx Carcinoma"}]
class300193	class3_data_tool_recommend	single_tool	共表达网络分析	T051	wgcna_module_trait	HRA000087	Single-cell RNA analysis reveals an epithelial-immune dual feature of tumor cells in nasopharyngeal carcinoma	Nasopharynx Carcinoma	目标是共表达网络分析，应该选择什么数据和什么工具？	完成共表达网络分析需要数据：临床表型数据、样本元数据、基因表达矩阵/表格数据；推荐工具 wgcna_module_trait。图谱中项目 Single-cell RNA analysis reveals an epithelial-immune dual feature of tumor cells in nasopharyngeal carcinoma 的 HRA000087（癌种：Nasopharynx Carcinoma）存在这些数据，共 11 个匹配文件（文件引用已脱敏）。	["CLINICAL_DATA_EXCEL", "METADATA_SAMPLE_INFO", "TABULAR_BIO_DATA"]	[]	["共表达网络分析"]	["Clinical", "bulk_RNA"]		[{"semantic_format": "CLINICAL_DATA_EXCEL", "data_desc": "临床表型数据", "count": 1, "study": "HRA000087", "project_name": "Single-cell RNA analysis reveals an epithelial-immune dual feature of tumor cells in nasopharyngeal carcinoma", "tumor_subtype": "Nasopharynx Carcinoma"}, {"semantic_format": "METADATA_SAMPLE_INFO", "data_desc": "样本元数据", "count": 1, "study": "HRA000087", "project_name": "Single-cell RNA analysis reveals an epithelial-immune dual feature of tumor cells in nasopharyngeal carcinoma", "tumor_subtype": "Nasopharynx Carcinoma"}, {"semantic_format": "TABULAR_BIO_DATA", "data_desc": "基因表达矩阵/表格数据", "count": 9, "study": "HRA000087", "project_name": "Single-cell RNA analysis reveals an epithelial-immune dual feature of tumor cells in nasopharyngeal carcinoma", "tumor_subtype": "Nasopharynx Carcinoma"}]
class300194	class3_data_tool_recommend	single_tool	变异过滤与处理	T052	gatk_germline_cohort	HRA007169	Multi-omics of acral melanoma	Acral melanoma	完成变异过滤与处理需要的数据和工具分别是什么？	完成变异过滤与处理需要数据：临床表型数据、基因组比对 BAM 数据、VCF 索引数据、变异 VCF 数据、样本元数据；推荐工具 gatk_germline_cohort（另需公共参考资源：参考基因组 FASTA、目标区间列表）。图谱中项目 Multi-omics of acral melanoma 的 HRA007169（癌种：Acral melanoma）存在这些数据，共 702 个匹配文件（文件引用已脱敏）。	["CLINICAL_DATA_EXCEL", "DNA_GENOMIC_ALIGNMENT_BAM", "DNA_VARIANT_INDEX_TBI", "DNA_VARIANT_VCF_GENERAL", "METADATA_SAMPLE_INFO"]	["REFERENCE_GENOME_FASTA", "TARGET_INTERVAL_LIST"]	["变异过滤与处理", "胚系变异检测"]	["Clinical", "WES", "WGS"]		[{"semantic_format": "CLINICAL_DATA_EXCEL", "data_desc": "临床表型数据", "count": 1, "study": "HRA007169", "project_name": "Multi-omics of acral melanoma", "tumor_subtype": "Acral melanoma"}, {"semantic_format": "DNA_ALIGNMENT_BQSR_BAM", "data_desc": "碱基质量校正后的比对 BAM 数据", "count": 168, "study": "HRA007169", "project_name": "Multi-omics of acral melanoma", "tumor_subtype": "Acral melanoma"}, {"semantic_format": "DNA_VARIANT_INDEX_TBI", "data_desc": "VCF 索引数据", "count": 152, "study": "HRA007169", "project_name": "Multi-omics of acral melanoma", "tumor_subtype": "Acral melanoma"}, {"semantic_format": "DNA_VARIANT_VCF_GENERAL", "data_desc": "变异 VCF 数据", "count": 380, "study": "HRA007169", "project_name": "Multi-omics of acral melanoma", "tumor_subtype": "Acral melanoma"}, {"semantic_format": "METADATA_SAMPLE_INFO", "data_desc": "样本元数据", "count": 1, "study": "HRA007169", "project_name": "Multi-omics of acral melanoma", "tumor_subtype": "Acral melanoma"}]
class300195	class3_data_tool_recommend	single_tool	结构变异检测	T053	manta_structural_variants	HRA000873	Whole  exome sequencing  of patients with CRC from the Changkang project	Colorectal Cancer	我想完成结构变异检测，需要什么数据、应该用什么工具？	完成结构变异检测需要数据：基因组比对 BAM 数据；推荐工具 manta_structural_variants（另需公共参考资源：参考基因组 FASTA）。图谱中项目 Whole  exome sequencing  of patients with CRC from the Changkang project 的 HRA000873（癌种：Colorectal Cancer）存在这些数据，共 2030 个匹配文件（文件引用已脱敏）。	["DNA_GENOMIC_ALIGNMENT_BAM"]	["REFERENCE_GENOME_FASTA"]	["结构变异检测"]	["WES", "WGS"]		[{"semantic_format": "DNA_ALIGNMENT_BQSR_BAM", "data_desc": "碱基质量校正后的比对 BAM 数据", "count": 2030, "study": "HRA000873", "project_name": "Whole  exome sequencing  of patients with CRC from the Changkang project", "tumor_subtype": "Colorectal Cancer"}]
class300196	class3_data_tool_recommend	single_tool	基因融合检测	T054	star_fusion	HRA000074	Chinese Glioma Genome Altas (CGGA) - RNA-seq dataset (693)	High grade glioma	要完成基因融合检测，需要准备哪些数据、推荐哪个工具？	完成基因融合检测需要数据：样本元数据、原始双端测序数据（R1）、原始双端测序数据（R2）；推荐工具 star_fusion。图谱中项目 Chinese Glioma Genome Altas (CGGA) - RNA-seq dataset (693) 的 HRA000074（癌种：High grade glioma）存在这些数据，共 1387 个匹配文件（文件引用已脱敏）。	["METADATA_SAMPLE_INFO", "RAW_PAIRED_END_R1_FASTQ", "RAW_PAIRED_END_R2_FASTQ"]	[]	["基因融合检测"]	["Clinical", "bulk_RNA"]		[{"semantic_format": "METADATA_SAMPLE_INFO", "data_desc": "样本元数据", "count": 1, "study": "HRA000074", "project_name": "Chinese Glioma Genome Altas (CGGA) - RNA-seq dataset (693)", "tumor_subtype": "High grade glioma"}, {"semantic_format": "RAW_PAIRED_END_R1_FASTQ", "data_desc": "原始双端测序数据（R1）", "count": 693, "study": "HRA000074", "project_name": "Chinese Glioma Genome Altas (CGGA) - RNA-seq dataset (693)", "tumor_subtype": "High grade glioma"}, {"semantic_format": "RAW_PAIRED_END_R2_FASTQ", "data_desc": "原始双端测序数据（R2）", "count": 693, "study": "HRA000074", "project_name": "Chinese Glioma Genome Altas (CGGA) - RNA-seq dataset (693)", "tumor_subtype": "High grade glioma"}]
class300197	class3_data_tool_recommend	single_tool	接头与低质量序列修剪	T001	fastp	HRA001749	scRNA-seq of liver cancer	Liver Cancer	项目scRNA-seq of liver cancer中要做接头与低质量序列修剪，需要哪些数据、用什么工具？	完成接头与低质量序列修剪需要数据：原始双端测序数据（R1）、原始双端测序数据（R2）；推荐工具 fastp。图谱中项目 scRNA-seq of liver cancer 的 HRA001749（癌种：Liver Cancer）存在这些数据，共 356 个匹配文件（文件引用已脱敏）。	["RAW_PAIRED_END_R1_FASTQ", "RAW_PAIRED_END_R2_FASTQ"]	[]	["接头与低质量序列修剪", "测序质量评估"]	["WES"]		[{"semantic_format": "RAW_PAIRED_END_R1_FASTQ", "data_desc": "原始双端测序数据（R1）", "count": 178, "study": "HRA001749", "project_name": "scRNA-seq of liver cancer", "tumor_subtype": "Liver Cancer"}, {"semantic_format": "RAW_PAIRED_END_R2_FASTQ", "data_desc": "原始双端测序数据（R2）", "count": 178, "study": "HRA001749", "project_name": "scRNA-seq of liver cancer", "tumor_subtype": "Liver Cancer"}]
class300198	class3_data_tool_recommend	single_tool	测序质量评估	T002	fastqc	HRA000074	Chinese Glioma Genome Altas (CGGA) - RNA-seq dataset (693)	High grade glioma	目标是测序质量评估，应该选择什么数据和什么工具？	完成测序质量评估需要数据：原始单端测序数据；推荐工具 fastqc。图谱中项目 Chinese Glioma Genome Altas (CGGA) - RNA-seq dataset (693) 的 HRA000074（癌种：High grade glioma）存在这些数据，共 1386 个匹配文件（文件引用已脱敏）。	["RAW_SINGLE_END_FASTQ"]	[]	["可视化与报告", "测序质量评估"]	["WES", "WGS", "bulk_RNA", "sc-RNA"]		[{"semantic_format": "RAW_PAIRED_END_R1_FASTQ", "data_desc": "原始双端测序数据（R1）", "count": 693, "study": "HRA000074", "project_name": "Chinese Glioma Genome Altas (CGGA) - RNA-seq dataset (693)", "tumor_subtype": "High grade glioma"}, {"semantic_format": "RAW_PAIRED_END_R2_FASTQ", "data_desc": "原始双端测序数据（R2）", "count": 693, "study": "HRA000074", "project_name": "Chinese Glioma Genome Altas (CGGA) - RNA-seq dataset (693)", "tumor_subtype": "High grade glioma"}]
class300199	class3_data_tool_recommend	single_tool	单细胞比对与定量	T003	cellranger_workflow	HRA002693	Multi-center RNA sequencing analysis for acute myeloid leukemia	Acute Myeloid Leukemia	完成单细胞比对与定量需要的数据和工具分别是什么？	完成单细胞比对与定量需要数据：基因组比对 BAM 数据、原始单端测序数据；推荐工具 cellranger_workflow。图谱中项目 Multi-center RNA sequencing analysis for acute myeloid leukemia 的 HRA002693（癌种：Acute Myeloid Leukemia）存在这些数据，共 1752 个匹配文件（文件引用已脱敏）。	["DNA_GENOMIC_ALIGNMENT_BAM", "RAW_SINGLE_END_FASTQ"]	[]	["单细胞比对与定量", "可视化与报告", "测序质量评估"]	["bulk_RNA", "sc-RNA"]		[{"semantic_format": "RNA_TRANSCRIPTOME_ALIGNMENT_BAM", "data_desc": "转录组比对 BAM 数据", "count": 442, "study": "HRA002693", "project_name": "Multi-center RNA sequencing analysis for acute myeloid leukemia", "tumor_subtype": "Acute Myeloid Leukemia"}, {"semantic_format": "RAW_PAIRED_END_R1_FASTQ", "data_desc": "原始双端测序数据（R1）", "count": 655, "study": "HRA002693", "project_name": "Multi-center RNA sequencing analysis for acute myeloid leukemia", "tumor_subtype": "Acute Myeloid Leukemia"}, {"semantic_format": "RAW_PAIRED_END_R2_FASTQ", "data_desc": "原始双端测序数据（R2）", "count": 655, "study": "HRA002693", "project_name": "Multi-center RNA sequencing analysis for acute myeloid leukemia", "tumor_subtype": "Acute Myeloid Leukemia"}]
class300200	class3_data_tool_recommend	single_tool	接头与低质量序列修剪	T004	trim_galore	HRA001272	Integrated genomic and transcriptomic profiling dissects spatiotemporal evolution of metastatic hepatocellular carcinoma	Hepatocellular carcinoma	我想完成接头与低质量序列修剪，需要什么数据、应该用什么工具？	完成接头与低质量序列修剪需要数据：原始双端测序数据（R1）、原始双端测序数据（R2）；推荐工具 trim_galore。图谱中项目 Integrated genomic and transcriptomic profiling dissects spatiotemporal evolution of metastatic hepatocellular carcinoma 的 HRA001272（癌种：Hepatocellular carcinoma）存在这些数据，共 2360 个匹配文件（文件引用已脱敏）。	["RAW_PAIRED_END_R1_FASTQ", "RAW_PAIRED_END_R2_FASTQ"]	[]	["接头与低质量序列修剪"]	["bulk_RNA"]		[{"semantic_format": "RAW_PAIRED_END_R1_FASTQ", "data_desc": "原始双端测序数据（R1）", "count": 1180, "study": "HRA001272", "project_name": "Integrated genomic and transcriptomic profiling dissects spatiotemporal evolution of metastatic hepatocellular carcinoma", "tumor_subtype": "Hepatocellular carcinoma"}, {"semantic_format": "RAW_PAIRED_END_R2_FASTQ", "data_desc": "原始双端测序数据（R2）", "count": 1180, "study": "HRA001272", "project_name": "Integrated genomic and transcriptomic profiling dissects spatiotemporal evolution of metastatic hepatocellular carcinoma", "tumor_subtype": "Hepatocellular carcinoma"}]
class300201	class3_data_tool_recommend	single_tool	RNA序列比对	T005	star	HRA001272	Integrated genomic and transcriptomic profiling dissects spatiotemporal evolution of metastatic hepatocellular carcinoma	Hepatocellular carcinoma	要完成RNA序列比对，需要准备哪些数据、推荐哪个工具？	完成RNA序列比对需要数据：原始双端测序数据（R1）、原始双端测序数据（R2）；推荐工具 star（另需公共参考资源：参考基因组 FASTA）。图谱中项目 Integrated genomic and transcriptomic profiling dissects spatiotemporal evolution of metastatic hepatocellular carcinoma 的 HRA001272（癌种：Hepatocellular carcinoma）存在这些数据，共 2360 个匹配文件（文件引用已脱敏）。	["RAW_PAIRED_END_R1_FASTQ", "RAW_PAIRED_END_R2_FASTQ"]	["REFERENCE_GENOME_FASTA"]	["RNA序列比对"]	["bulk_RNA"]		[{"semantic_format": "RAW_PAIRED_END_R1_FASTQ", "data_desc": "原始双端测序数据（R1）", "count": 1180, "study": "HRA001272", "project_name": "Integrated genomic and transcriptomic profiling dissects spatiotemporal evolution of metastatic hepatocellular carcinoma", "tumor_subtype": "Hepatocellular carcinoma"}, {"semantic_format": "RAW_PAIRED_END_R2_FASTQ", "data_desc": "原始双端测序数据（R2）", "count": 1180, "study": "HRA001272", "project_name": "Integrated genomic and transcriptomic profiling dissects spatiotemporal evolution of metastatic hepatocellular carcinoma", "tumor_subtype": "Hepatocellular carcinoma"}]
class300202	class3_data_tool_recommend	single_tool	DNA序列比对	T006	bwa	HRA001749	scRNA-seq of liver cancer	Liver Cancer	项目scRNA-seq of liver cancer中要做DNA序列比对，需要哪些数据、用什么工具？	完成DNA序列比对需要数据：原始双端测序数据（R1）、原始双端测序数据（R2）；推荐工具 bwa（另需公共参考资源：参考基因组 FASTA）。图谱中项目 scRNA-seq of liver cancer 的 HRA001749（癌种：Liver Cancer）存在这些数据，共 356 个匹配文件（文件引用已脱敏）。	["RAW_PAIRED_END_R1_FASTQ", "RAW_PAIRED_END_R2_FASTQ"]	["REFERENCE_GENOME_FASTA"]	["DNA序列比对"]	["WES"]		[{"semantic_format": "RAW_PAIRED_END_R1_FASTQ", "data_desc": "原始双端测序数据（R1）", "count": 178, "study": "HRA001749", "project_name": "scRNA-seq of liver cancer", "tumor_subtype": "Liver Cancer"}, {"semantic_format": "RAW_PAIRED_END_R2_FASTQ", "data_desc": "原始双端测序数据（R2）", "count": 178, "study": "HRA001749", "project_name": "scRNA-seq of liver cancer", "tumor_subtype": "Liver Cancer"}]
class300203	class3_data_tool_recommend	single_tool	比对后处理与去重	T007	samtools	HRA000122	Integrated Genomic Analyses Identify High-Risk Factors Associated with Poor Outcomes of T-ALL	Acute T cell leukemia	目标是比对后处理与去重，应该选择什么数据和什么工具？	完成比对后处理与去重需要数据：基因组比对 BAM 数据；推荐工具 samtools。图谱中项目 Integrated Genomic Analyses Identify High-Risk Factors Associated with Poor Outcomes of T-ALL 的 HRA000122（癌种：Acute T cell leukemia）存在这些数据，共 124 个匹配文件（文件引用已脱敏）。	["DNA_GENOMIC_ALIGNMENT_BAM"]	[]	["比对后处理与去重"]	["WES", "WGS", "bulk_RNA"]		[{"semantic_format": "RNA_TRANSCRIPTOME_ALIGNMENT_BAM", "data_desc": "转录组比对 BAM 数据", "count": 124, "study": "HRA000122", "project_name": "Integrated Genomic Analyses Identify High-Risk Factors Associated with Poor Outcomes of T-ALL", "tumor_subtype": "Acute T cell leukemia"}]
class300204	class3_data_tool_recommend	single_tool	体细胞变异检测	T008	gatk	HRA001749	scRNA-seq of liver cancer	Liver Cancer	完成体细胞变异检测需要的数据和工具分别是什么？	完成体细胞变异检测需要数据：基因组比对 BAM 数据；推荐工具 gatk（另需公共参考资源：参考基因组 FASTA、目标区间列表）。图谱中项目 scRNA-seq of liver cancer 的 HRA001749（癌种：Liver Cancer）存在这些数据，共 178 个匹配文件（文件引用已脱敏）。	["DNA_GENOMIC_ALIGNMENT_BAM"]	["REFERENCE_GENOME_FASTA", "TARGET_INTERVAL_LIST"]	["体细胞变异检测", "变异质量校正"]	["WES"]		[{"semantic_format": "DNA_ALIGNMENT_BQSR_BAM", "data_desc": "碱基质量校正后的比对 BAM 数据", "count": 178, "study": "HRA001749", "project_name": "scRNA-seq of liver cancer", "tumor_subtype": "Liver Cancer"}]
class300205	class3_data_tool_recommend	single_tool	变异过滤与处理	T009	bcftools	HRA016026	Multi-omics Landscape of Central Nervous System Tumors	Lung Cancer	我想完成变异过滤与处理，需要什么数据、应该用什么工具？	完成变异过滤与处理需要数据：VCF 索引数据、变异 VCF 数据；推荐工具 bcftools（另需公共参考资源：参考基因组 FASTA）。图谱中项目 Multi-omics Landscape of Central Nervous System Tumors 的 HRA016026（癌种：Lung Cancer）存在这些数据，共 2100 个匹配文件（文件引用已脱敏）。	["DNA_VARIANT_INDEX_TBI", "DNA_VARIANT_VCF_GENERAL"]	["REFERENCE_GENOME_FASTA"]	["变异过滤与处理", "可视化与报告"]	["WES"]		[{"semantic_format": "DNA_VARIANT_INDEX_TBI", "data_desc": "VCF 索引数据", "count": 1050, "study": "HRA016026", "project_name": "Multi-omics Landscape of Central Nervous System Tumors", "tumor_subtype": "Lung Cancer"}, {"semantic_format": "DNA_VARIANT_VCF_GENERAL", "data_desc": "变异 VCF 数据", "count": 1050, "study": "HRA016026", "project_name": "Multi-omics Landscape of Central Nervous System Tumors", "tumor_subtype": "Lung Cancer"}]
class300206	class3_data_tool_recommend	single_tool	变异注释	T010	snpeff	HRA001749	scRNA-seq of liver cancer	Liver Cancer	要完成变异注释，需要准备哪些数据、推荐哪个工具？	完成变异注释需要数据：变异 VCF 数据；推荐工具 snpeff（另需公共参考资源：参考基因组 FASTA）。图谱中项目 scRNA-seq of liver cancer 的 HRA001749（癌种：Liver Cancer）存在这些数据，共 336 个匹配文件（文件引用已脱敏）。	["DNA_VARIANT_VCF_GENERAL"]	["REFERENCE_GENOME_FASTA"]	["变异注释", "可视化与报告"]	["WES", "WGS"]		[{"semantic_format": "DNA_VARIANT_VCF_GENERAL", "data_desc": "变异 VCF 数据", "count": 336, "study": "HRA001749", "project_name": "scRNA-seq of liver cancer", "tumor_subtype": "Liver Cancer"}]
class300207	class3_data_tool_recommend	single_tool	表达定量	T011	rsem	HRA002693	Multi-center RNA sequencing analysis for acute myeloid leukemia	Acute Myeloid Leukemia	项目Multi-center RNA sequencing analysis for acute myeloid leukemia中要做表达定量，需要哪些数据、用什么工具？	完成表达定量需要数据：转录组比对 BAM 数据；推荐工具 rsem。图谱中项目 Multi-center RNA sequencing analysis for acute myeloid leukemia 的 HRA002693（癌种：Acute Myeloid Leukemia）存在这些数据，共 442 个匹配文件（文件引用已脱敏）。	["RNA_TRANSCRIPTOME_ALIGNMENT_BAM"]	[]	["表达定量"]	["bulk_RNA"]		[{"semantic_format": "RNA_TRANSCRIPTOME_ALIGNMENT_BAM", "data_desc": "转录组比对 BAM 数据", "count": 442, "study": "HRA002693", "project_name": "Multi-center RNA sequencing analysis for acute myeloid leukemia", "tumor_subtype": "Acute Myeloid Leukemia"}]
class300208	class3_data_tool_recommend	single_tool	表达定量	T012	featurecounts	HRA002693	Multi-center RNA sequencing analysis for acute myeloid leukemia	Acute Myeloid Leukemia	目标是表达定量，应该选择什么数据和什么工具？	完成表达定量需要数据：基因组比对 BAM 数据；推荐工具 featurecounts。图谱中项目 Multi-center RNA sequencing analysis for acute myeloid leukemia 的 HRA002693（癌种：Acute Myeloid Leukemia）存在这些数据，共 442 个匹配文件（文件引用已脱敏）。	["DNA_GENOMIC_ALIGNMENT_BAM"]	[]	["表达定量"]	["bulk_RNA"]		[{"semantic_format": "RNA_TRANSCRIPTOME_ALIGNMENT_BAM", "data_desc": "转录组比对 BAM 数据", "count": 442, "study": "HRA002693", "project_name": "Multi-center RNA sequencing analysis for acute myeloid leukemia", "tumor_subtype": "Acute Myeloid Leukemia"}]
class300209	class3_data_tool_recommend	single_tool	功能富集分析	T014	diff_expr_go	HRA001272	Integrated genomic and transcriptomic profiling dissects spatiotemporal evolution of metastatic hepatocellular carcinoma	Hepatocellular carcinoma	完成功能富集分析需要的数据和工具分别是什么？	完成功能富集分析需要数据：基因表达矩阵/表格数据；推荐工具 diff_expr_go。图谱中项目 Integrated genomic and transcriptomic profiling dissects spatiotemporal evolution of metastatic hepatocellular carcinoma 的 HRA001272（癌种：Hepatocellular carcinoma）存在这些数据，共 435 个匹配文件（文件引用已脱敏）。	["TABULAR_BIO_DATA"]	[]	["功能富集分析", "差异表达分析"]	["bulk_RNA"]		[{"semantic_format": "SOMATIC_CNV_TSV", "data_desc": "体细胞拷贝数变异数据", "count": 1, "study": "HRA001272", "project_name": "Integrated genomic and transcriptomic profiling dissects spatiotemporal evolution of metastatic hepatocellular carcinoma", "tumor_subtype": "Hepatocellular carcinoma"}, {"semantic_format": "TABULAR_BIO_DATA", "data_desc": "基因表达矩阵/表格数据", "count": 434, "study": "HRA001272", "project_name": "Integrated genomic and transcriptomic profiling dissects spatiotemporal evolution of metastatic hepatocellular carcinoma", "tumor_subtype": "Hepatocellular carcinoma"}]
class300210	class3_data_tool_recommend	single_tool	功能富集分析	T015	diff_expr_kegg	HRA001272	Integrated genomic and transcriptomic profiling dissects spatiotemporal evolution of metastatic hepatocellular carcinoma	Hepatocellular carcinoma	我想完成功能富集分析，需要什么数据、应该用什么工具？	完成功能富集分析需要数据：基因表达矩阵/表格数据；推荐工具 diff_expr_kegg。图谱中项目 Integrated genomic and transcriptomic profiling dissects spatiotemporal evolution of metastatic hepatocellular carcinoma 的 HRA001272（癌种：Hepatocellular carcinoma）存在这些数据，共 435 个匹配文件（文件引用已脱敏）。	["TABULAR_BIO_DATA"]	[]	["功能富集分析", "差异表达分析"]	["bulk_RNA"]		[{"semantic_format": "SOMATIC_CNV_TSV", "data_desc": "体细胞拷贝数变异数据", "count": 1, "study": "HRA001272", "project_name": "Integrated genomic and transcriptomic profiling dissects spatiotemporal evolution of metastatic hepatocellular carcinoma", "tumor_subtype": "Hepatocellular carcinoma"}, {"semantic_format": "TABULAR_BIO_DATA", "data_desc": "基因表达矩阵/表格数据", "count": 434, "study": "HRA001272", "project_name": "Integrated genomic and transcriptomic profiling dissects spatiotemporal evolution of metastatic hepatocellular carcinoma", "tumor_subtype": "Hepatocellular carcinoma"}]
class300211	class3_data_tool_recommend	single_tool	突变景观与可视化	T016	driver_gene_gender_analysis	HRA006499	Pharmacogenomic profiling of intra-tumor heterogeneity by a large organoid biobank of liver cancer	Liver Cancer	要完成突变景观与可视化，需要准备哪些数据、推荐哪个工具？	完成突变景观与可视化需要数据：临床表型数据、体细胞突变 MAF 数据；推荐工具 driver_gene_gender_analysis。图谱中项目 Pharmacogenomic profiling of intra-tumor heterogeneity by a large organoid biobank of liver cancer 的 HRA006499（癌种：Liver Cancer）存在这些数据，共 340 个匹配文件（文件引用已脱敏）。	["CLINICAL_DATA_EXCEL", "MUTATION_ANNOTATION_FORMAT_MAF"]	[]	["可视化与报告", "突变景观与可视化"]	["Clinical", "WES"]		[{"semantic_format": "CLINICAL_DATA_EXCEL", "data_desc": "临床表型数据", "count": 1, "study": "HRA006499", "project_name": "Pharmacogenomic profiling of intra-tumor heterogeneity by a large organoid biobank of liver cancer", "tumor_subtype": "Liver Cancer"}, {"semantic_format": "MUTATION_ANNOTATION_FORMAT_MAF", "data_desc": "体细胞突变 MAF 数据", "count": 339, "study": "HRA006499", "project_name": "Pharmacogenomic profiling of intra-tumor heterogeneity by a large organoid biobank of liver cancer", "tumor_subtype": "Liver Cancer"}]
class300212	class3_data_tool_recommend	single_tool	生存分析	T017	her2_pfs_survival	HRA000122	Integrated Genomic Analyses Identify High-Risk Factors Associated with Poor Outcomes of T-ALL	Acute T cell leukemia	项目Integrated Genomic Analyses Identify High-Risk Factors Associated with Poor Outcomes of T-ALL中要做生存分析，需要哪些数据、用什么工具？	完成生存分析需要数据：临床表型数据、基因表达矩阵/表格数据；推荐工具 her2_pfs_survival。图谱中项目 Integrated Genomic Analyses Identify High-Risk Factors Associated with Poor Outcomes of T-ALL 的 HRA000122（癌种：Acute T cell leukemia）存在这些数据，共 4 个匹配文件（文件引用已脱敏）。	["CLINICAL_DATA_EXCEL", "TABULAR_BIO_DATA"]	[]	["可视化与报告", "生存分析"]	["Clinical", "bulk_RNA"]		[{"semantic_format": "CLINICAL_DATA_EXCEL", "data_desc": "临床表型数据", "count": 1, "study": "HRA000122", "project_name": "Integrated Genomic Analyses Identify High-Risk Factors Associated with Poor Outcomes of T-ALL", "tumor_subtype": "Acute T cell leukemia"}, {"semantic_format": "TABULAR_BIO_DATA", "data_desc": "基因表达矩阵/表格数据", "count": 3, "study": "HRA000122", "project_name": "Integrated Genomic Analyses Identify High-Risk Factors Associated with Poor Outcomes of T-ALL", "tumor_subtype": "Acute T cell leukemia"}]
class300213	class3_data_tool_recommend	single_tool	免疫浸润与微环境分析	T018	immune_infiltration_iobr	HRA000122	Integrated Genomic Analyses Identify High-Risk Factors Associated with Poor Outcomes of T-ALL	Acute T cell leukemia	目标是免疫浸润与微环境分析，应该选择什么数据和什么工具？	完成免疫浸润与微环境分析需要数据：临床表型数据、基因表达矩阵/表格数据；推荐工具 immune_infiltration_iobr。图谱中项目 Integrated Genomic Analyses Identify High-Risk Factors Associated with Poor Outcomes of T-ALL 的 HRA000122（癌种：Acute T cell leukemia）存在这些数据，共 4 个匹配文件（文件引用已脱敏）。	["CLINICAL_DATA_EXCEL", "TABULAR_BIO_DATA"]	[]	["免疫浸润与微环境分析", "可视化与报告"]	["Clinical", "bulk_RNA"]		[{"semantic_format": "CLINICAL_DATA_EXCEL", "data_desc": "临床表型数据", "count": 1, "study": "HRA000122", "project_name": "Integrated Genomic Analyses Identify High-Risk Factors Associated with Poor Outcomes of T-ALL", "tumor_subtype": "Acute T cell leukemia"}, {"semantic_format": "TABULAR_BIO_DATA", "data_desc": "基因表达矩阵/表格数据", "count": 3, "study": "HRA000122", "project_name": "Integrated Genomic Analyses Identify High-Risk Factors Associated with Poor Outcomes of T-ALL", "tumor_subtype": "Acute T cell leukemia"}]
class300214	class3_data_tool_recommend	single_tool	序列格式转换	T019	paired_fastq_to_unmapped_bam	HRA001749	scRNA-seq of liver cancer	Liver Cancer	完成序列格式转换需要的数据和工具分别是什么？	完成序列格式转换需要数据：基因组比对 BAM 数据、原始双端测序数据（R1）、原始双端测序数据（R2）；推荐工具 paired_fastq_to_unmapped_bam。图谱中项目 scRNA-seq of liver cancer 的 HRA001749（癌种：Liver Cancer）存在这些数据，共 534 个匹配文件（文件引用已脱敏）。	["DNA_GENOMIC_ALIGNMENT_BAM", "RAW_PAIRED_END_R1_FASTQ", "RAW_PAIRED_END_R2_FASTQ"]	[]	["序列格式转换"]	["WES"]		[{"semantic_format": "DNA_ALIGNMENT_BQSR_BAM", "data_desc": "碱基质量校正后的比对 BAM 数据", "count": 178, "study": "HRA001749", "project_name": "scRNA-seq of liver cancer", "tumor_subtype": "Liver Cancer"}, {"semantic_format": "RAW_PAIRED_END_R1_FASTQ", "data_desc": "原始双端测序数据（R1）", "count": 178, "study": "HRA001749", "project_name": "scRNA-seq of liver cancer", "tumor_subtype": "Liver Cancer"}, {"semantic_format": "RAW_PAIRED_END_R2_FASTQ", "data_desc": "原始双端测序数据（R2）", "count": 178, "study": "HRA001749", "project_name": "scRNA-seq of liver cancer", "tumor_subtype": "Liver Cancer"}]
class300215	class3_data_tool_recommend	single_tool	无监督聚类分析	T020	rnaseq_unsupervised_cluster	HRA001272	Integrated genomic and transcriptomic profiling dissects spatiotemporal evolution of metastatic hepatocellular carcinoma	Hepatocellular carcinoma	我想完成无监督聚类分析，需要什么数据、应该用什么工具？	完成无监督聚类分析需要数据：基因表达矩阵/表格数据；推荐工具 rnaseq_unsupervised_cluster。图谱中项目 Integrated genomic and transcriptomic profiling dissects spatiotemporal evolution of metastatic hepatocellular carcinoma 的 HRA001272（癌种：Hepatocellular carcinoma）存在这些数据，共 435 个匹配文件（文件引用已脱敏）。	["TABULAR_BIO_DATA"]	[]	["可视化与报告", "无监督聚类分析"]	["bulk_RNA"]		[{"semantic_format": "SOMATIC_CNV_TSV", "data_desc": "体细胞拷贝数变异数据", "count": 1, "study": "HRA001272", "project_name": "Integrated genomic and transcriptomic profiling dissects spatiotemporal evolution of metastatic hepatocellular carcinoma", "tumor_subtype": "Hepatocellular carcinoma"}, {"semantic_format": "TABULAR_BIO_DATA", "data_desc": "基因表达矩阵/表格数据", "count": 434, "study": "HRA001272", "project_name": "Integrated genomic and transcriptomic profiling dissects spatiotemporal evolution of metastatic hepatocellular carcinoma", "tumor_subtype": "Hepatocellular carcinoma"}]
class300216	class3_data_tool_recommend	single_tool	生存分析	T021	survival_analysis	HRA006499	Pharmacogenomic profiling of intra-tumor heterogeneity by a large organoid biobank of liver cancer	Liver Cancer	要完成生存分析，需要准备哪些数据、推荐哪个工具？	完成生存分析需要数据：临床表型数据、体细胞突变 MAF 数据；推荐工具 survival_analysis。图谱中项目 Pharmacogenomic profiling of intra-tumor heterogeneity by a large organoid biobank of liver cancer 的 HRA006499（癌种：Liver Cancer）存在这些数据，共 340 个匹配文件（文件引用已脱敏）。	["CLINICAL_DATA_EXCEL", "MUTATION_ANNOTATION_FORMAT_MAF"]	[]	["生存分析"]	["Clinical", "WES"]		[{"semantic_format": "CLINICAL_DATA_EXCEL", "data_desc": "临床表型数据", "count": 1, "study": "HRA006499", "project_name": "Pharmacogenomic profiling of intra-tumor heterogeneity by a large organoid biobank of liver cancer", "tumor_subtype": "Liver Cancer"}, {"semantic_format": "MUTATION_ANNOTATION_FORMAT_MAF", "data_desc": "体细胞突变 MAF 数据", "count": 339, "study": "HRA006499", "project_name": "Pharmacogenomic profiling of intra-tumor heterogeneity by a large organoid biobank of liver cancer", "tumor_subtype": "Liver Cancer"}]
class300217	class3_data_tool_recommend	single_tool	生存分析	T022	tmb_survival_analysis	HRA006499	Pharmacogenomic profiling of intra-tumor heterogeneity by a large organoid biobank of liver cancer	Liver Cancer	项目Pharmacogenomic profiling of intra-tumor heterogeneity by a large organoid biobank of liver cancer中要做生存分析，需要哪些数据、用什么工具？	完成生存分析需要数据：临床表型数据、体细胞突变 MAF 数据；推荐工具 tmb_survival_analysis。图谱中项目 Pharmacogenomic profiling of intra-tumor heterogeneity by a large organoid biobank of liver cancer 的 HRA006499（癌种：Liver Cancer）存在这些数据，共 340 个匹配文件（文件引用已脱敏）。	["CLINICAL_DATA_EXCEL", "MUTATION_ANNOTATION_FORMAT_MAF"]	[]	["生存分析", "突变景观与可视化"]	["Clinical", "WES"]		[{"semantic_format": "CLINICAL_DATA_EXCEL", "data_desc": "临床表型数据", "count": 1, "study": "HRA006499", "project_name": "Pharmacogenomic profiling of intra-tumor heterogeneity by a large organoid biobank of liver cancer", "tumor_subtype": "Liver Cancer"}, {"semantic_format": "MUTATION_ANNOTATION_FORMAT_MAF", "data_desc": "体细胞突变 MAF 数据", "count": 339, "study": "HRA006499", "project_name": "Pharmacogenomic profiling of intra-tumor heterogeneity by a large organoid biobank of liver cancer", "tumor_subtype": "Liver Cancer"}]
class300218	class3_data_tool_recommend	single_tool	突变景观与可视化	T023	wes_somatic_maf_landscape	HRA006499	Pharmacogenomic profiling of intra-tumor heterogeneity by a large organoid biobank of liver cancer	Liver Cancer	目标是突变景观与可视化，应该选择什么数据和什么工具？	完成突变景观与可视化需要数据：体细胞突变 MAF 数据；推荐工具 wes_somatic_maf_landscape。图谱中项目 Pharmacogenomic profiling of intra-tumor heterogeneity by a large organoid biobank of liver cancer 的 HRA006499（癌种：Liver Cancer）存在这些数据，共 339 个匹配文件（文件引用已脱敏）。	["MUTATION_ANNOTATION_FORMAT_MAF"]	[]	["突变景观与可视化"]	["WES"]		[{"semantic_format": "MUTATION_ANNOTATION_FORMAT_MAF", "data_desc": "体细胞突变 MAF 数据", "count": 339, "study": "HRA006499", "project_name": "Pharmacogenomic profiling of intra-tumor heterogeneity by a large organoid biobank of liver cancer", "tumor_subtype": "Liver Cancer"}]
class300219	class3_data_tool_recommend	single_tool	共表达网络分析	T024	wgcna	HRA000122	Integrated Genomic Analyses Identify High-Risk Factors Associated with Poor Outcomes of T-ALL	Acute T cell leukemia	完成共表达网络分析需要的数据和工具分别是什么？	完成共表达网络分析需要数据：临床表型数据、基因表达矩阵/表格数据；推荐工具 wgcna。图谱中项目 Integrated Genomic Analyses Identify High-Risk Factors Associated with Poor Outcomes of T-ALL 的 HRA000122（癌种：Acute T cell leukemia）存在这些数据，共 4 个匹配文件（文件引用已脱敏）。	["CLINICAL_DATA_EXCEL", "TABULAR_BIO_DATA"]	[]	["共表达网络分析"]	["Clinical", "bulk_RNA"]		[{"semantic_format": "CLINICAL_DATA_EXCEL", "data_desc": "临床表型数据", "count": 1, "study": "HRA000122", "project_name": "Integrated Genomic Analyses Identify High-Risk Factors Associated with Poor Outcomes of T-ALL", "tumor_subtype": "Acute T cell leukemia"}, {"semantic_format": "TABULAR_BIO_DATA", "data_desc": "基因表达矩阵/表格数据", "count": 3, "study": "HRA000122", "project_name": "Integrated Genomic Analyses Identify High-Risk Factors Associated with Poor Outcomes of T-ALL", "tumor_subtype": "Acute T cell leukemia"}]
class300220	class3_data_tool_recommend	single_tool	拷贝数变异分析	T028	cnvkit_cnv_clinical	HRA000122	Integrated Genomic Analyses Identify High-Risk Factors Associated with Poor Outcomes of T-ALL	Acute T cell leukemia	我想完成拷贝数变异分析，需要什么数据、应该用什么工具？	完成拷贝数变异分析需要数据：基因组比对 BAM 数据；推荐工具 cnvkit_cnv_clinical。图谱中项目 Integrated Genomic Analyses Identify High-Risk Factors Associated with Poor Outcomes of T-ALL 的 HRA000122（癌种：Acute T cell leukemia）存在这些数据，共 124 个匹配文件（文件引用已脱敏）。	["DNA_GENOMIC_ALIGNMENT_BAM"]	[]	["可视化与报告", "拷贝数变异分析"]	["Clinical", "WES", "WGS"]		[{"semantic_format": "RNA_TRANSCRIPTOME_ALIGNMENT_BAM", "data_desc": "转录组比对 BAM 数据", "count": 124, "study": "HRA000122", "project_name": "Integrated Genomic Analyses Identify High-Risk Factors Associated with Poor Outcomes of T-ALL", "tumor_subtype": "Acute T cell leukemia"}]
class300221	class3_data_tool_recommend	single_tool	生存分析	T029	cox_model	HRA000122	Integrated Genomic Analyses Identify High-Risk Factors Associated with Poor Outcomes of T-ALL	Acute T cell leukemia	要完成生存分析，需要准备哪些数据、推荐哪个工具？	完成生存分析需要数据：临床表型数据、样本元数据、基因表达矩阵/表格数据；推荐工具 cox_model。图谱中项目 Integrated Genomic Analyses Identify High-Risk Factors Associated with Poor Outcomes of T-ALL 的 HRA000122（癌种：Acute T cell leukemia）存在这些数据，共 5 个匹配文件（文件引用已脱敏）。	["CLINICAL_DATA_EXCEL", "METADATA_SAMPLE_INFO", "TABULAR_BIO_DATA"]	[]	["生存分析"]	["Clinical", "bulk_RNA"]		[{"semantic_format": "CLINICAL_DATA_EXCEL", "data_desc": "临床表型数据", "count": 1, "study": "HRA000122", "project_name": "Integrated Genomic Analyses Identify High-Risk Factors Associated with Poor Outcomes of T-ALL", "tumor_subtype": "Acute T cell leukemia"}, {"semantic_format": "METADATA_SAMPLE_INFO", "data_desc": "样本元数据", "count": 1, "study": "HRA000122", "project_name": "Integrated Genomic Analyses Identify High-Risk Factors Associated with Poor Outcomes of T-ALL", "tumor_subtype": "Acute T cell leukemia"}, {"semantic_format": "TABULAR_BIO_DATA", "data_desc": "基因表达矩阵/表格数据", "count": 3, "study": "HRA000122", "project_name": "Integrated Genomic Analyses Identify High-Risk Factors Associated with Poor Outcomes of T-ALL", "tumor_subtype": "Acute T cell leukemia"}]
class300222	class3_data_tool_recommend	single_tool	功能富集分析	T032	de_enrichment	HRA000122	Integrated Genomic Analyses Identify High-Risk Factors Associated with Poor Outcomes of T-ALL	Acute T cell leukemia	项目Integrated Genomic Analyses Identify High-Risk Factors Associated with Poor Outcomes of T-ALL中要做功能富集分析，需要哪些数据、用什么工具？	完成功能富集分析需要数据：临床表型数据、样本元数据、基因表达矩阵/表格数据；推荐工具 de_enrichment。图谱中项目 Integrated Genomic Analyses Identify High-Risk Factors Associated with Poor Outcomes of T-ALL 的 HRA000122（癌种：Acute T cell leukemia）存在这些数据，共 5 个匹配文件（文件引用已脱敏）。	["CLINICAL_DATA_EXCEL", "METADATA_SAMPLE_INFO", "TABULAR_BIO_DATA"]	[]	["功能富集分析", "可视化与报告", "差异表达分析"]	["Clinical", "bulk_RNA"]		[{"semantic_format": "CLINICAL_DATA_EXCEL", "data_desc": "临床表型数据", "count": 1, "study": "HRA000122", "project_name": "Integrated Genomic Analyses Identify High-Risk Factors Associated with Poor Outcomes of T-ALL", "tumor_subtype": "Acute T cell leukemia"}, {"semantic_format": "METADATA_SAMPLE_INFO", "data_desc": "样本元数据", "count": 1, "study": "HRA000122", "project_name": "Integrated Genomic Analyses Identify High-Risk Factors Associated with Poor Outcomes of T-ALL", "tumor_subtype": "Acute T cell leukemia"}, {"semantic_format": "TABULAR_BIO_DATA", "data_desc": "基因表达矩阵/表格数据", "count": 3, "study": "HRA000122", "project_name": "Integrated Genomic Analyses Identify High-Risk Factors Associated with Poor Outcomes of T-ALL", "tumor_subtype": "Acute T cell leukemia"}]
class300223	class3_data_tool_recommend	single_tool	功能富集分析	T033	deg_enrichment	HRA000122	Integrated Genomic Analyses Identify High-Risk Factors Associated with Poor Outcomes of T-ALL	Acute T cell leukemia	目标是功能富集分析，应该选择什么数据和什么工具？	完成功能富集分析需要数据：临床表型数据、样本元数据、基因表达矩阵/表格数据；推荐工具 deg_enrichment。图谱中项目 Integrated Genomic Analyses Identify High-Risk Factors Associated with Poor Outcomes of T-ALL 的 HRA000122（癌种：Acute T cell leukemia）存在这些数据，共 5 个匹配文件（文件引用已脱敏）。	["CLINICAL_DATA_EXCEL", "METADATA_SAMPLE_INFO", "TABULAR_BIO_DATA"]	[]	["功能富集分析", "差异表达分析"]	["Clinical", "bulk_RNA"]		[{"semantic_format": "CLINICAL_DATA_EXCEL", "data_desc": "临床表型数据", "count": 1, "study": "HRA000122", "project_name": "Integrated Genomic Analyses Identify High-Risk Factors Associated with Poor Outcomes of T-ALL", "tumor_subtype": "Acute T cell leukemia"}, {"semantic_format": "METADATA_SAMPLE_INFO", "data_desc": "样本元数据", "count": 1, "study": "HRA000122", "project_name": "Integrated Genomic Analyses Identify High-Risk Factors Associated with Poor Outcomes of T-ALL", "tumor_subtype": "Acute T cell leukemia"}, {"semantic_format": "TABULAR_BIO_DATA", "data_desc": "基因表达矩阵/表格数据", "count": 3, "study": "HRA000122", "project_name": "Integrated Genomic Analyses Identify High-Risk Factors Associated with Poor Outcomes of T-ALL", "tumor_subtype": "Acute T cell leukemia"}]
class300224	class3_data_tool_recommend	single_tool	差异表达分析	T034	deg_trend	HRA000122	Integrated Genomic Analyses Identify High-Risk Factors Associated with Poor Outcomes of T-ALL	Acute T cell leukemia	完成差异表达分析需要的数据和工具分别是什么？	完成差异表达分析需要数据：临床表型数据、样本元数据、基因表达矩阵/表格数据；推荐工具 deg_trend。图谱中项目 Integrated Genomic Analyses Identify High-Risk Factors Associated with Poor Outcomes of T-ALL 的 HRA000122（癌种：Acute T cell leukemia）存在这些数据，共 5 个匹配文件（文件引用已脱敏）。	["CLINICAL_DATA_EXCEL", "METADATA_SAMPLE_INFO", "TABULAR_BIO_DATA"]	[]	["可视化与报告", "差异表达分析"]	["Clinical", "bulk_RNA"]		[{"semantic_format": "CLINICAL_DATA_EXCEL", "data_desc": "临床表型数据", "count": 1, "study": "HRA000122", "project_name": "Integrated Genomic Analyses Identify High-Risk Factors Associated with Poor Outcomes of T-ALL", "tumor_subtype": "Acute T cell leukemia"}, {"semantic_format": "METADATA_SAMPLE_INFO", "data_desc": "样本元数据", "count": 1, "study": "HRA000122", "project_name": "Integrated Genomic Analyses Identify High-Risk Factors Associated with Poor Outcomes of T-ALL", "tumor_subtype": "Acute T cell leukemia"}, {"semantic_format": "TABULAR_BIO_DATA", "data_desc": "基因表达矩阵/表格数据", "count": 3, "study": "HRA000122", "project_name": "Integrated Genomic Analyses Identify High-Risk Factors Associated with Poor Outcomes of T-ALL", "tumor_subtype": "Acute T cell leukemia"}]
class300225	class3_data_tool_recommend	single_tool	可视化与报告	T035	gene_boxplot	HRA000122	Integrated Genomic Analyses Identify High-Risk Factors Associated with Poor Outcomes of T-ALL	Acute T cell leukemia	我想完成可视化与报告，需要什么数据、应该用什么工具？	完成可视化与报告需要数据：临床表型数据、样本元数据、基因表达矩阵/表格数据；推荐工具 gene_boxplot。图谱中项目 Integrated Genomic Analyses Identify High-Risk Factors Associated with Poor Outcomes of T-ALL 的 HRA000122（癌种：Acute T cell leukemia）存在这些数据，共 5 个匹配文件（文件引用已脱敏）。	["CLINICAL_DATA_EXCEL", "METADATA_SAMPLE_INFO", "TABULAR_BIO_DATA"]	[]	["可视化与报告"]	["Clinical", "bulk_RNA"]		[{"semantic_format": "CLINICAL_DATA_EXCEL", "data_desc": "临床表型数据", "count": 1, "study": "HRA000122", "project_name": "Integrated Genomic Analyses Identify High-Risk Factors Associated with Poor Outcomes of T-ALL", "tumor_subtype": "Acute T cell leukemia"}, {"semantic_format": "METADATA_SAMPLE_INFO", "data_desc": "样本元数据", "count": 1, "study": "HRA000122", "project_name": "Integrated Genomic Analyses Identify High-Risk Factors Associated with Poor Outcomes of T-ALL", "tumor_subtype": "Acute T cell leukemia"}, {"semantic_format": "TABULAR_BIO_DATA", "data_desc": "基因表达矩阵/表格数据", "count": 3, "study": "HRA000122", "project_name": "Integrated Genomic Analyses Identify High-Risk Factors Associated with Poor Outcomes of T-ALL", "tumor_subtype": "Acute T cell leukemia"}]
class300226	class3_data_tool_recommend	single_tool	功能富集分析	T036	gsea_pathway_enrichment	HRA000122	Integrated Genomic Analyses Identify High-Risk Factors Associated with Poor Outcomes of T-ALL	Acute T cell leukemia	要完成功能富集分析，需要准备哪些数据、推荐哪个工具？	完成功能富集分析需要数据：基因表达矩阵/表格数据；推荐工具 gsea_pathway_enrichment。图谱中项目 Integrated Genomic Analyses Identify High-Risk Factors Associated with Poor Outcomes of T-ALL 的 HRA000122（癌种：Acute T cell leukemia）存在这些数据，共 3 个匹配文件（文件引用已脱敏）。	["TABULAR_BIO_DATA"]	[]	["功能富集分析"]	["Clinical", "bulk_RNA"]		[{"semantic_format": "TABULAR_BIO_DATA", "data_desc": "基因表达矩阵/表格数据", "count": 3, "study": "HRA000122", "project_name": "Integrated Genomic Analyses Identify High-Risk Factors Associated with Poor Outcomes of T-ALL", "tumor_subtype": "Acute T cell leukemia"}]
class300227	class3_data_tool_recommend	single_tool	生存分析	T040	km_survival	HRA000122	Integrated Genomic Analyses Identify High-Risk Factors Associated with Poor Outcomes of T-ALL	Acute T cell leukemia	项目Integrated Genomic Analyses Identify High-Risk Factors Associated with Poor Outcomes of T-ALL中要做生存分析，需要哪些数据、用什么工具？	完成生存分析需要数据：临床表型数据、样本元数据、基因表达矩阵/表格数据；推荐工具 km_survival。图谱中项目 Integrated Genomic Analyses Identify High-Risk Factors Associated with Poor Outcomes of T-ALL 的 HRA000122（癌种：Acute T cell leukemia）存在这些数据，共 5 个匹配文件（文件引用已脱敏）。	["CLINICAL_DATA_EXCEL", "METADATA_SAMPLE_INFO", "TABULAR_BIO_DATA"]	[]	["可视化与报告", "生存分析"]	["Clinical", "bulk_RNA"]		[{"semantic_format": "CLINICAL_DATA_EXCEL", "data_desc": "临床表型数据", "count": 1, "study": "HRA000122", "project_name": "Integrated Genomic Analyses Identify High-Risk Factors Associated with Poor Outcomes of T-ALL", "tumor_subtype": "Acute T cell leukemia"}, {"semantic_format": "METADATA_SAMPLE_INFO", "data_desc": "样本元数据", "count": 1, "study": "HRA000122", "project_name": "Integrated Genomic Analyses Identify High-Risk Factors Associated with Poor Outcomes of T-ALL", "tumor_subtype": "Acute T cell leukemia"}, {"semantic_format": "TABULAR_BIO_DATA", "data_desc": "基因表达矩阵/表格数据", "count": 3, "study": "HRA000122", "project_name": "Integrated Genomic Analyses Identify High-Risk Factors Associated with Poor Outcomes of T-ALL", "tumor_subtype": "Acute T cell leukemia"}]
class300228	class3_data_tool_recommend	single_tool	表达矩阵预处理与归一化	T042	preprocess_counts	HRA001272	Integrated genomic and transcriptomic profiling dissects spatiotemporal evolution of metastatic hepatocellular carcinoma	Hepatocellular carcinoma	目标是表达矩阵预处理与归一化，应该选择什么数据和什么工具？	完成表达矩阵预处理与归一化需要数据：基因表达矩阵/表格数据；推荐工具 preprocess_counts。图谱中项目 Integrated genomic and transcriptomic profiling dissects spatiotemporal evolution of metastatic hepatocellular carcinoma 的 HRA001272（癌种：Hepatocellular carcinoma）存在这些数据，共 435 个匹配文件（文件引用已脱敏）。	["TABULAR_BIO_DATA"]	[]	["表达矩阵预处理与归一化"]	["bulk_RNA"]		[{"semantic_format": "SOMATIC_CNV_TSV", "data_desc": "体细胞拷贝数变异数据", "count": 1, "study": "HRA001272", "project_name": "Integrated genomic and transcriptomic profiling dissects spatiotemporal evolution of metastatic hepatocellular carcinoma", "tumor_subtype": "Hepatocellular carcinoma"}, {"semantic_format": "TABULAR_BIO_DATA", "data_desc": "基因表达矩阵/表格数据", "count": 434, "study": "HRA001272", "project_name": "Integrated genomic and transcriptomic profiling dissects spatiotemporal evolution of metastatic hepatocellular carcinoma", "tumor_subtype": "Hepatocellular carcinoma"}]
class300229	class3_data_tool_recommend	single_tool	可变剪接分析	T043	rmats_alternative_splicing	HRA002693	Multi-center RNA sequencing analysis for acute myeloid leukemia	Acute Myeloid Leukemia	完成可变剪接分析需要的数据和工具分别是什么？	完成可变剪接分析需要数据：转录组比对 BAM 数据；推荐工具 rmats_alternative_splicing（另需公共参考资源：参考基因组 FASTA）。图谱中项目 Multi-center RNA sequencing analysis for acute myeloid leukemia 的 HRA002693（癌种：Acute Myeloid Leukemia）存在这些数据，共 442 个匹配文件（文件引用已脱敏）。	["RNA_TRANSCRIPTOME_ALIGNMENT_BAM"]	["REFERENCE_GENOME_FASTA"]	["可变剪接分析"]	["bulk_RNA"]		[{"semantic_format": "RNA_TRANSCRIPTOME_ALIGNMENT_BAM", "data_desc": "转录组比对 BAM 数据", "count": 442, "study": "HRA002693", "project_name": "Multi-center RNA sequencing analysis for acute myeloid leukemia", "tumor_subtype": "Acute Myeloid Leukemia"}]
class300230	class3_data_tool_recommend	single_tool	RNA序列比对	T044	rnaseq_singletask	HRA001272	Integrated genomic and transcriptomic profiling dissects spatiotemporal evolution of metastatic hepatocellular carcinoma	Hepatocellular carcinoma	我想完成RNA序列比对，需要什么数据、应该用什么工具？	完成RNA序列比对需要数据：原始双端测序数据（R1）、原始双端测序数据（R2）；推荐工具 rnaseq_singletask（另需公共参考资源：参考基因组 FASTA）。图谱中项目 Integrated genomic and transcriptomic profiling dissects spatiotemporal evolution of metastatic hepatocellular carcinoma 的 HRA001272（癌种：Hepatocellular carcinoma）存在这些数据，共 2360 个匹配文件（文件引用已脱敏）。	["RAW_PAIRED_END_R1_FASTQ", "RAW_PAIRED_END_R2_FASTQ"]	["REFERENCE_GENOME_FASTA"]	["RNA序列比对", "接头与低质量序列修剪", "测序质量评估", "表达定量"]	["bulk_RNA"]		[{"semantic_format": "RAW_PAIRED_END_R1_FASTQ", "data_desc": "原始双端测序数据（R1）", "count": 1180, "study": "HRA001272", "project_name": "Integrated genomic and transcriptomic profiling dissects spatiotemporal evolution of metastatic hepatocellular carcinoma", "tumor_subtype": "Hepatocellular carcinoma"}, {"semantic_format": "RAW_PAIRED_END_R2_FASTQ", "data_desc": "原始双端测序数据（R2）", "count": 1180, "study": "HRA001272", "project_name": "Integrated genomic and transcriptomic profiling dissects spatiotemporal evolution of metastatic hepatocellular carcinoma", "tumor_subtype": "Hepatocellular carcinoma"}]
class300231	class3_data_tool_recommend	single_tool	可视化与报告	T046	stage_heatmap	HRA000122	Integrated Genomic Analyses Identify High-Risk Factors Associated with Poor Outcomes of T-ALL	Acute T cell leukemia	要完成可视化与报告，需要准备哪些数据、推荐哪个工具？	完成可视化与报告需要数据：临床表型数据、样本元数据、基因表达矩阵/表格数据；推荐工具 stage_heatmap。图谱中项目 Integrated Genomic Analyses Identify High-Risk Factors Associated with Poor Outcomes of T-ALL 的 HRA000122（癌种：Acute T cell leukemia）存在这些数据，共 5 个匹配文件（文件引用已脱敏）。	["CLINICAL_DATA_EXCEL", "METADATA_SAMPLE_INFO", "TABULAR_BIO_DATA"]	[]	["可视化与报告"]	["Clinical", "bulk_RNA"]		[{"semantic_format": "CLINICAL_DATA_EXCEL", "data_desc": "临床表型数据", "count": 1, "study": "HRA000122", "project_name": "Integrated Genomic Analyses Identify High-Risk Factors Associated with Poor Outcomes of T-ALL", "tumor_subtype": "Acute T cell leukemia"}, {"semantic_format": "METADATA_SAMPLE_INFO", "data_desc": "样本元数据", "count": 1, "study": "HRA000122", "project_name": "Integrated Genomic Analyses Identify High-Risk Factors Associated with Poor Outcomes of T-ALL", "tumor_subtype": "Acute T cell leukemia"}, {"semantic_format": "TABULAR_BIO_DATA", "data_desc": "基因表达矩阵/表格数据", "count": 3, "study": "HRA000122", "project_name": "Integrated Genomic Analyses Identify High-Risk Factors Associated with Poor Outcomes of T-ALL", "tumor_subtype": "Acute T cell leukemia"}]
class300232	class3_data_tool_recommend	single_tool	可视化与报告	T048	umap	HRA000122	Integrated Genomic Analyses Identify High-Risk Factors Associated with Poor Outcomes of T-ALL	Acute T cell leukemia	项目Integrated Genomic Analyses Identify High-Risk Factors Associated with Poor Outcomes of T-ALL中要做可视化与报告，需要哪些数据、用什么工具？	完成可视化与报告需要数据：临床表型数据、样本元数据、基因表达矩阵/表格数据；推荐工具 umap。图谱中项目 Integrated Genomic Analyses Identify High-Risk Factors Associated with Poor Outcomes of T-ALL 的 HRA000122（癌种：Acute T cell leukemia）存在这些数据，共 5 个匹配文件（文件引用已脱敏）。	["CLINICAL_DATA_EXCEL", "METADATA_SAMPLE_INFO", "TABULAR_BIO_DATA"]	[]	["可视化与报告"]	["Clinical", "bulk_RNA"]		[{"semantic_format": "CLINICAL_DATA_EXCEL", "data_desc": "临床表型数据", "count": 1, "study": "HRA000122", "project_name": "Integrated Genomic Analyses Identify High-Risk Factors Associated with Poor Outcomes of T-ALL", "tumor_subtype": "Acute T cell leukemia"}, {"semantic_format": "METADATA_SAMPLE_INFO", "data_desc": "样本元数据", "count": 1, "study": "HRA000122", "project_name": "Integrated Genomic Analyses Identify High-Risk Factors Associated with Poor Outcomes of T-ALL", "tumor_subtype": "Acute T cell leukemia"}, {"semantic_format": "TABULAR_BIO_DATA", "data_desc": "基因表达矩阵/表格数据", "count": 3, "study": "HRA000122", "project_name": "Integrated Genomic Analyses Identify High-Risk Factors Associated with Poor Outcomes of T-ALL", "tumor_subtype": "Acute T cell leukemia"}]
class300233	class3_data_tool_recommend	single_tool	DNA序列比对	T049	wes_somatic_pair	HRA001749	scRNA-seq of liver cancer	Liver Cancer	目标是DNA序列比对，应该选择什么数据和什么工具？	完成DNA序列比对需要数据：变异 VCF 数据、原始双端测序数据（R1）、原始双端测序数据（R2）；推荐工具 wes_somatic_pair（另需公共参考资源：参考基因组 FASTA、目标区间列表）。图谱中项目 scRNA-seq of liver cancer 的 HRA001749（癌种：Liver Cancer）存在这些数据，共 692 个匹配文件（文件引用已脱敏）。	["DNA_VARIANT_VCF_GENERAL", "RAW_PAIRED_END_R1_FASTQ", "RAW_PAIRED_END_R2_FASTQ"]	["REFERENCE_GENOME_FASTA", "TARGET_INTERVAL_LIST"]	["DNA序列比对", "体细胞变异检测", "变异注释", "变异质量校正", "可视化与报告", "测序质量评估"]	["WES", "WGS"]		[{"semantic_format": "DNA_VARIANT_VCF_GENERAL", "data_desc": "变异 VCF 数据", "count": 336, "study": "HRA001749", "project_name": "scRNA-seq of liver cancer", "tumor_subtype": "Liver Cancer"}, {"semantic_format": "RAW_PAIRED_END_R1_FASTQ", "data_desc": "原始双端测序数据（R1）", "count": 178, "study": "HRA001749", "project_name": "scRNA-seq of liver cancer", "tumor_subtype": "Liver Cancer"}, {"semantic_format": "RAW_PAIRED_END_R2_FASTQ", "data_desc": "原始双端测序数据（R2）", "count": 178, "study": "HRA001749", "project_name": "scRNA-seq of liver cancer", "tumor_subtype": "Liver Cancer"}]
class300234	class3_data_tool_recommend	single_tool	共表达网络分析	T050	wgcna_hub	HRA000122	Integrated Genomic Analyses Identify High-Risk Factors Associated with Poor Outcomes of T-ALL	Acute T cell leukemia	完成共表达网络分析需要的数据和工具分别是什么？	完成共表达网络分析需要数据：临床表型数据、样本元数据、基因表达矩阵/表格数据；推荐工具 wgcna_hub。图谱中项目 Integrated Genomic Analyses Identify High-Risk Factors Associated with Poor Outcomes of T-ALL 的 HRA000122（癌种：Acute T cell leukemia）存在这些数据，共 5 个匹配文件（文件引用已脱敏）。	["CLINICAL_DATA_EXCEL", "METADATA_SAMPLE_INFO", "TABULAR_BIO_DATA"]	[]	["共表达网络分析"]	["Clinical", "bulk_RNA"]		[{"semantic_format": "CLINICAL_DATA_EXCEL", "data_desc": "临床表型数据", "count": 1, "study": "HRA000122", "project_name": "Integrated Genomic Analyses Identify High-Risk Factors Associated with Poor Outcomes of T-ALL", "tumor_subtype": "Acute T cell leukemia"}, {"semantic_format": "METADATA_SAMPLE_INFO", "data_desc": "样本元数据", "count": 1, "study": "HRA000122", "project_name": "Integrated Genomic Analyses Identify High-Risk Factors Associated with Poor Outcomes of T-ALL", "tumor_subtype": "Acute T cell leukemia"}, {"semantic_format": "TABULAR_BIO_DATA", "data_desc": "基因表达矩阵/表格数据", "count": 3, "study": "HRA000122", "project_name": "Integrated Genomic Analyses Identify High-Risk Factors Associated with Poor Outcomes of T-ALL", "tumor_subtype": "Acute T cell leukemia"}]
class300235	class3_data_tool_recommend	single_tool	共表达网络分析	T051	wgcna_module_trait	HRA000122	Integrated Genomic Analyses Identify High-Risk Factors Associated with Poor Outcomes of T-ALL	Acute T cell leukemia	我想完成共表达网络分析，需要什么数据、应该用什么工具？	完成共表达网络分析需要数据：临床表型数据、样本元数据、基因表达矩阵/表格数据；推荐工具 wgcna_module_trait。图谱中项目 Integrated Genomic Analyses Identify High-Risk Factors Associated with Poor Outcomes of T-ALL 的 HRA000122（癌种：Acute T cell leukemia）存在这些数据，共 5 个匹配文件（文件引用已脱敏）。	["CLINICAL_DATA_EXCEL", "METADATA_SAMPLE_INFO", "TABULAR_BIO_DATA"]	[]	["共表达网络分析"]	["Clinical", "bulk_RNA"]		[{"semantic_format": "CLINICAL_DATA_EXCEL", "data_desc": "临床表型数据", "count": 1, "study": "HRA000122", "project_name": "Integrated Genomic Analyses Identify High-Risk Factors Associated with Poor Outcomes of T-ALL", "tumor_subtype": "Acute T cell leukemia"}, {"semantic_format": "METADATA_SAMPLE_INFO", "data_desc": "样本元数据", "count": 1, "study": "HRA000122", "project_name": "Integrated Genomic Analyses Identify High-Risk Factors Associated with Poor Outcomes of T-ALL", "tumor_subtype": "Acute T cell leukemia"}, {"semantic_format": "TABULAR_BIO_DATA", "data_desc": "基因表达矩阵/表格数据", "count": 3, "study": "HRA000122", "project_name": "Integrated Genomic Analyses Identify High-Risk Factors Associated with Poor Outcomes of T-ALL", "tumor_subtype": "Acute T cell leukemia"}]
class300236	class3_data_tool_recommend	single_tool	变异过滤与处理	T052	gatk_germline_cohort	HRA016026	Multi-omics Landscape of Central Nervous System Tumors	Lung Cancer	要完成变异过滤与处理，需要准备哪些数据、推荐哪个工具？	完成变异过滤与处理需要数据：临床表型数据、基因组比对 BAM 数据、VCF 索引数据、变异 VCF 数据、样本元数据；推荐工具 gatk_germline_cohort（另需公共参考资源：参考基因组 FASTA、目标区间列表）。图谱中项目 Multi-omics Landscape of Central Nervous System Tumors 的 HRA016026（癌种：Lung Cancer）存在这些数据，共 2802 个匹配文件（文件引用已脱敏）。	["CLINICAL_DATA_EXCEL", "DNA_GENOMIC_ALIGNMENT_BAM", "DNA_VARIANT_INDEX_TBI", "DNA_VARIANT_VCF_GENERAL", "METADATA_SAMPLE_INFO"]	["REFERENCE_GENOME_FASTA", "TARGET_INTERVAL_LIST"]	["变异过滤与处理", "胚系变异检测"]	["Clinical", "WES", "WGS"]		[{"semantic_format": "CLINICAL_DATA_EXCEL", "data_desc": "临床表型数据", "count": 1, "study": "HRA016026", "project_name": "Multi-omics Landscape of Central Nervous System Tumors", "tumor_subtype": "Lung Cancer"}, {"semantic_format": "DNA_ALIGNMENT_BQSR_BAM", "data_desc": "碱基质量校正后的比对 BAM 数据", "count": 700, "study": "HRA016026", "project_name": "Multi-omics Landscape of Central Nervous System Tumors", "tumor_subtype": "Lung Cancer"}, {"semantic_format": "DNA_VARIANT_INDEX_TBI", "data_desc": "VCF 索引数据", "count": 1050, "study": "HRA016026", "project_name": "Multi-omics Landscape of Central Nervous System Tumors", "tumor_subtype": "Lung Cancer"}, {"semantic_format": "DNA_VARIANT_VCF_GENERAL", "data_desc": "变异 VCF 数据", "count": 1050, "study": "HRA016026", "project_name": "Multi-omics Landscape of Central Nervous System Tumors", "tumor_subtype": "Lung Cancer"}, {"semantic_format": "METADATA_SAMPLE_INFO", "data_desc": "样本元数据", "count": 1, "study": "HRA016026", "project_name": "Multi-omics Landscape of Central Nervous System Tumors", "tumor_subtype": "Lung Cancer"}]
class300237	class3_data_tool_recommend	single_tool	结构变异检测	T053	manta_structural_variants	HRA001272	Integrated genomic and transcriptomic profiling dissects spatiotemporal evolution of metastatic hepatocellular carcinoma	Hepatocellular carcinoma	项目Integrated genomic and transcriptomic profiling dissects spatiotemporal evolution of metastatic hepatocellular carcinoma中要做结构变异检测，需要哪些数据、用什么工具？	完成结构变异检测需要数据：基因组比对 BAM 数据；推荐工具 manta_structural_variants（另需公共参考资源：参考基因组 FASTA）。图谱中项目 Integrated genomic and transcriptomic profiling dissects spatiotemporal evolution of metastatic hepatocellular carcinoma 的 HRA001272（癌种：Hepatocellular carcinoma）存在这些数据，共 1180 个匹配文件（文件引用已脱敏）。	["DNA_GENOMIC_ALIGNMENT_BAM"]	["REFERENCE_GENOME_FASTA"]	["结构变异检测"]	["WES", "WGS"]		[{"semantic_format": "DNA_ALIGNMENT_BQSR_BAM", "data_desc": "碱基质量校正后的比对 BAM 数据", "count": 750, "study": "HRA001272", "project_name": "Integrated genomic and transcriptomic profiling dissects spatiotemporal evolution of metastatic hepatocellular carcinoma", "tumor_subtype": "Hepatocellular carcinoma"}, {"semantic_format": "RNA_TRANSCRIPTOME_ALIGNMENT_BAM", "data_desc": "转录组比对 BAM 数据", "count": 430, "study": "HRA001272", "project_name": "Integrated genomic and transcriptomic profiling dissects spatiotemporal evolution of metastatic hepatocellular carcinoma", "tumor_subtype": "Hepatocellular carcinoma"}]
class300238	class3_data_tool_recommend	single_tool	基因融合检测	T054	star_fusion	HRA000087	Single-cell RNA analysis reveals an epithelial-immune dual feature of tumor cells in nasopharyngeal carcinoma	Nasopharynx Carcinoma	目标是基因融合检测，应该选择什么数据和什么工具？	完成基因融合检测需要数据：样本元数据、原始双端测序数据（R1）、原始双端测序数据（R2）；推荐工具 star_fusion。图谱中项目 Single-cell RNA analysis reveals an epithelial-immune dual feature of tumor cells in nasopharyngeal carcinoma 的 HRA000087（癌种：Nasopharynx Carcinoma）存在这些数据，共 3107 个匹配文件（文件引用已脱敏）。	["METADATA_SAMPLE_INFO", "RAW_PAIRED_END_R1_FASTQ", "RAW_PAIRED_END_R2_FASTQ"]	[]	["基因融合检测"]	["Clinical", "bulk_RNA"]		[{"semantic_format": "METADATA_SAMPLE_INFO", "data_desc": "样本元数据", "count": 1, "study": "HRA000087", "project_name": "Single-cell RNA analysis reveals an epithelial-immune dual feature of tumor cells in nasopharyngeal carcinoma", "tumor_subtype": "Nasopharynx Carcinoma"}, {"semantic_format": "RAW_PAIRED_END_R1_FASTQ", "data_desc": "原始双端测序数据（R1）", "count": 1553, "study": "HRA000087", "project_name": "Single-cell RNA analysis reveals an epithelial-immune dual feature of tumor cells in nasopharyngeal carcinoma", "tumor_subtype": "Nasopharynx Carcinoma"}, {"semantic_format": "RAW_PAIRED_END_R2_FASTQ", "data_desc": "原始双端测序数据（R2）", "count": 1553, "study": "HRA000087", "project_name": "Single-cell RNA analysis reveals an epithelial-immune dual feature of tumor cells in nasopharyngeal carcinoma", "tumor_subtype": "Nasopharynx Carcinoma"}]
class300239	class3_data_tool_recommend	single_tool	接头与低质量序列修剪	T001	fastp	HRA006499	Pharmacogenomic profiling of intra-tumor heterogeneity by a large organoid biobank of liver cancer	Liver Cancer	完成接头与低质量序列修剪需要的数据和工具分别是什么？	完成接头与低质量序列修剪需要数据：原始双端测序数据（R1）、原始双端测序数据（R2）；推荐工具 fastp。图谱中项目 Pharmacogenomic profiling of intra-tumor heterogeneity by a large organoid biobank of liver cancer 的 HRA006499（癌种：Liver Cancer）存在这些数据，共 1526 个匹配文件（文件引用已脱敏）。	["RAW_PAIRED_END_R1_FASTQ", "RAW_PAIRED_END_R2_FASTQ"]	[]	["接头与低质量序列修剪", "测序质量评估"]	["WES"]		[{"semantic_format": "RAW_PAIRED_END_R1_FASTQ", "data_desc": "原始双端测序数据（R1）", "count": 763, "study": "HRA006499", "project_name": "Pharmacogenomic profiling of intra-tumor heterogeneity by a large organoid biobank of liver cancer", "tumor_subtype": "Liver Cancer"}, {"semantic_format": "RAW_PAIRED_END_R2_FASTQ", "data_desc": "原始双端测序数据（R2）", "count": 763, "study": "HRA006499", "project_name": "Pharmacogenomic profiling of intra-tumor heterogeneity by a large organoid biobank of liver cancer", "tumor_subtype": "Liver Cancer"}]
class300240	class3_data_tool_recommend	single_tool	测序质量评估	T002	fastqc	HRA000087	Single-cell RNA analysis reveals an epithelial-immune dual feature of tumor cells in nasopharyngeal carcinoma	Nasopharynx Carcinoma	我想完成测序质量评估，需要什么数据、应该用什么工具？	完成测序质量评估需要数据：原始单端测序数据；推荐工具 fastqc。图谱中项目 Single-cell RNA analysis reveals an epithelial-immune dual feature of tumor cells in nasopharyngeal carcinoma 的 HRA000087（癌种：Nasopharynx Carcinoma）存在这些数据，共 3106 个匹配文件（文件引用已脱敏）。	["RAW_SINGLE_END_FASTQ"]	[]	["可视化与报告", "测序质量评估"]	["WES", "WGS", "bulk_RNA", "sc-RNA"]		[{"semantic_format": "RAW_PAIRED_END_R1_FASTQ", "data_desc": "原始双端测序数据（R1）", "count": 1553, "study": "HRA000087", "project_name": "Single-cell RNA analysis reveals an epithelial-immune dual feature of tumor cells in nasopharyngeal carcinoma", "tumor_subtype": "Nasopharynx Carcinoma"}, {"semantic_format": "RAW_PAIRED_END_R2_FASTQ", "data_desc": "原始双端测序数据（R2）", "count": 1553, "study": "HRA000087", "project_name": "Single-cell RNA analysis reveals an epithelial-immune dual feature of tumor cells in nasopharyngeal carcinoma", "tumor_subtype": "Nasopharynx Carcinoma"}]
class300241	class3_data_tool_recommend	single_tool	单细胞比对与定量	T003	cellranger_workflow	HRA003107	Multi-omics integrative analysis of esophageal squamous carcinoma	Esophageal Squamous Cell Carcinoma	要完成单细胞比对与定量，需要准备哪些数据、推荐哪个工具？	完成单细胞比对与定量需要数据：基因组比对 BAM 数据、原始单端测序数据；推荐工具 cellranger_workflow。图谱中项目 Multi-omics integrative analysis of esophageal squamous carcinoma 的 HRA003107（癌种：Esophageal Squamous Cell Carcinoma）存在这些数据，共 1462 个匹配文件（文件引用已脱敏）。	["DNA_GENOMIC_ALIGNMENT_BAM", "RAW_SINGLE_END_FASTQ"]	[]	["单细胞比对与定量", "可视化与报告", "测序质量评估"]	["bulk_RNA", "sc-RNA"]		[{"semantic_format": "RNA_TRANSCRIPTOME_ALIGNMENT_BAM", "data_desc": "转录组比对 BAM 数据", "count": 310, "study": "HRA003107", "project_name": "Multi-omics integrative analysis of esophageal squamous carcinoma", "tumor_subtype": "Esophageal Squamous Cell Carcinoma"}, {"semantic_format": "RAW_PAIRED_END_R1_FASTQ", "data_desc": "原始双端测序数据（R1）", "count": 576, "study": "HRA003107", "project_name": "Multi-omics integrative analysis of esophageal squamous carcinoma", "tumor_subtype": "Esophageal Squamous Cell Carcinoma"}, {"semantic_format": "RAW_PAIRED_END_R2_FASTQ", "data_desc": "原始双端测序数据（R2）", "count": 576, "study": "HRA003107", "project_name": "Multi-omics integrative analysis of esophageal squamous carcinoma", "tumor_subtype": "Esophageal Squamous Cell Carcinoma"}]
class300242	class3_data_tool_recommend	single_tool	接头与低质量序列修剪	T004	trim_galore	HRA002693	Multi-center RNA sequencing analysis for acute myeloid leukemia	Acute Myeloid Leukemia	项目Multi-center RNA sequencing analysis for acute myeloid leukemia中要做接头与低质量序列修剪，需要哪些数据、用什么工具？	完成接头与低质量序列修剪需要数据：原始双端测序数据（R1）、原始双端测序数据（R2）；推荐工具 trim_galore。图谱中项目 Multi-center RNA sequencing analysis for acute myeloid leukemia 的 HRA002693（癌种：Acute Myeloid Leukemia）存在这些数据，共 1310 个匹配文件（文件引用已脱敏）。	["RAW_PAIRED_END_R1_FASTQ", "RAW_PAIRED_END_R2_FASTQ"]	[]	["接头与低质量序列修剪"]	["bulk_RNA"]		[{"semantic_format": "RAW_PAIRED_END_R1_FASTQ", "data_desc": "原始双端测序数据（R1）", "count": 655, "study": "HRA002693", "project_name": "Multi-center RNA sequencing analysis for acute myeloid leukemia", "tumor_subtype": "Acute Myeloid Leukemia"}, {"semantic_format": "RAW_PAIRED_END_R2_FASTQ", "data_desc": "原始双端测序数据（R2）", "count": 655, "study": "HRA002693", "project_name": "Multi-center RNA sequencing analysis for acute myeloid leukemia", "tumor_subtype": "Acute Myeloid Leukemia"}]
class300243	class3_data_tool_recommend	single_tool	RNA序列比对	T005	star	HRA002693	Multi-center RNA sequencing analysis for acute myeloid leukemia	Acute Myeloid Leukemia	目标是RNA序列比对，应该选择什么数据和什么工具？	完成RNA序列比对需要数据：原始双端测序数据（R1）、原始双端测序数据（R2）；推荐工具 star（另需公共参考资源：参考基因组 FASTA）。图谱中项目 Multi-center RNA sequencing analysis for acute myeloid leukemia 的 HRA002693（癌种：Acute Myeloid Leukemia）存在这些数据，共 1310 个匹配文件（文件引用已脱敏）。	["RAW_PAIRED_END_R1_FASTQ", "RAW_PAIRED_END_R2_FASTQ"]	["REFERENCE_GENOME_FASTA"]	["RNA序列比对"]	["bulk_RNA"]		[{"semantic_format": "RAW_PAIRED_END_R1_FASTQ", "data_desc": "原始双端测序数据（R1）", "count": 655, "study": "HRA002693", "project_name": "Multi-center RNA sequencing analysis for acute myeloid leukemia", "tumor_subtype": "Acute Myeloid Leukemia"}, {"semantic_format": "RAW_PAIRED_END_R2_FASTQ", "data_desc": "原始双端测序数据（R2）", "count": 655, "study": "HRA002693", "project_name": "Multi-center RNA sequencing analysis for acute myeloid leukemia", "tumor_subtype": "Acute Myeloid Leukemia"}]
class300244	class3_data_tool_recommend	single_tool	DNA序列比对	T006	bwa	HRA006499	Pharmacogenomic profiling of intra-tumor heterogeneity by a large organoid biobank of liver cancer	Liver Cancer	完成DNA序列比对需要的数据和工具分别是什么？	完成DNA序列比对需要数据：原始双端测序数据（R1）、原始双端测序数据（R2）；推荐工具 bwa（另需公共参考资源：参考基因组 FASTA）。图谱中项目 Pharmacogenomic profiling of intra-tumor heterogeneity by a large organoid biobank of liver cancer 的 HRA006499（癌种：Liver Cancer）存在这些数据，共 1526 个匹配文件（文件引用已脱敏）。	["RAW_PAIRED_END_R1_FASTQ", "RAW_PAIRED_END_R2_FASTQ"]	["REFERENCE_GENOME_FASTA"]	["DNA序列比对"]	["WES"]		[{"semantic_format": "RAW_PAIRED_END_R1_FASTQ", "data_desc": "原始双端测序数据（R1）", "count": 763, "study": "HRA006499", "project_name": "Pharmacogenomic profiling of intra-tumor heterogeneity by a large organoid biobank of liver cancer", "tumor_subtype": "Liver Cancer"}, {"semantic_format": "RAW_PAIRED_END_R2_FASTQ", "data_desc": "原始双端测序数据（R2）", "count": 763, "study": "HRA006499", "project_name": "Pharmacogenomic profiling of intra-tumor heterogeneity by a large organoid biobank of liver cancer", "tumor_subtype": "Liver Cancer"}]
class300245	class3_data_tool_recommend	single_tool	比对后处理与去重	T007	samtools	HRA000873	Whole  exome sequencing  of patients with CRC from the Changkang project	Colorectal Cancer	我想完成比对后处理与去重，需要什么数据、应该用什么工具？	完成比对后处理与去重需要数据：基因组比对 BAM 数据；推荐工具 samtools。图谱中项目 Whole  exome sequencing  of patients with CRC from the Changkang project 的 HRA000873（癌种：Colorectal Cancer）存在这些数据，共 2030 个匹配文件（文件引用已脱敏）。	["DNA_GENOMIC_ALIGNMENT_BAM"]	[]	["比对后处理与去重"]	["WES", "WGS", "bulk_RNA"]		[{"semantic_format": "DNA_ALIGNMENT_BQSR_BAM", "data_desc": "碱基质量校正后的比对 BAM 数据", "count": 2030, "study": "HRA000873", "project_name": "Whole  exome sequencing  of patients with CRC from the Changkang project", "tumor_subtype": "Colorectal Cancer"}]
class300246	class3_data_tool_recommend	single_tool	体细胞变异检测	T008	gatk	HRA006499	Pharmacogenomic profiling of intra-tumor heterogeneity by a large organoid biobank of liver cancer	Liver Cancer	要完成体细胞变异检测，需要准备哪些数据、推荐哪个工具？	完成体细胞变异检测需要数据：基因组比对 BAM 数据；推荐工具 gatk（另需公共参考资源：参考基因组 FASTA、目标区间列表）。图谱中项目 Pharmacogenomic profiling of intra-tumor heterogeneity by a large organoid biobank of liver cancer 的 HRA006499（癌种：Liver Cancer）存在这些数据，共 763 个匹配文件（文件引用已脱敏）。	["DNA_GENOMIC_ALIGNMENT_BAM"]	["REFERENCE_GENOME_FASTA", "TARGET_INTERVAL_LIST"]	["体细胞变异检测", "变异质量校正"]	["WES"]		[{"semantic_format": "DNA_ALIGNMENT_BQSR_BAM", "data_desc": "碱基质量校正后的比对 BAM 数据", "count": 763, "study": "HRA006499", "project_name": "Pharmacogenomic profiling of intra-tumor heterogeneity by a large organoid biobank of liver cancer", "tumor_subtype": "Liver Cancer"}]
class300247	class3_data_tool_recommend	single_tool	变异注释	T010	snpeff	HRA006499	Pharmacogenomic profiling of intra-tumor heterogeneity by a large organoid biobank of liver cancer	Liver Cancer	项目Pharmacogenomic profiling of intra-tumor heterogeneity by a large organoid biobank of liver cancer中要做变异注释，需要哪些数据、用什么工具？	完成变异注释需要数据：变异 VCF 数据；推荐工具 snpeff（另需公共参考资源：参考基因组 FASTA）。图谱中项目 Pharmacogenomic profiling of intra-tumor heterogeneity by a large organoid biobank of liver cancer 的 HRA006499（癌种：Liver Cancer）存在这些数据，共 1014 个匹配文件（文件引用已脱敏）。	["DNA_VARIANT_VCF_GENERAL"]	["REFERENCE_GENOME_FASTA"]	["变异注释", "可视化与报告"]	["WES", "WGS"]		[{"semantic_format": "DNA_VARIANT_VCF_GENERAL", "data_desc": "变异 VCF 数据", "count": 1014, "study": "HRA006499", "project_name": "Pharmacogenomic profiling of intra-tumor heterogeneity by a large organoid biobank of liver cancer", "tumor_subtype": "Liver Cancer"}]
class300248	class3_data_tool_recommend	single_tool	表达定量	T011	rsem	HRA003107	Multi-omics integrative analysis of esophageal squamous carcinoma	Esophageal Squamous Cell Carcinoma	目标是表达定量，应该选择什么数据和什么工具？	完成表达定量需要数据：转录组比对 BAM 数据；推荐工具 rsem。图谱中项目 Multi-omics integrative analysis of esophageal squamous carcinoma 的 HRA003107（癌种：Esophageal Squamous Cell Carcinoma）存在这些数据，共 310 个匹配文件（文件引用已脱敏）。	["RNA_TRANSCRIPTOME_ALIGNMENT_BAM"]	[]	["表达定量"]	["bulk_RNA"]		[{"semantic_format": "RNA_TRANSCRIPTOME_ALIGNMENT_BAM", "data_desc": "转录组比对 BAM 数据", "count": 310, "study": "HRA003107", "project_name": "Multi-omics integrative analysis of esophageal squamous carcinoma", "tumor_subtype": "Esophageal Squamous Cell Carcinoma"}]
class300249	class3_data_tool_recommend	single_tool	表达定量	T012	featurecounts	HRA003107	Multi-omics integrative analysis of esophageal squamous carcinoma	Esophageal Squamous Cell Carcinoma	完成表达定量需要的数据和工具分别是什么？	完成表达定量需要数据：基因组比对 BAM 数据；推荐工具 featurecounts。图谱中项目 Multi-omics integrative analysis of esophageal squamous carcinoma 的 HRA003107（癌种：Esophageal Squamous Cell Carcinoma）存在这些数据，共 310 个匹配文件（文件引用已脱敏）。	["DNA_GENOMIC_ALIGNMENT_BAM"]	[]	["表达定量"]	["bulk_RNA"]		[{"semantic_format": "RNA_TRANSCRIPTOME_ALIGNMENT_BAM", "data_desc": "转录组比对 BAM 数据", "count": 310, "study": "HRA003107", "project_name": "Multi-omics integrative analysis of esophageal squamous carcinoma", "tumor_subtype": "Esophageal Squamous Cell Carcinoma"}]
class300250	class3_data_tool_recommend	single_tool	功能富集分析	T014	diff_expr_go	HRA002693	Multi-center RNA sequencing analysis for acute myeloid leukemia	Acute Myeloid Leukemia	我想完成功能富集分析，需要什么数据、应该用什么工具？	完成功能富集分析需要数据：基因表达矩阵/表格数据；推荐工具 diff_expr_go。图谱中项目 Multi-center RNA sequencing analysis for acute myeloid leukemia 的 HRA002693（癌种：Acute Myeloid Leukemia）存在这些数据，共 3 个匹配文件（文件引用已脱敏）。	["TABULAR_BIO_DATA"]	[]	["功能富集分析", "差异表达分析"]	["bulk_RNA"]		[{"semantic_format": "TABULAR_BIO_DATA", "data_desc": "基因表达矩阵/表格数据", "count": 3, "study": "HRA002693", "project_name": "Multi-center RNA sequencing analysis for acute myeloid leukemia", "tumor_subtype": "Acute Myeloid Leukemia"}]
class300251	class3_data_tool_recommend	single_tool	功能富集分析	T015	diff_expr_kegg	HRA002693	Multi-center RNA sequencing analysis for acute myeloid leukemia	Acute Myeloid Leukemia	要完成功能富集分析，需要准备哪些数据、推荐哪个工具？	完成功能富集分析需要数据：基因表达矩阵/表格数据；推荐工具 diff_expr_kegg。图谱中项目 Multi-center RNA sequencing analysis for acute myeloid leukemia 的 HRA002693（癌种：Acute Myeloid Leukemia）存在这些数据，共 3 个匹配文件（文件引用已脱敏）。	["TABULAR_BIO_DATA"]	[]	["功能富集分析", "差异表达分析"]	["bulk_RNA"]		[{"semantic_format": "TABULAR_BIO_DATA", "data_desc": "基因表达矩阵/表格数据", "count": 3, "study": "HRA002693", "project_name": "Multi-center RNA sequencing analysis for acute myeloid leukemia", "tumor_subtype": "Acute Myeloid Leukemia"}]
class300252	class3_data_tool_recommend	single_tool	突变景观与可视化	T016	driver_gene_gender_analysis	HRA007169	Multi-omics of acral melanoma	Acral melanoma	项目Multi-omics of acral melanoma中要做突变景观与可视化，需要哪些数据、用什么工具？	完成突变景观与可视化需要数据：临床表型数据、体细胞突变 MAF 数据；推荐工具 driver_gene_gender_analysis。图谱中项目 Multi-omics of acral melanoma 的 HRA007169（癌种：Acral melanoma）存在这些数据，共 78 个匹配文件（文件引用已脱敏）。	["CLINICAL_DATA_EXCEL", "MUTATION_ANNOTATION_FORMAT_MAF"]	[]	["可视化与报告", "突变景观与可视化"]	["Clinical", "WES"]		[{"semantic_format": "CLINICAL_DATA_EXCEL", "data_desc": "临床表型数据", "count": 1, "study": "HRA007169", "project_name": "Multi-omics of acral melanoma", "tumor_subtype": "Acral melanoma"}, {"semantic_format": "MUTATION_ANNOTATION_FORMAT_MAF", "data_desc": "体细胞突变 MAF 数据", "count": 77, "study": "HRA007169", "project_name": "Multi-omics of acral melanoma", "tumor_subtype": "Acral melanoma"}]
class300253	class3_data_tool_recommend	single_tool	生存分析	T017	her2_pfs_survival	HRA001272	Integrated genomic and transcriptomic profiling dissects spatiotemporal evolution of metastatic hepatocellular carcinoma	Hepatocellular carcinoma	目标是生存分析，应该选择什么数据和什么工具？	完成生存分析需要数据：临床表型数据、基因表达矩阵/表格数据；推荐工具 her2_pfs_survival。图谱中项目 Integrated genomic and transcriptomic profiling dissects spatiotemporal evolution of metastatic hepatocellular carcinoma 的 HRA001272（癌种：Hepatocellular carcinoma）存在这些数据，共 436 个匹配文件（文件引用已脱敏）。	["CLINICAL_DATA_EXCEL", "TABULAR_BIO_DATA"]	[]	["可视化与报告", "生存分析"]	["Clinical", "bulk_RNA"]		[{"semantic_format": "CLINICAL_DATA_EXCEL", "data_desc": "临床表型数据", "count": 1, "study": "HRA001272", "project_name": "Integrated genomic and transcriptomic profiling dissects spatiotemporal evolution of metastatic hepatocellular carcinoma", "tumor_subtype": "Hepatocellular carcinoma"}, {"semantic_format": "SOMATIC_CNV_TSV", "data_desc": "体细胞拷贝数变异数据", "count": 1, "study": "HRA001272", "project_name": "Integrated genomic and transcriptomic profiling dissects spatiotemporal evolution of metastatic hepatocellular carcinoma", "tumor_subtype": "Hepatocellular carcinoma"}, {"semantic_format": "TABULAR_BIO_DATA", "data_desc": "基因表达矩阵/表格数据", "count": 434, "study": "HRA001272", "project_name": "Integrated genomic and transcriptomic profiling dissects spatiotemporal evolution of metastatic hepatocellular carcinoma", "tumor_subtype": "Hepatocellular carcinoma"}]
class300254	class3_data_tool_recommend	single_tool	免疫浸润与微环境分析	T018	immune_infiltration_iobr	HRA001272	Integrated genomic and transcriptomic profiling dissects spatiotemporal evolution of metastatic hepatocellular carcinoma	Hepatocellular carcinoma	完成免疫浸润与微环境分析需要的数据和工具分别是什么？	完成免疫浸润与微环境分析需要数据：临床表型数据、基因表达矩阵/表格数据；推荐工具 immune_infiltration_iobr。图谱中项目 Integrated genomic and transcriptomic profiling dissects spatiotemporal evolution of metastatic hepatocellular carcinoma 的 HRA001272（癌种：Hepatocellular carcinoma）存在这些数据，共 436 个匹配文件（文件引用已脱敏）。	["CLINICAL_DATA_EXCEL", "TABULAR_BIO_DATA"]	[]	["免疫浸润与微环境分析", "可视化与报告"]	["Clinical", "bulk_RNA"]		[{"semantic_format": "CLINICAL_DATA_EXCEL", "data_desc": "临床表型数据", "count": 1, "study": "HRA001272", "project_name": "Integrated genomic and transcriptomic profiling dissects spatiotemporal evolution of metastatic hepatocellular carcinoma", "tumor_subtype": "Hepatocellular carcinoma"}, {"semantic_format": "SOMATIC_CNV_TSV", "data_desc": "体细胞拷贝数变异数据", "count": 1, "study": "HRA001272", "project_name": "Integrated genomic and transcriptomic profiling dissects spatiotemporal evolution of metastatic hepatocellular carcinoma", "tumor_subtype": "Hepatocellular carcinoma"}, {"semantic_format": "TABULAR_BIO_DATA", "data_desc": "基因表达矩阵/表格数据", "count": 434, "study": "HRA001272", "project_name": "Integrated genomic and transcriptomic profiling dissects spatiotemporal evolution of metastatic hepatocellular carcinoma", "tumor_subtype": "Hepatocellular carcinoma"}]
class300255	class3_data_tool_recommend	single_tool	序列格式转换	T019	paired_fastq_to_unmapped_bam	HRA006499	Pharmacogenomic profiling of intra-tumor heterogeneity by a large organoid biobank of liver cancer	Liver Cancer	我想完成序列格式转换，需要什么数据、应该用什么工具？	完成序列格式转换需要数据：基因组比对 BAM 数据、原始双端测序数据（R1）、原始双端测序数据（R2）；推荐工具 paired_fastq_to_unmapped_bam。图谱中项目 Pharmacogenomic profiling of intra-tumor heterogeneity by a large organoid biobank of liver cancer 的 HRA006499（癌种：Liver Cancer）存在这些数据，共 2289 个匹配文件（文件引用已脱敏）。	["DNA_GENOMIC_ALIGNMENT_BAM", "RAW_PAIRED_END_R1_FASTQ", "RAW_PAIRED_END_R2_FASTQ"]	[]	["序列格式转换"]	["WES"]		[{"semantic_format": "DNA_ALIGNMENT_BQSR_BAM", "data_desc": "碱基质量校正后的比对 BAM 数据", "count": 763, "study": "HRA006499", "project_name": "Pharmacogenomic profiling of intra-tumor heterogeneity by a large organoid biobank of liver cancer", "tumor_subtype": "Liver Cancer"}, {"semantic_format": "RAW_PAIRED_END_R1_FASTQ", "data_desc": "原始双端测序数据（R1）", "count": 763, "study": "HRA006499", "project_name": "Pharmacogenomic profiling of intra-tumor heterogeneity by a large organoid biobank of liver cancer", "tumor_subtype": "Liver Cancer"}, {"semantic_format": "RAW_PAIRED_END_R2_FASTQ", "data_desc": "原始双端测序数据（R2）", "count": 763, "study": "HRA006499", "project_name": "Pharmacogenomic profiling of intra-tumor heterogeneity by a large organoid biobank of liver cancer", "tumor_subtype": "Liver Cancer"}]
class300256	class3_data_tool_recommend	single_tool	无监督聚类分析	T020	rnaseq_unsupervised_cluster	HRA002693	Multi-center RNA sequencing analysis for acute myeloid leukemia	Acute Myeloid Leukemia	要完成无监督聚类分析，需要准备哪些数据、推荐哪个工具？	完成无监督聚类分析需要数据：基因表达矩阵/表格数据；推荐工具 rnaseq_unsupervised_cluster。图谱中项目 Multi-center RNA sequencing analysis for acute myeloid leukemia 的 HRA002693（癌种：Acute Myeloid Leukemia）存在这些数据，共 3 个匹配文件（文件引用已脱敏）。	["TABULAR_BIO_DATA"]	[]	["可视化与报告", "无监督聚类分析"]	["bulk_RNA"]		[{"semantic_format": "TABULAR_BIO_DATA", "data_desc": "基因表达矩阵/表格数据", "count": 3, "study": "HRA002693", "project_name": "Multi-center RNA sequencing analysis for acute myeloid leukemia", "tumor_subtype": "Acute Myeloid Leukemia"}]
class300257	class3_data_tool_recommend	single_tool	生存分析	T021	survival_analysis	HRA007169	Multi-omics of acral melanoma	Acral melanoma	项目Multi-omics of acral melanoma中要做生存分析，需要哪些数据、用什么工具？	完成生存分析需要数据：临床表型数据、体细胞突变 MAF 数据；推荐工具 survival_analysis。图谱中项目 Multi-omics of acral melanoma 的 HRA007169（癌种：Acral melanoma）存在这些数据，共 78 个匹配文件（文件引用已脱敏）。	["CLINICAL_DATA_EXCEL", "MUTATION_ANNOTATION_FORMAT_MAF"]	[]	["生存分析"]	["Clinical", "WES"]		[{"semantic_format": "CLINICAL_DATA_EXCEL", "data_desc": "临床表型数据", "count": 1, "study": "HRA007169", "project_name": "Multi-omics of acral melanoma", "tumor_subtype": "Acral melanoma"}, {"semantic_format": "MUTATION_ANNOTATION_FORMAT_MAF", "data_desc": "体细胞突变 MAF 数据", "count": 77, "study": "HRA007169", "project_name": "Multi-omics of acral melanoma", "tumor_subtype": "Acral melanoma"}]
class300258	class3_data_tool_recommend	single_tool	生存分析	T022	tmb_survival_analysis	HRA007169	Multi-omics of acral melanoma	Acral melanoma	目标是生存分析，应该选择什么数据和什么工具？	完成生存分析需要数据：临床表型数据、体细胞突变 MAF 数据；推荐工具 tmb_survival_analysis。图谱中项目 Multi-omics of acral melanoma 的 HRA007169（癌种：Acral melanoma）存在这些数据，共 78 个匹配文件（文件引用已脱敏）。	["CLINICAL_DATA_EXCEL", "MUTATION_ANNOTATION_FORMAT_MAF"]	[]	["生存分析", "突变景观与可视化"]	["Clinical", "WES"]		[{"semantic_format": "CLINICAL_DATA_EXCEL", "data_desc": "临床表型数据", "count": 1, "study": "HRA007169", "project_name": "Multi-omics of acral melanoma", "tumor_subtype": "Acral melanoma"}, {"semantic_format": "MUTATION_ANNOTATION_FORMAT_MAF", "data_desc": "体细胞突变 MAF 数据", "count": 77, "study": "HRA007169", "project_name": "Multi-omics of acral melanoma", "tumor_subtype": "Acral melanoma"}]
class300259	class3_data_tool_recommend	single_tool	突变景观与可视化	T023	wes_somatic_maf_landscape	HRA007169	Multi-omics of acral melanoma	Acral melanoma	完成突变景观与可视化需要的数据和工具分别是什么？	完成突变景观与可视化需要数据：体细胞突变 MAF 数据；推荐工具 wes_somatic_maf_landscape。图谱中项目 Multi-omics of acral melanoma 的 HRA007169（癌种：Acral melanoma）存在这些数据，共 77 个匹配文件（文件引用已脱敏）。	["MUTATION_ANNOTATION_FORMAT_MAF"]	[]	["突变景观与可视化"]	["WES"]		[{"semantic_format": "MUTATION_ANNOTATION_FORMAT_MAF", "data_desc": "体细胞突变 MAF 数据", "count": 77, "study": "HRA007169", "project_name": "Multi-omics of acral melanoma", "tumor_subtype": "Acral melanoma"}]
class300260	class3_data_tool_recommend	single_tool	共表达网络分析	T024	wgcna	HRA001272	Integrated genomic and transcriptomic profiling dissects spatiotemporal evolution of metastatic hepatocellular carcinoma	Hepatocellular carcinoma	我想完成共表达网络分析，需要什么数据、应该用什么工具？	完成共表达网络分析需要数据：临床表型数据、基因表达矩阵/表格数据；推荐工具 wgcna。图谱中项目 Integrated genomic and transcriptomic profiling dissects spatiotemporal evolution of metastatic hepatocellular carcinoma 的 HRA001272（癌种：Hepatocellular carcinoma）存在这些数据，共 436 个匹配文件（文件引用已脱敏）。	["CLINICAL_DATA_EXCEL", "TABULAR_BIO_DATA"]	[]	["共表达网络分析"]	["Clinical", "bulk_RNA"]		[{"semantic_format": "CLINICAL_DATA_EXCEL", "data_desc": "临床表型数据", "count": 1, "study": "HRA001272", "project_name": "Integrated genomic and transcriptomic profiling dissects spatiotemporal evolution of metastatic hepatocellular carcinoma", "tumor_subtype": "Hepatocellular carcinoma"}, {"semantic_format": "SOMATIC_CNV_TSV", "data_desc": "体细胞拷贝数变异数据", "count": 1, "study": "HRA001272", "project_name": "Integrated genomic and transcriptomic profiling dissects spatiotemporal evolution of metastatic hepatocellular carcinoma", "tumor_subtype": "Hepatocellular carcinoma"}, {"semantic_format": "TABULAR_BIO_DATA", "data_desc": "基因表达矩阵/表格数据", "count": 434, "study": "HRA001272", "project_name": "Integrated genomic and transcriptomic profiling dissects spatiotemporal evolution of metastatic hepatocellular carcinoma", "tumor_subtype": "Hepatocellular carcinoma"}]
class300261	class3_data_tool_recommend	single_tool	拷贝数变异分析	T028	cnvkit_cnv_clinical	HRA000873	Whole  exome sequencing  of patients with CRC from the Changkang project	Colorectal Cancer	要完成拷贝数变异分析，需要准备哪些数据、推荐哪个工具？	完成拷贝数变异分析需要数据：基因组比对 BAM 数据；推荐工具 cnvkit_cnv_clinical。图谱中项目 Whole  exome sequencing  of patients with CRC from the Changkang project 的 HRA000873（癌种：Colorectal Cancer）存在这些数据，共 2030 个匹配文件（文件引用已脱敏）。	["DNA_GENOMIC_ALIGNMENT_BAM"]	[]	["可视化与报告", "拷贝数变异分析"]	["Clinical", "WES", "WGS"]		[{"semantic_format": "DNA_ALIGNMENT_BQSR_BAM", "data_desc": "碱基质量校正后的比对 BAM 数据", "count": 2030, "study": "HRA000873", "project_name": "Whole  exome sequencing  of patients with CRC from the Changkang project", "tumor_subtype": "Colorectal Cancer"}]
class300262	class3_data_tool_recommend	single_tool	生存分析	T029	cox_model	HRA001272	Integrated genomic and transcriptomic profiling dissects spatiotemporal evolution of metastatic hepatocellular carcinoma	Hepatocellular carcinoma	项目Integrated genomic and transcriptomic profiling dissects spatiotemporal evolution of metastatic hepatocellular carcinoma中要做生存分析，需要哪些数据、用什么工具？	完成生存分析需要数据：临床表型数据、样本元数据、基因表达矩阵/表格数据；推荐工具 cox_model。图谱中项目 Integrated genomic and transcriptomic profiling dissects spatiotemporal evolution of metastatic hepatocellular carcinoma 的 HRA001272（癌种：Hepatocellular carcinoma）存在这些数据，共 437 个匹配文件（文件引用已脱敏）。	["CLINICAL_DATA_EXCEL", "METADATA_SAMPLE_INFO", "TABULAR_BIO_DATA"]	[]	["生存分析"]	["Clinical", "bulk_RNA"]		[{"semantic_format": "CLINICAL_DATA_EXCEL", "data_desc": "临床表型数据", "count": 1, "study": "HRA001272", "project_name": "Integrated genomic and transcriptomic profiling dissects spatiotemporal evolution of metastatic hepatocellular carcinoma", "tumor_subtype": "Hepatocellular carcinoma"}, {"semantic_format": "METADATA_SAMPLE_INFO", "data_desc": "样本元数据", "count": 1, "study": "HRA001272", "project_name": "Integrated genomic and transcriptomic profiling dissects spatiotemporal evolution of metastatic hepatocellular carcinoma", "tumor_subtype": "Hepatocellular carcinoma"}, {"semantic_format": "SOMATIC_CNV_TSV", "data_desc": "体细胞拷贝数变异数据", "count": 1, "study": "HRA001272", "project_name": "Integrated genomic and transcriptomic profiling dissects spatiotemporal evolution of metastatic hepatocellular carcinoma", "tumor_subtype": "Hepatocellular carcinoma"}, {"semantic_format": "TABULAR_BIO_DATA", "data_desc": "基因表达矩阵/表格数据", "count": 434, "study": "HRA001272", "project_name": "Integrated genomic and transcriptomic profiling dissects spatiotemporal evolution of metastatic hepatocellular carcinoma", "tumor_subtype": "Hepatocellular carcinoma"}]
class300263	class3_data_tool_recommend	single_tool	功能富集分析	T032	de_enrichment	HRA001272	Integrated genomic and transcriptomic profiling dissects spatiotemporal evolution of metastatic hepatocellular carcinoma	Hepatocellular carcinoma	目标是功能富集分析，应该选择什么数据和什么工具？	完成功能富集分析需要数据：临床表型数据、样本元数据、基因表达矩阵/表格数据；推荐工具 de_enrichment。图谱中项目 Integrated genomic and transcriptomic profiling dissects spatiotemporal evolution of metastatic hepatocellular carcinoma 的 HRA001272（癌种：Hepatocellular carcinoma）存在这些数据，共 437 个匹配文件（文件引用已脱敏）。	["CLINICAL_DATA_EXCEL", "METADATA_SAMPLE_INFO", "TABULAR_BIO_DATA"]	[]	["功能富集分析", "可视化与报告", "差异表达分析"]	["Clinical", "bulk_RNA"]		[{"semantic_format": "CLINICAL_DATA_EXCEL", "data_desc": "临床表型数据", "count": 1, "study": "HRA001272", "project_name": "Integrated genomic and transcriptomic profiling dissects spatiotemporal evolution of metastatic hepatocellular carcinoma", "tumor_subtype": "Hepatocellular carcinoma"}, {"semantic_format": "METADATA_SAMPLE_INFO", "data_desc": "样本元数据", "count": 1, "study": "HRA001272", "project_name": "Integrated genomic and transcriptomic profiling dissects spatiotemporal evolution of metastatic hepatocellular carcinoma", "tumor_subtype": "Hepatocellular carcinoma"}, {"semantic_format": "SOMATIC_CNV_TSV", "data_desc": "体细胞拷贝数变异数据", "count": 1, "study": "HRA001272", "project_name": "Integrated genomic and transcriptomic profiling dissects spatiotemporal evolution of metastatic hepatocellular carcinoma", "tumor_subtype": "Hepatocellular carcinoma"}, {"semantic_format": "TABULAR_BIO_DATA", "data_desc": "基因表达矩阵/表格数据", "count": 434, "study": "HRA001272", "project_name": "Integrated genomic and transcriptomic profiling dissects spatiotemporal evolution of metastatic hepatocellular carcinoma", "tumor_subtype": "Hepatocellular carcinoma"}]
class300264	class3_data_tool_recommend	single_tool	功能富集分析	T033	deg_enrichment	HRA001272	Integrated genomic and transcriptomic profiling dissects spatiotemporal evolution of metastatic hepatocellular carcinoma	Hepatocellular carcinoma	完成功能富集分析需要的数据和工具分别是什么？	完成功能富集分析需要数据：临床表型数据、样本元数据、基因表达矩阵/表格数据；推荐工具 deg_enrichment。图谱中项目 Integrated genomic and transcriptomic profiling dissects spatiotemporal evolution of metastatic hepatocellular carcinoma 的 HRA001272（癌种：Hepatocellular carcinoma）存在这些数据，共 437 个匹配文件（文件引用已脱敏）。	["CLINICAL_DATA_EXCEL", "METADATA_SAMPLE_INFO", "TABULAR_BIO_DATA"]	[]	["功能富集分析", "差异表达分析"]	["Clinical", "bulk_RNA"]		[{"semantic_format": "CLINICAL_DATA_EXCEL", "data_desc": "临床表型数据", "count": 1, "study": "HRA001272", "project_name": "Integrated genomic and transcriptomic profiling dissects spatiotemporal evolution of metastatic hepatocellular carcinoma", "tumor_subtype": "Hepatocellular carcinoma"}, {"semantic_format": "METADATA_SAMPLE_INFO", "data_desc": "样本元数据", "count": 1, "study": "HRA001272", "project_name": "Integrated genomic and transcriptomic profiling dissects spatiotemporal evolution of metastatic hepatocellular carcinoma", "tumor_subtype": "Hepatocellular carcinoma"}, {"semantic_format": "SOMATIC_CNV_TSV", "data_desc": "体细胞拷贝数变异数据", "count": 1, "study": "HRA001272", "project_name": "Integrated genomic and transcriptomic profiling dissects spatiotemporal evolution of metastatic hepatocellular carcinoma", "tumor_subtype": "Hepatocellular carcinoma"}, {"semantic_format": "TABULAR_BIO_DATA", "data_desc": "基因表达矩阵/表格数据", "count": 434, "study": "HRA001272", "project_name": "Integrated genomic and transcriptomic profiling dissects spatiotemporal evolution of metastatic hepatocellular carcinoma", "tumor_subtype": "Hepatocellular carcinoma"}]
class300265	class3_data_tool_recommend	single_tool	差异表达分析	T034	deg_trend	HRA001272	Integrated genomic and transcriptomic profiling dissects spatiotemporal evolution of metastatic hepatocellular carcinoma	Hepatocellular carcinoma	我想完成差异表达分析，需要什么数据、应该用什么工具？	完成差异表达分析需要数据：临床表型数据、样本元数据、基因表达矩阵/表格数据；推荐工具 deg_trend。图谱中项目 Integrated genomic and transcriptomic profiling dissects spatiotemporal evolution of metastatic hepatocellular carcinoma 的 HRA001272（癌种：Hepatocellular carcinoma）存在这些数据，共 437 个匹配文件（文件引用已脱敏）。	["CLINICAL_DATA_EXCEL", "METADATA_SAMPLE_INFO", "TABULAR_BIO_DATA"]	[]	["可视化与报告", "差异表达分析"]	["Clinical", "bulk_RNA"]		[{"semantic_format": "CLINICAL_DATA_EXCEL", "data_desc": "临床表型数据", "count": 1, "study": "HRA001272", "project_name": "Integrated genomic and transcriptomic profiling dissects spatiotemporal evolution of metastatic hepatocellular carcinoma", "tumor_subtype": "Hepatocellular carcinoma"}, {"semantic_format": "METADATA_SAMPLE_INFO", "data_desc": "样本元数据", "count": 1, "study": "HRA001272", "project_name": "Integrated genomic and transcriptomic profiling dissects spatiotemporal evolution of metastatic hepatocellular carcinoma", "tumor_subtype": "Hepatocellular carcinoma"}, {"semantic_format": "SOMATIC_CNV_TSV", "data_desc": "体细胞拷贝数变异数据", "count": 1, "study": "HRA001272", "project_name": "Integrated genomic and transcriptomic profiling dissects spatiotemporal evolution of metastatic hepatocellular carcinoma", "tumor_subtype": "Hepatocellular carcinoma"}, {"semantic_format": "TABULAR_BIO_DATA", "data_desc": "基因表达矩阵/表格数据", "count": 434, "study": "HRA001272", "project_name": "Integrated genomic and transcriptomic profiling dissects spatiotemporal evolution of metastatic hepatocellular carcinoma", "tumor_subtype": "Hepatocellular carcinoma"}]
class300266	class3_data_tool_recommend	single_tool	可视化与报告	T035	gene_boxplot	HRA001272	Integrated genomic and transcriptomic profiling dissects spatiotemporal evolution of metastatic hepatocellular carcinoma	Hepatocellular carcinoma	要完成可视化与报告，需要准备哪些数据、推荐哪个工具？	完成可视化与报告需要数据：临床表型数据、样本元数据、基因表达矩阵/表格数据；推荐工具 gene_boxplot。图谱中项目 Integrated genomic and transcriptomic profiling dissects spatiotemporal evolution of metastatic hepatocellular carcinoma 的 HRA001272（癌种：Hepatocellular carcinoma）存在这些数据，共 437 个匹配文件（文件引用已脱敏）。	["CLINICAL_DATA_EXCEL", "METADATA_SAMPLE_INFO", "TABULAR_BIO_DATA"]	[]	["可视化与报告"]	["Clinical", "bulk_RNA"]		[{"semantic_format": "CLINICAL_DATA_EXCEL", "data_desc": "临床表型数据", "count": 1, "study": "HRA001272", "project_name": "Integrated genomic and transcriptomic profiling dissects spatiotemporal evolution of metastatic hepatocellular carcinoma", "tumor_subtype": "Hepatocellular carcinoma"}, {"semantic_format": "METADATA_SAMPLE_INFO", "data_desc": "样本元数据", "count": 1, "study": "HRA001272", "project_name": "Integrated genomic and transcriptomic profiling dissects spatiotemporal evolution of metastatic hepatocellular carcinoma", "tumor_subtype": "Hepatocellular carcinoma"}, {"semantic_format": "SOMATIC_CNV_TSV", "data_desc": "体细胞拷贝数变异数据", "count": 1, "study": "HRA001272", "project_name": "Integrated genomic and transcriptomic profiling dissects spatiotemporal evolution of metastatic hepatocellular carcinoma", "tumor_subtype": "Hepatocellular carcinoma"}, {"semantic_format": "TABULAR_BIO_DATA", "data_desc": "基因表达矩阵/表格数据", "count": 434, "study": "HRA001272", "project_name": "Integrated genomic and transcriptomic profiling dissects spatiotemporal evolution of metastatic hepatocellular carcinoma", "tumor_subtype": "Hepatocellular carcinoma"}]
class300267	class3_data_tool_recommend	single_tool	功能富集分析	T036	gsea_pathway_enrichment	HRA001272	Integrated genomic and transcriptomic profiling dissects spatiotemporal evolution of metastatic hepatocellular carcinoma	Hepatocellular carcinoma	项目Integrated genomic and transcriptomic profiling dissects spatiotemporal evolution of metastatic hepatocellular carcinoma中要做功能富集分析，需要哪些数据、用什么工具？	完成功能富集分析需要数据：基因表达矩阵/表格数据；推荐工具 gsea_pathway_enrichment。图谱中项目 Integrated genomic and transcriptomic profiling dissects spatiotemporal evolution of metastatic hepatocellular carcinoma 的 HRA001272（癌种：Hepatocellular carcinoma）存在这些数据，共 435 个匹配文件（文件引用已脱敏）。	["TABULAR_BIO_DATA"]	[]	["功能富集分析"]	["Clinical", "bulk_RNA"]		[{"semantic_format": "SOMATIC_CNV_TSV", "data_desc": "体细胞拷贝数变异数据", "count": 1, "study": "HRA001272", "project_name": "Integrated genomic and transcriptomic profiling dissects spatiotemporal evolution of metastatic hepatocellular carcinoma", "tumor_subtype": "Hepatocellular carcinoma"}, {"semantic_format": "TABULAR_BIO_DATA", "data_desc": "基因表达矩阵/表格数据", "count": 434, "study": "HRA001272", "project_name": "Integrated genomic and transcriptomic profiling dissects spatiotemporal evolution of metastatic hepatocellular carcinoma", "tumor_subtype": "Hepatocellular carcinoma"}]
class300268	class3_data_tool_recommend	single_tool	生存分析	T040	km_survival	HRA001272	Integrated genomic and transcriptomic profiling dissects spatiotemporal evolution of metastatic hepatocellular carcinoma	Hepatocellular carcinoma	目标是生存分析，应该选择什么数据和什么工具？	完成生存分析需要数据：临床表型数据、样本元数据、基因表达矩阵/表格数据；推荐工具 km_survival。图谱中项目 Integrated genomic and transcriptomic profiling dissects spatiotemporal evolution of metastatic hepatocellular carcinoma 的 HRA001272（癌种：Hepatocellular carcinoma）存在这些数据，共 437 个匹配文件（文件引用已脱敏）。	["CLINICAL_DATA_EXCEL", "METADATA_SAMPLE_INFO", "TABULAR_BIO_DATA"]	[]	["可视化与报告", "生存分析"]	["Clinical", "bulk_RNA"]		[{"semantic_format": "CLINICAL_DATA_EXCEL", "data_desc": "临床表型数据", "count": 1, "study": "HRA001272", "project_name": "Integrated genomic and transcriptomic profiling dissects spatiotemporal evolution of metastatic hepatocellular carcinoma", "tumor_subtype": "Hepatocellular carcinoma"}, {"semantic_format": "METADATA_SAMPLE_INFO", "data_desc": "样本元数据", "count": 1, "study": "HRA001272", "project_name": "Integrated genomic and transcriptomic profiling dissects spatiotemporal evolution of metastatic hepatocellular carcinoma", "tumor_subtype": "Hepatocellular carcinoma"}, {"semantic_format": "SOMATIC_CNV_TSV", "data_desc": "体细胞拷贝数变异数据", "count": 1, "study": "HRA001272", "project_name": "Integrated genomic and transcriptomic profiling dissects spatiotemporal evolution of metastatic hepatocellular carcinoma", "tumor_subtype": "Hepatocellular carcinoma"}, {"semantic_format": "TABULAR_BIO_DATA", "data_desc": "基因表达矩阵/表格数据", "count": 434, "study": "HRA001272", "project_name": "Integrated genomic and transcriptomic profiling dissects spatiotemporal evolution of metastatic hepatocellular carcinoma", "tumor_subtype": "Hepatocellular carcinoma"}]
class300269	class3_data_tool_recommend	single_tool	表达矩阵预处理与归一化	T042	preprocess_counts	HRA002693	Multi-center RNA sequencing analysis for acute myeloid leukemia	Acute Myeloid Leukemia	完成表达矩阵预处理与归一化需要的数据和工具分别是什么？	完成表达矩阵预处理与归一化需要数据：基因表达矩阵/表格数据；推荐工具 preprocess_counts。图谱中项目 Multi-center RNA sequencing analysis for acute myeloid leukemia 的 HRA002693（癌种：Acute Myeloid Leukemia）存在这些数据，共 3 个匹配文件（文件引用已脱敏）。	["TABULAR_BIO_DATA"]	[]	["表达矩阵预处理与归一化"]	["bulk_RNA"]		[{"semantic_format": "TABULAR_BIO_DATA", "data_desc": "基因表达矩阵/表格数据", "count": 3, "study": "HRA002693", "project_name": "Multi-center RNA sequencing analysis for acute myeloid leukemia", "tumor_subtype": "Acute Myeloid Leukemia"}]
class300270	class3_data_tool_recommend	single_tool	可变剪接分析	T043	rmats_alternative_splicing	HRA003107	Multi-omics integrative analysis of esophageal squamous carcinoma	Esophageal Squamous Cell Carcinoma	我想完成可变剪接分析，需要什么数据、应该用什么工具？	完成可变剪接分析需要数据：转录组比对 BAM 数据；推荐工具 rmats_alternative_splicing（另需公共参考资源：参考基因组 FASTA）。图谱中项目 Multi-omics integrative analysis of esophageal squamous carcinoma 的 HRA003107（癌种：Esophageal Squamous Cell Carcinoma）存在这些数据，共 310 个匹配文件（文件引用已脱敏）。	["RNA_TRANSCRIPTOME_ALIGNMENT_BAM"]	["REFERENCE_GENOME_FASTA"]	["可变剪接分析"]	["bulk_RNA"]		[{"semantic_format": "RNA_TRANSCRIPTOME_ALIGNMENT_BAM", "data_desc": "转录组比对 BAM 数据", "count": 310, "study": "HRA003107", "project_name": "Multi-omics integrative analysis of esophageal squamous carcinoma", "tumor_subtype": "Esophageal Squamous Cell Carcinoma"}]
class300271	class3_data_tool_recommend	single_tool	RNA序列比对	T044	rnaseq_singletask	HRA002693	Multi-center RNA sequencing analysis for acute myeloid leukemia	Acute Myeloid Leukemia	要完成RNA序列比对，需要准备哪些数据、推荐哪个工具？	完成RNA序列比对需要数据：原始双端测序数据（R1）、原始双端测序数据（R2）；推荐工具 rnaseq_singletask（另需公共参考资源：参考基因组 FASTA）。图谱中项目 Multi-center RNA sequencing analysis for acute myeloid leukemia 的 HRA002693（癌种：Acute Myeloid Leukemia）存在这些数据，共 1310 个匹配文件（文件引用已脱敏）。	["RAW_PAIRED_END_R1_FASTQ", "RAW_PAIRED_END_R2_FASTQ"]	["REFERENCE_GENOME_FASTA"]	["RNA序列比对", "接头与低质量序列修剪", "测序质量评估", "表达定量"]	["bulk_RNA"]		[{"semantic_format": "RAW_PAIRED_END_R1_FASTQ", "data_desc": "原始双端测序数据（R1）", "count": 655, "study": "HRA002693", "project_name": "Multi-center RNA sequencing analysis for acute myeloid leukemia", "tumor_subtype": "Acute Myeloid Leukemia"}, {"semantic_format": "RAW_PAIRED_END_R2_FASTQ", "data_desc": "原始双端测序数据（R2）", "count": 655, "study": "HRA002693", "project_name": "Multi-center RNA sequencing analysis for acute myeloid leukemia", "tumor_subtype": "Acute Myeloid Leukemia"}]
class300272	class3_data_tool_recommend	single_tool	可视化与报告	T046	stage_heatmap	HRA001272	Integrated genomic and transcriptomic profiling dissects spatiotemporal evolution of metastatic hepatocellular carcinoma	Hepatocellular carcinoma	项目Integrated genomic and transcriptomic profiling dissects spatiotemporal evolution of metastatic hepatocellular carcinoma中要做可视化与报告，需要哪些数据、用什么工具？	完成可视化与报告需要数据：临床表型数据、样本元数据、基因表达矩阵/表格数据；推荐工具 stage_heatmap。图谱中项目 Integrated genomic and transcriptomic profiling dissects spatiotemporal evolution of metastatic hepatocellular carcinoma 的 HRA001272（癌种：Hepatocellular carcinoma）存在这些数据，共 437 个匹配文件（文件引用已脱敏）。	["CLINICAL_DATA_EXCEL", "METADATA_SAMPLE_INFO", "TABULAR_BIO_DATA"]	[]	["可视化与报告"]	["Clinical", "bulk_RNA"]		[{"semantic_format": "CLINICAL_DATA_EXCEL", "data_desc": "临床表型数据", "count": 1, "study": "HRA001272", "project_name": "Integrated genomic and transcriptomic profiling dissects spatiotemporal evolution of metastatic hepatocellular carcinoma", "tumor_subtype": "Hepatocellular carcinoma"}, {"semantic_format": "METADATA_SAMPLE_INFO", "data_desc": "样本元数据", "count": 1, "study": "HRA001272", "project_name": "Integrated genomic and transcriptomic profiling dissects spatiotemporal evolution of metastatic hepatocellular carcinoma", "tumor_subtype": "Hepatocellular carcinoma"}, {"semantic_format": "SOMATIC_CNV_TSV", "data_desc": "体细胞拷贝数变异数据", "count": 1, "study": "HRA001272", "project_name": "Integrated genomic and transcriptomic profiling dissects spatiotemporal evolution of metastatic hepatocellular carcinoma", "tumor_subtype": "Hepatocellular carcinoma"}, {"semantic_format": "TABULAR_BIO_DATA", "data_desc": "基因表达矩阵/表格数据", "count": 434, "study": "HRA001272", "project_name": "Integrated genomic and transcriptomic profiling dissects spatiotemporal evolution of metastatic hepatocellular carcinoma", "tumor_subtype": "Hepatocellular carcinoma"}]
class300273	class3_data_tool_recommend	single_tool	可视化与报告	T048	umap	HRA001272	Integrated genomic and transcriptomic profiling dissects spatiotemporal evolution of metastatic hepatocellular carcinoma	Hepatocellular carcinoma	目标是可视化与报告，应该选择什么数据和什么工具？	完成可视化与报告需要数据：临床表型数据、样本元数据、基因表达矩阵/表格数据；推荐工具 umap。图谱中项目 Integrated genomic and transcriptomic profiling dissects spatiotemporal evolution of metastatic hepatocellular carcinoma 的 HRA001272（癌种：Hepatocellular carcinoma）存在这些数据，共 437 个匹配文件（文件引用已脱敏）。	["CLINICAL_DATA_EXCEL", "METADATA_SAMPLE_INFO", "TABULAR_BIO_DATA"]	[]	["可视化与报告"]	["Clinical", "bulk_RNA"]		[{"semantic_format": "CLINICAL_DATA_EXCEL", "data_desc": "临床表型数据", "count": 1, "study": "HRA001272", "project_name": "Integrated genomic and transcriptomic profiling dissects spatiotemporal evolution of metastatic hepatocellular carcinoma", "tumor_subtype": "Hepatocellular carcinoma"}, {"semantic_format": "METADATA_SAMPLE_INFO", "data_desc": "样本元数据", "count": 1, "study": "HRA001272", "project_name": "Integrated genomic and transcriptomic profiling dissects spatiotemporal evolution of metastatic hepatocellular carcinoma", "tumor_subtype": "Hepatocellular carcinoma"}, {"semantic_format": "SOMATIC_CNV_TSV", "data_desc": "体细胞拷贝数变异数据", "count": 1, "study": "HRA001272", "project_name": "Integrated genomic and transcriptomic profiling dissects spatiotemporal evolution of metastatic hepatocellular carcinoma", "tumor_subtype": "Hepatocellular carcinoma"}, {"semantic_format": "TABULAR_BIO_DATA", "data_desc": "基因表达矩阵/表格数据", "count": 434, "study": "HRA001272", "project_name": "Integrated genomic and transcriptomic profiling dissects spatiotemporal evolution of metastatic hepatocellular carcinoma", "tumor_subtype": "Hepatocellular carcinoma"}]
class300274	class3_data_tool_recommend	single_tool	DNA序列比对	T049	wes_somatic_pair	HRA006499	Pharmacogenomic profiling of intra-tumor heterogeneity by a large organoid biobank of liver cancer	Liver Cancer	完成DNA序列比对需要的数据和工具分别是什么？	完成DNA序列比对需要数据：变异 VCF 数据、原始双端测序数据（R1）、原始双端测序数据（R2）；推荐工具 wes_somatic_pair（另需公共参考资源：参考基因组 FASTA、目标区间列表）。图谱中项目 Pharmacogenomic profiling of intra-tumor heterogeneity by a large organoid biobank of liver cancer 的 HRA006499（癌种：Liver Cancer）存在这些数据，共 2540 个匹配文件（文件引用已脱敏）。	["DNA_VARIANT_VCF_GENERAL", "RAW_PAIRED_END_R1_FASTQ", "RAW_PAIRED_END_R2_FASTQ"]	["REFERENCE_GENOME_FASTA", "TARGET_INTERVAL_LIST"]	["DNA序列比对", "体细胞变异检测", "变异注释", "变异质量校正", "可视化与报告", "测序质量评估"]	["WES", "WGS"]		[{"semantic_format": "DNA_VARIANT_VCF_GENERAL", "data_desc": "变异 VCF 数据", "count": 1014, "study": "HRA006499", "project_name": "Pharmacogenomic profiling of intra-tumor heterogeneity by a large organoid biobank of liver cancer", "tumor_subtype": "Liver Cancer"}, {"semantic_format": "RAW_PAIRED_END_R1_FASTQ", "data_desc": "原始双端测序数据（R1）", "count": 763, "study": "HRA006499", "project_name": "Pharmacogenomic profiling of intra-tumor heterogeneity by a large organoid biobank of liver cancer", "tumor_subtype": "Liver Cancer"}, {"semantic_format": "RAW_PAIRED_END_R2_FASTQ", "data_desc": "原始双端测序数据（R2）", "count": 763, "study": "HRA006499", "project_name": "Pharmacogenomic profiling of intra-tumor heterogeneity by a large organoid biobank of liver cancer", "tumor_subtype": "Liver Cancer"}]
class300275	class3_data_tool_recommend	single_tool	共表达网络分析	T050	wgcna_hub	HRA001272	Integrated genomic and transcriptomic profiling dissects spatiotemporal evolution of metastatic hepatocellular carcinoma	Hepatocellular carcinoma	我想完成共表达网络分析，需要什么数据、应该用什么工具？	完成共表达网络分析需要数据：临床表型数据、样本元数据、基因表达矩阵/表格数据；推荐工具 wgcna_hub。图谱中项目 Integrated genomic and transcriptomic profiling dissects spatiotemporal evolution of metastatic hepatocellular carcinoma 的 HRA001272（癌种：Hepatocellular carcinoma）存在这些数据，共 437 个匹配文件（文件引用已脱敏）。	["CLINICAL_DATA_EXCEL", "METADATA_SAMPLE_INFO", "TABULAR_BIO_DATA"]	[]	["共表达网络分析"]	["Clinical", "bulk_RNA"]		[{"semantic_format": "CLINICAL_DATA_EXCEL", "data_desc": "临床表型数据", "count": 1, "study": "HRA001272", "project_name": "Integrated genomic and transcriptomic profiling dissects spatiotemporal evolution of metastatic hepatocellular carcinoma", "tumor_subtype": "Hepatocellular carcinoma"}, {"semantic_format": "METADATA_SAMPLE_INFO", "data_desc": "样本元数据", "count": 1, "study": "HRA001272", "project_name": "Integrated genomic and transcriptomic profiling dissects spatiotemporal evolution of metastatic hepatocellular carcinoma", "tumor_subtype": "Hepatocellular carcinoma"}, {"semantic_format": "SOMATIC_CNV_TSV", "data_desc": "体细胞拷贝数变异数据", "count": 1, "study": "HRA001272", "project_name": "Integrated genomic and transcriptomic profiling dissects spatiotemporal evolution of metastatic hepatocellular carcinoma", "tumor_subtype": "Hepatocellular carcinoma"}, {"semantic_format": "TABULAR_BIO_DATA", "data_desc": "基因表达矩阵/表格数据", "count": 434, "study": "HRA001272", "project_name": "Integrated genomic and transcriptomic profiling dissects spatiotemporal evolution of metastatic hepatocellular carcinoma", "tumor_subtype": "Hepatocellular carcinoma"}]
class300276	class3_data_tool_recommend	single_tool	共表达网络分析	T051	wgcna_module_trait	HRA001272	Integrated genomic and transcriptomic profiling dissects spatiotemporal evolution of metastatic hepatocellular carcinoma	Hepatocellular carcinoma	要完成共表达网络分析，需要准备哪些数据、推荐哪个工具？	完成共表达网络分析需要数据：临床表型数据、样本元数据、基因表达矩阵/表格数据；推荐工具 wgcna_module_trait。图谱中项目 Integrated genomic and transcriptomic profiling dissects spatiotemporal evolution of metastatic hepatocellular carcinoma 的 HRA001272（癌种：Hepatocellular carcinoma）存在这些数据，共 437 个匹配文件（文件引用已脱敏）。	["CLINICAL_DATA_EXCEL", "METADATA_SAMPLE_INFO", "TABULAR_BIO_DATA"]	[]	["共表达网络分析"]	["Clinical", "bulk_RNA"]		[{"semantic_format": "CLINICAL_DATA_EXCEL", "data_desc": "临床表型数据", "count": 1, "study": "HRA001272", "project_name": "Integrated genomic and transcriptomic profiling dissects spatiotemporal evolution of metastatic hepatocellular carcinoma", "tumor_subtype": "Hepatocellular carcinoma"}, {"semantic_format": "METADATA_SAMPLE_INFO", "data_desc": "样本元数据", "count": 1, "study": "HRA001272", "project_name": "Integrated genomic and transcriptomic profiling dissects spatiotemporal evolution of metastatic hepatocellular carcinoma", "tumor_subtype": "Hepatocellular carcinoma"}, {"semantic_format": "SOMATIC_CNV_TSV", "data_desc": "体细胞拷贝数变异数据", "count": 1, "study": "HRA001272", "project_name": "Integrated genomic and transcriptomic profiling dissects spatiotemporal evolution of metastatic hepatocellular carcinoma", "tumor_subtype": "Hepatocellular carcinoma"}, {"semantic_format": "TABULAR_BIO_DATA", "data_desc": "基因表达矩阵/表格数据", "count": 434, "study": "HRA001272", "project_name": "Integrated genomic and transcriptomic profiling dissects spatiotemporal evolution of metastatic hepatocellular carcinoma", "tumor_subtype": "Hepatocellular carcinoma"}]
class300277	class3_data_tool_recommend	single_tool	结构变异检测	T053	manta_structural_variants	HRA001749	scRNA-seq of liver cancer	Liver Cancer	项目scRNA-seq of liver cancer中要做结构变异检测，需要哪些数据、用什么工具？	完成结构变异检测需要数据：基因组比对 BAM 数据；推荐工具 manta_structural_variants（另需公共参考资源：参考基因组 FASTA）。图谱中项目 scRNA-seq of liver cancer 的 HRA001749（癌种：Liver Cancer）存在这些数据，共 178 个匹配文件（文件引用已脱敏）。	["DNA_GENOMIC_ALIGNMENT_BAM"]	["REFERENCE_GENOME_FASTA"]	["结构变异检测"]	["WES", "WGS"]		[{"semantic_format": "DNA_ALIGNMENT_BQSR_BAM", "data_desc": "碱基质量校正后的比对 BAM 数据", "count": 178, "study": "HRA001749", "project_name": "scRNA-seq of liver cancer", "tumor_subtype": "Liver Cancer"}]
class300278	class3_data_tool_recommend	single_tool	基因融合检测	T054	star_fusion	HRA000122	Integrated Genomic Analyses Identify High-Risk Factors Associated with Poor Outcomes of T-ALL	Acute T cell leukemia	目标是基因融合检测，应该选择什么数据和什么工具？	完成基因融合检测需要数据：样本元数据、原始双端测序数据（R1）、原始双端测序数据（R2）；推荐工具 star_fusion。图谱中项目 Integrated Genomic Analyses Identify High-Risk Factors Associated with Poor Outcomes of T-ALL 的 HRA000122（癌种：Acute T cell leukemia）存在这些数据，共 697 个匹配文件（文件引用已脱敏）。	["METADATA_SAMPLE_INFO", "RAW_PAIRED_END_R1_FASTQ", "RAW_PAIRED_END_R2_FASTQ"]	[]	["基因融合检测"]	["Clinical", "bulk_RNA"]		[{"semantic_format": "METADATA_SAMPLE_INFO", "data_desc": "样本元数据", "count": 1, "study": "HRA000122", "project_name": "Integrated Genomic Analyses Identify High-Risk Factors Associated with Poor Outcomes of T-ALL", "tumor_subtype": "Acute T cell leukemia"}, {"semantic_format": "RAW_PAIRED_END_R1_FASTQ", "data_desc": "原始双端测序数据（R1）", "count": 348, "study": "HRA000122", "project_name": "Integrated Genomic Analyses Identify High-Risk Factors Associated with Poor Outcomes of T-ALL", "tumor_subtype": "Acute T cell leukemia"}, {"semantic_format": "RAW_PAIRED_END_R2_FASTQ", "data_desc": "原始双端测序数据（R2）", "count": 348, "study": "HRA000122", "project_name": "Integrated Genomic Analyses Identify High-Risk Factors Associated with Poor Outcomes of T-ALL", "tumor_subtype": "Acute T cell leukemia"}]
class300279	class3_data_tool_recommend	single_tool	接头与低质量序列修剪	T001	fastp	HRA007169	Multi-omics of acral melanoma	Acral melanoma	完成接头与低质量序列修剪需要的数据和工具分别是什么？	完成接头与低质量序列修剪需要数据：原始双端测序数据（R1）、原始双端测序数据（R2）；推荐工具 fastp。图谱中项目 Multi-omics of acral melanoma 的 HRA007169（癌种：Acral melanoma）存在这些数据，共 336 个匹配文件（文件引用已脱敏）。	["RAW_PAIRED_END_R1_FASTQ", "RAW_PAIRED_END_R2_FASTQ"]	[]	["接头与低质量序列修剪", "测序质量评估"]	["WES"]		[{"semantic_format": "RAW_PAIRED_END_R1_FASTQ", "data_desc": "原始双端测序数据（R1）", "count": 168, "study": "HRA007169", "project_name": "Multi-omics of acral melanoma", "tumor_subtype": "Acral melanoma"}, {"semantic_format": "RAW_PAIRED_END_R2_FASTQ", "data_desc": "原始双端测序数据（R2）", "count": 168, "study": "HRA007169", "project_name": "Multi-omics of acral melanoma", "tumor_subtype": "Acral melanoma"}]
class300280	class3_data_tool_recommend	single_tool	测序质量评估	T002	fastqc	HRA000122	Integrated Genomic Analyses Identify High-Risk Factors Associated with Poor Outcomes of T-ALL	Acute T cell leukemia	我想完成测序质量评估，需要什么数据、应该用什么工具？	完成测序质量评估需要数据：原始单端测序数据；推荐工具 fastqc。图谱中项目 Integrated Genomic Analyses Identify High-Risk Factors Associated with Poor Outcomes of T-ALL 的 HRA000122（癌种：Acute T cell leukemia）存在这些数据，共 696 个匹配文件（文件引用已脱敏）。	["RAW_SINGLE_END_FASTQ"]	[]	["可视化与报告", "测序质量评估"]	["WES", "WGS", "bulk_RNA", "sc-RNA"]		[{"semantic_format": "RAW_PAIRED_END_R1_FASTQ", "data_desc": "原始双端测序数据（R1）", "count": 348, "study": "HRA000122", "project_name": "Integrated Genomic Analyses Identify High-Risk Factors Associated with Poor Outcomes of T-ALL", "tumor_subtype": "Acute T cell leukemia"}, {"semantic_format": "RAW_PAIRED_END_R2_FASTQ", "data_desc": "原始双端测序数据（R2）", "count": 348, "study": "HRA000122", "project_name": "Integrated Genomic Analyses Identify High-Risk Factors Associated with Poor Outcomes of T-ALL", "tumor_subtype": "Acute T cell leukemia"}]
class300281	class3_data_tool_recommend	single_tool	单细胞比对与定量	T003	cellranger_workflow	HRA006117	Aging and leukemia	Acute Myeloid Leukemia	要完成单细胞比对与定量，需要准备哪些数据、推荐哪个工具？	完成单细胞比对与定量需要数据：基因组比对 BAM 数据、原始单端测序数据；推荐工具 cellranger_workflow。图谱中项目 Aging and leukemia 的 HRA006117（癌种：Acute Myeloid Leukemia）存在这些数据，共 2240 个匹配文件（文件引用已脱敏）。	["DNA_GENOMIC_ALIGNMENT_BAM", "RAW_SINGLE_END_FASTQ"]	[]	["单细胞比对与定量", "可视化与报告", "测序质量评估"]	["bulk_RNA", "sc-RNA"]		[{"semantic_format": "RNA_TRANSCRIPTOME_ALIGNMENT_BAM", "data_desc": "转录组比对 BAM 数据", "count": 570, "study": "HRA006117", "project_name": "Aging and leukemia", "tumor_subtype": "Acute Myeloid Leukemia"}, {"semantic_format": "RAW_PAIRED_END_R1_FASTQ", "data_desc": "原始双端测序数据（R1）", "count": 835, "study": "HRA006117", "project_name": "Aging and leukemia", "tumor_subtype": "Acute Myeloid Leukemia"}, {"semantic_format": "RAW_PAIRED_END_R2_FASTQ", "data_desc": "原始双端测序数据（R2）", "count": 835, "study": "HRA006117", "project_name": "Aging and leukemia", "tumor_subtype": "Acute Myeloid Leukemia"}]
class300282	class3_data_tool_recommend	single_tool	接头与低质量序列修剪	T004	trim_galore	HRA003107	Multi-omics integrative analysis of esophageal squamous carcinoma	Esophageal Squamous Cell Carcinoma	项目Multi-omics integrative analysis of esophageal squamous carcinoma中要做接头与低质量序列修剪，需要哪些数据、用什么工具？	完成接头与低质量序列修剪需要数据：原始双端测序数据（R1）、原始双端测序数据（R2）；推荐工具 trim_galore。图谱中项目 Multi-omics integrative analysis of esophageal squamous carcinoma 的 HRA003107（癌种：Esophageal Squamous Cell Carcinoma）存在这些数据，共 1152 个匹配文件（文件引用已脱敏）。	["RAW_PAIRED_END_R1_FASTQ", "RAW_PAIRED_END_R2_FASTQ"]	[]	["接头与低质量序列修剪"]	["bulk_RNA"]		[{"semantic_format": "RAW_PAIRED_END_R1_FASTQ", "data_desc": "原始双端测序数据（R1）", "count": 576, "study": "HRA003107", "project_name": "Multi-omics integrative analysis of esophageal squamous carcinoma", "tumor_subtype": "Esophageal Squamous Cell Carcinoma"}, {"semantic_format": "RAW_PAIRED_END_R2_FASTQ", "data_desc": "原始双端测序数据（R2）", "count": 576, "study": "HRA003107", "project_name": "Multi-omics integrative analysis of esophageal squamous carcinoma", "tumor_subtype": "Esophageal Squamous Cell Carcinoma"}]
class300283	class3_data_tool_recommend	single_tool	RNA序列比对	T005	star	HRA003107	Multi-omics integrative analysis of esophageal squamous carcinoma	Esophageal Squamous Cell Carcinoma	目标是RNA序列比对，应该选择什么数据和什么工具？	完成RNA序列比对需要数据：原始双端测序数据（R1）、原始双端测序数据（R2）；推荐工具 star（另需公共参考资源：参考基因组 FASTA）。图谱中项目 Multi-omics integrative analysis of esophageal squamous carcinoma 的 HRA003107（癌种：Esophageal Squamous Cell Carcinoma）存在这些数据，共 1152 个匹配文件（文件引用已脱敏）。	["RAW_PAIRED_END_R1_FASTQ", "RAW_PAIRED_END_R2_FASTQ"]	["REFERENCE_GENOME_FASTA"]	["RNA序列比对"]	["bulk_RNA"]		[{"semantic_format": "RAW_PAIRED_END_R1_FASTQ", "data_desc": "原始双端测序数据（R1）", "count": 576, "study": "HRA003107", "project_name": "Multi-omics integrative analysis of esophageal squamous carcinoma", "tumor_subtype": "Esophageal Squamous Cell Carcinoma"}, {"semantic_format": "RAW_PAIRED_END_R2_FASTQ", "data_desc": "原始双端测序数据（R2）", "count": 576, "study": "HRA003107", "project_name": "Multi-omics integrative analysis of esophageal squamous carcinoma", "tumor_subtype": "Esophageal Squamous Cell Carcinoma"}]
class300284	class3_data_tool_recommend	single_tool	DNA序列比对	T006	bwa	HRA007169	Multi-omics of acral melanoma	Acral melanoma	完成DNA序列比对需要的数据和工具分别是什么？	完成DNA序列比对需要数据：原始双端测序数据（R1）、原始双端测序数据（R2）；推荐工具 bwa（另需公共参考资源：参考基因组 FASTA）。图谱中项目 Multi-omics of acral melanoma 的 HRA007169（癌种：Acral melanoma）存在这些数据，共 336 个匹配文件（文件引用已脱敏）。	["RAW_PAIRED_END_R1_FASTQ", "RAW_PAIRED_END_R2_FASTQ"]	["REFERENCE_GENOME_FASTA"]	["DNA序列比对"]	["WES"]		[{"semantic_format": "RAW_PAIRED_END_R1_FASTQ", "data_desc": "原始双端测序数据（R1）", "count": 168, "study": "HRA007169", "project_name": "Multi-omics of acral melanoma", "tumor_subtype": "Acral melanoma"}, {"semantic_format": "RAW_PAIRED_END_R2_FASTQ", "data_desc": "原始双端测序数据（R2）", "count": 168, "study": "HRA007169", "project_name": "Multi-omics of acral melanoma", "tumor_subtype": "Acral melanoma"}]
class300285	class3_data_tool_recommend	single_tool	比对后处理与去重	T007	samtools	HRA001272	Integrated genomic and transcriptomic profiling dissects spatiotemporal evolution of metastatic hepatocellular carcinoma	Hepatocellular carcinoma	我想完成比对后处理与去重，需要什么数据、应该用什么工具？	完成比对后处理与去重需要数据：基因组比对 BAM 数据；推荐工具 samtools。图谱中项目 Integrated genomic and transcriptomic profiling dissects spatiotemporal evolution of metastatic hepatocellular carcinoma 的 HRA001272（癌种：Hepatocellular carcinoma）存在这些数据，共 1180 个匹配文件（文件引用已脱敏）。	["DNA_GENOMIC_ALIGNMENT_BAM"]	[]	["比对后处理与去重"]	["WES", "WGS", "bulk_RNA"]		[{"semantic_format": "DNA_ALIGNMENT_BQSR_BAM", "data_desc": "碱基质量校正后的比对 BAM 数据", "count": 750, "study": "HRA001272", "project_name": "Integrated genomic and transcriptomic profiling dissects spatiotemporal evolution of metastatic hepatocellular carcinoma", "tumor_subtype": "Hepatocellular carcinoma"}, {"semantic_format": "RNA_TRANSCRIPTOME_ALIGNMENT_BAM", "data_desc": "转录组比对 BAM 数据", "count": 430, "study": "HRA001272", "project_name": "Integrated genomic and transcriptomic profiling dissects spatiotemporal evolution of metastatic hepatocellular carcinoma", "tumor_subtype": "Hepatocellular carcinoma"}]
class300286	class3_data_tool_recommend	single_tool	体细胞变异检测	T008	gatk	HRA007169	Multi-omics of acral melanoma	Acral melanoma	要完成体细胞变异检测，需要准备哪些数据、推荐哪个工具？	完成体细胞变异检测需要数据：基因组比对 BAM 数据；推荐工具 gatk（另需公共参考资源：参考基因组 FASTA、目标区间列表）。图谱中项目 Multi-omics of acral melanoma 的 HRA007169（癌种：Acral melanoma）存在这些数据，共 168 个匹配文件（文件引用已脱敏）。	["DNA_GENOMIC_ALIGNMENT_BAM"]	["REFERENCE_GENOME_FASTA", "TARGET_INTERVAL_LIST"]	["体细胞变异检测", "变异质量校正"]	["WES"]		[{"semantic_format": "DNA_ALIGNMENT_BQSR_BAM", "data_desc": "碱基质量校正后的比对 BAM 数据", "count": 168, "study": "HRA007169", "project_name": "Multi-omics of acral melanoma", "tumor_subtype": "Acral melanoma"}]
class300287	class3_data_tool_recommend	single_tool	变异注释	T010	snpeff	HRA007169	Multi-omics of acral melanoma	Acral melanoma	项目Multi-omics of acral melanoma中要做变异注释，需要哪些数据、用什么工具？	完成变异注释需要数据：变异 VCF 数据；推荐工具 snpeff（另需公共参考资源：参考基因组 FASTA）。图谱中项目 Multi-omics of acral melanoma 的 HRA007169（癌种：Acral melanoma）存在这些数据，共 380 个匹配文件（文件引用已脱敏）。	["DNA_VARIANT_VCF_GENERAL"]	["REFERENCE_GENOME_FASTA"]	["变异注释", "可视化与报告"]	["WES", "WGS"]		[{"semantic_format": "DNA_VARIANT_VCF_GENERAL", "data_desc": "变异 VCF 数据", "count": 380, "study": "HRA007169", "project_name": "Multi-omics of acral melanoma", "tumor_subtype": "Acral melanoma"}]
class300288	class3_data_tool_recommend	single_tool	表达定量	T011	rsem	HRA006117	Aging and leukemia	Acute Myeloid Leukemia	目标是表达定量，应该选择什么数据和什么工具？	完成表达定量需要数据：转录组比对 BAM 数据；推荐工具 rsem。图谱中项目 Aging and leukemia 的 HRA006117（癌种：Acute Myeloid Leukemia）存在这些数据，共 570 个匹配文件（文件引用已脱敏）。	["RNA_TRANSCRIPTOME_ALIGNMENT_BAM"]	[]	["表达定量"]	["bulk_RNA"]		[{"semantic_format": "RNA_TRANSCRIPTOME_ALIGNMENT_BAM", "data_desc": "转录组比对 BAM 数据", "count": 570, "study": "HRA006117", "project_name": "Aging and leukemia", "tumor_subtype": "Acute Myeloid Leukemia"}]
class300289	class3_data_tool_recommend	single_tool	表达定量	T012	featurecounts	HRA006117	Aging and leukemia	Acute Myeloid Leukemia	完成表达定量需要的数据和工具分别是什么？	完成表达定量需要数据：基因组比对 BAM 数据；推荐工具 featurecounts。图谱中项目 Aging and leukemia 的 HRA006117（癌种：Acute Myeloid Leukemia）存在这些数据，共 570 个匹配文件（文件引用已脱敏）。	["DNA_GENOMIC_ALIGNMENT_BAM"]	[]	["表达定量"]	["bulk_RNA"]		[{"semantic_format": "RNA_TRANSCRIPTOME_ALIGNMENT_BAM", "data_desc": "转录组比对 BAM 数据", "count": 570, "study": "HRA006117", "project_name": "Aging and leukemia", "tumor_subtype": "Acute Myeloid Leukemia"}]
class300290	class3_data_tool_recommend	single_tool	功能富集分析	T014	diff_expr_go	HRA003107	Multi-omics integrative analysis of esophageal squamous carcinoma	Esophageal Squamous Cell Carcinoma	我想完成功能富集分析，需要什么数据、应该用什么工具？	完成功能富集分析需要数据：基因表达矩阵/表格数据；推荐工具 diff_expr_go。图谱中项目 Multi-omics integrative analysis of esophageal squamous carcinoma 的 HRA003107（癌种：Esophageal Squamous Cell Carcinoma）存在这些数据，共 3 个匹配文件（文件引用已脱敏）。	["TABULAR_BIO_DATA"]	[]	["功能富集分析", "差异表达分析"]	["bulk_RNA"]		[{"semantic_format": "TABULAR_BIO_DATA", "data_desc": "基因表达矩阵/表格数据", "count": 3, "study": "HRA003107", "project_name": "Multi-omics integrative analysis of esophageal squamous carcinoma", "tumor_subtype": "Esophageal Squamous Cell Carcinoma"}]
class300291	class3_data_tool_recommend	single_tool	功能富集分析	T015	diff_expr_kegg	HRA003107	Multi-omics integrative analysis of esophageal squamous carcinoma	Esophageal Squamous Cell Carcinoma	要完成功能富集分析，需要准备哪些数据、推荐哪个工具？	完成功能富集分析需要数据：基因表达矩阵/表格数据；推荐工具 diff_expr_kegg。图谱中项目 Multi-omics integrative analysis of esophageal squamous carcinoma 的 HRA003107（癌种：Esophageal Squamous Cell Carcinoma）存在这些数据，共 3 个匹配文件（文件引用已脱敏）。	["TABULAR_BIO_DATA"]	[]	["功能富集分析", "差异表达分析"]	["bulk_RNA"]		[{"semantic_format": "TABULAR_BIO_DATA", "data_desc": "基因表达矩阵/表格数据", "count": 3, "study": "HRA003107", "project_name": "Multi-omics integrative analysis of esophageal squamous carcinoma", "tumor_subtype": "Esophageal Squamous Cell Carcinoma"}]
class300292	class3_data_tool_recommend	single_tool	突变景观与可视化	T016	driver_gene_gender_analysis	HRA016026	Multi-omics Landscape of Central Nervous System Tumors	Lung Cancer	项目Multi-omics Landscape of Central Nervous System Tumors中要做突变景观与可视化，需要哪些数据、用什么工具？	完成突变景观与可视化需要数据：临床表型数据、体细胞突变 MAF 数据；推荐工具 driver_gene_gender_analysis。图谱中项目 Multi-omics Landscape of Central Nervous System Tumors 的 HRA016026（癌种：Lung Cancer）存在这些数据，共 352 个匹配文件（文件引用已脱敏）。	["CLINICAL_DATA_EXCEL", "MUTATION_ANNOTATION_FORMAT_MAF"]	[]	["可视化与报告", "突变景观与可视化"]	["Clinical", "WES"]		[{"semantic_format": "CLINICAL_DATA_EXCEL", "data_desc": "临床表型数据", "count": 1, "study": "HRA016026", "project_name": "Multi-omics Landscape of Central Nervous System Tumors", "tumor_subtype": "Lung Cancer"}, {"semantic_format": "MUTATION_ANNOTATION_FORMAT_MAF", "data_desc": "体细胞突变 MAF 数据", "count": 351, "study": "HRA016026", "project_name": "Multi-omics Landscape of Central Nervous System Tumors", "tumor_subtype": "Lung Cancer"}]
class300293	class3_data_tool_recommend	single_tool	生存分析	T017	her2_pfs_survival	HRA001748	scRNA-seq of liver cancer	Liver Cancer	目标是生存分析，应该选择什么数据和什么工具？	完成生存分析需要数据：临床表型数据、基因表达矩阵/表格数据；推荐工具 her2_pfs_survival。图谱中项目 scRNA-seq of liver cancer 的 HRA001748（癌种：Liver Cancer）存在这些数据，共 33 个匹配文件（文件引用已脱敏）。	["CLINICAL_DATA_EXCEL", "TABULAR_BIO_DATA"]	[]	["可视化与报告", "生存分析"]	["Clinical", "bulk_RNA"]		[{"semantic_format": "CLINICAL_DATA_EXCEL", "data_desc": "临床表型数据", "count": 2, "study": "HRA001748", "project_name": "scRNA-seq of liver cancer", "tumor_subtype": "Liver Cancer"}, {"semantic_format": "TABULAR_BIO_DATA", "data_desc": "基因表达矩阵/表格数据", "count": 31, "study": "HRA001748", "project_name": "scRNA-seq of liver cancer", "tumor_subtype": "Liver Cancer"}]
class300294	class3_data_tool_recommend	single_tool	免疫浸润与微环境分析	T018	immune_infiltration_iobr	HRA001748	scRNA-seq of liver cancer	Liver Cancer	完成免疫浸润与微环境分析需要的数据和工具分别是什么？	完成免疫浸润与微环境分析需要数据：临床表型数据、基因表达矩阵/表格数据；推荐工具 immune_infiltration_iobr。图谱中项目 scRNA-seq of liver cancer 的 HRA001748（癌种：Liver Cancer）存在这些数据，共 33 个匹配文件（文件引用已脱敏）。	["CLINICAL_DATA_EXCEL", "TABULAR_BIO_DATA"]	[]	["免疫浸润与微环境分析", "可视化与报告"]	["Clinical", "bulk_RNA"]		[{"semantic_format": "CLINICAL_DATA_EXCEL", "data_desc": "临床表型数据", "count": 2, "study": "HRA001748", "project_name": "scRNA-seq of liver cancer", "tumor_subtype": "Liver Cancer"}, {"semantic_format": "TABULAR_BIO_DATA", "data_desc": "基因表达矩阵/表格数据", "count": 31, "study": "HRA001748", "project_name": "scRNA-seq of liver cancer", "tumor_subtype": "Liver Cancer"}]
class300295	class3_data_tool_recommend	single_tool	序列格式转换	T019	paired_fastq_to_unmapped_bam	HRA007169	Multi-omics of acral melanoma	Acral melanoma	我想完成序列格式转换，需要什么数据、应该用什么工具？	完成序列格式转换需要数据：基因组比对 BAM 数据、原始双端测序数据（R1）、原始双端测序数据（R2）；推荐工具 paired_fastq_to_unmapped_bam。图谱中项目 Multi-omics of acral melanoma 的 HRA007169（癌种：Acral melanoma）存在这些数据，共 504 个匹配文件（文件引用已脱敏）。	["DNA_GENOMIC_ALIGNMENT_BAM", "RAW_PAIRED_END_R1_FASTQ", "RAW_PAIRED_END_R2_FASTQ"]	[]	["序列格式转换"]	["WES"]		[{"semantic_format": "DNA_ALIGNMENT_BQSR_BAM", "data_desc": "碱基质量校正后的比对 BAM 数据", "count": 168, "study": "HRA007169", "project_name": "Multi-omics of acral melanoma", "tumor_subtype": "Acral melanoma"}, {"semantic_format": "RAW_PAIRED_END_R1_FASTQ", "data_desc": "原始双端测序数据（R1）", "count": 168, "study": "HRA007169", "project_name": "Multi-omics of acral melanoma", "tumor_subtype": "Acral melanoma"}, {"semantic_format": "RAW_PAIRED_END_R2_FASTQ", "data_desc": "原始双端测序数据（R2）", "count": 168, "study": "HRA007169", "project_name": "Multi-omics of acral melanoma", "tumor_subtype": "Acral melanoma"}]
class300296	class3_data_tool_recommend	single_tool	无监督聚类分析	T020	rnaseq_unsupervised_cluster	HRA003107	Multi-omics integrative analysis of esophageal squamous carcinoma	Esophageal Squamous Cell Carcinoma	要完成无监督聚类分析，需要准备哪些数据、推荐哪个工具？	完成无监督聚类分析需要数据：基因表达矩阵/表格数据；推荐工具 rnaseq_unsupervised_cluster。图谱中项目 Multi-omics integrative analysis of esophageal squamous carcinoma 的 HRA003107（癌种：Esophageal Squamous Cell Carcinoma）存在这些数据，共 3 个匹配文件（文件引用已脱敏）。	["TABULAR_BIO_DATA"]	[]	["可视化与报告", "无监督聚类分析"]	["bulk_RNA"]		[{"semantic_format": "TABULAR_BIO_DATA", "data_desc": "基因表达矩阵/表格数据", "count": 3, "study": "HRA003107", "project_name": "Multi-omics integrative analysis of esophageal squamous carcinoma", "tumor_subtype": "Esophageal Squamous Cell Carcinoma"}]
class300297	class3_data_tool_recommend	single_tool	生存分析	T021	survival_analysis	HRA016026	Multi-omics Landscape of Central Nervous System Tumors	Lung Cancer	项目Multi-omics Landscape of Central Nervous System Tumors中要做生存分析，需要哪些数据、用什么工具？	完成生存分析需要数据：临床表型数据、体细胞突变 MAF 数据；推荐工具 survival_analysis。图谱中项目 Multi-omics Landscape of Central Nervous System Tumors 的 HRA016026（癌种：Lung Cancer）存在这些数据，共 352 个匹配文件（文件引用已脱敏）。	["CLINICAL_DATA_EXCEL", "MUTATION_ANNOTATION_FORMAT_MAF"]	[]	["生存分析"]	["Clinical", "WES"]		[{"semantic_format": "CLINICAL_DATA_EXCEL", "data_desc": "临床表型数据", "count": 1, "study": "HRA016026", "project_name": "Multi-omics Landscape of Central Nervous System Tumors", "tumor_subtype": "Lung Cancer"}, {"semantic_format": "MUTATION_ANNOTATION_FORMAT_MAF", "data_desc": "体细胞突变 MAF 数据", "count": 351, "study": "HRA016026", "project_name": "Multi-omics Landscape of Central Nervous System Tumors", "tumor_subtype": "Lung Cancer"}]
class300298	class3_data_tool_recommend	single_tool	生存分析	T022	tmb_survival_analysis	HRA016026	Multi-omics Landscape of Central Nervous System Tumors	Lung Cancer	目标是生存分析，应该选择什么数据和什么工具？	完成生存分析需要数据：临床表型数据、体细胞突变 MAF 数据；推荐工具 tmb_survival_analysis。图谱中项目 Multi-omics Landscape of Central Nervous System Tumors 的 HRA016026（癌种：Lung Cancer）存在这些数据，共 352 个匹配文件（文件引用已脱敏）。	["CLINICAL_DATA_EXCEL", "MUTATION_ANNOTATION_FORMAT_MAF"]	[]	["生存分析", "突变景观与可视化"]	["Clinical", "WES"]		[{"semantic_format": "CLINICAL_DATA_EXCEL", "data_desc": "临床表型数据", "count": 1, "study": "HRA016026", "project_name": "Multi-omics Landscape of Central Nervous System Tumors", "tumor_subtype": "Lung Cancer"}, {"semantic_format": "MUTATION_ANNOTATION_FORMAT_MAF", "data_desc": "体细胞突变 MAF 数据", "count": 351, "study": "HRA016026", "project_name": "Multi-omics Landscape of Central Nervous System Tumors", "tumor_subtype": "Lung Cancer"}]
class300299	class3_data_tool_recommend	single_tool	突变景观与可视化	T023	wes_somatic_maf_landscape	HRA016026	Multi-omics Landscape of Central Nervous System Tumors	Lung Cancer	完成突变景观与可视化需要的数据和工具分别是什么？	完成突变景观与可视化需要数据：体细胞突变 MAF 数据；推荐工具 wes_somatic_maf_landscape。图谱中项目 Multi-omics Landscape of Central Nervous System Tumors 的 HRA016026（癌种：Lung Cancer）存在这些数据，共 351 个匹配文件（文件引用已脱敏）。	["MUTATION_ANNOTATION_FORMAT_MAF"]	[]	["突变景观与可视化"]	["WES"]		[{"semantic_format": "MUTATION_ANNOTATION_FORMAT_MAF", "data_desc": "体细胞突变 MAF 数据", "count": 351, "study": "HRA016026", "project_name": "Multi-omics Landscape of Central Nervous System Tumors", "tumor_subtype": "Lung Cancer"}]
class300300	class3_data_tool_recommend	single_tool	共表达网络分析	T024	wgcna	HRA001748	scRNA-seq of liver cancer	Liver Cancer	我想完成共表达网络分析，需要什么数据、应该用什么工具？	完成共表达网络分析需要数据：临床表型数据、基因表达矩阵/表格数据；推荐工具 wgcna。图谱中项目 scRNA-seq of liver cancer 的 HRA001748（癌种：Liver Cancer）存在这些数据，共 33 个匹配文件（文件引用已脱敏）。	["CLINICAL_DATA_EXCEL", "TABULAR_BIO_DATA"]	[]	["共表达网络分析"]	["Clinical", "bulk_RNA"]		[{"semantic_format": "CLINICAL_DATA_EXCEL", "data_desc": "临床表型数据", "count": 2, "study": "HRA001748", "project_name": "scRNA-seq of liver cancer", "tumor_subtype": "Liver Cancer"}, {"semantic_format": "TABULAR_BIO_DATA", "data_desc": "基因表达矩阵/表格数据", "count": 31, "study": "HRA001748", "project_name": "scRNA-seq of liver cancer", "tumor_subtype": "Liver Cancer"}]
class300301	class3_data_tool_recommend	single_tool	拷贝数变异分析	T028	cnvkit_cnv_clinical	HRA001272	Integrated genomic and transcriptomic profiling dissects spatiotemporal evolution of metastatic hepatocellular carcinoma	Hepatocellular carcinoma	要完成拷贝数变异分析，需要准备哪些数据、推荐哪个工具？	完成拷贝数变异分析需要数据：基因组比对 BAM 数据；推荐工具 cnvkit_cnv_clinical。图谱中项目 Integrated genomic and transcriptomic profiling dissects spatiotemporal evolution of metastatic hepatocellular carcinoma 的 HRA001272（癌种：Hepatocellular carcinoma）存在这些数据，共 1180 个匹配文件（文件引用已脱敏）。	["DNA_GENOMIC_ALIGNMENT_BAM"]	[]	["可视化与报告", "拷贝数变异分析"]	["Clinical", "WES", "WGS"]		[{"semantic_format": "DNA_ALIGNMENT_BQSR_BAM", "data_desc": "碱基质量校正后的比对 BAM 数据", "count": 750, "study": "HRA001272", "project_name": "Integrated genomic and transcriptomic profiling dissects spatiotemporal evolution of metastatic hepatocellular carcinoma", "tumor_subtype": "Hepatocellular carcinoma"}, {"semantic_format": "RNA_TRANSCRIPTOME_ALIGNMENT_BAM", "data_desc": "转录组比对 BAM 数据", "count": 430, "study": "HRA001272", "project_name": "Integrated genomic and transcriptomic profiling dissects spatiotemporal evolution of metastatic hepatocellular carcinoma", "tumor_subtype": "Hepatocellular carcinoma"}]
class300302	class3_data_tool_recommend	single_tool	生存分析	T029	cox_model	HRA001748	scRNA-seq of liver cancer	Liver Cancer	项目scRNA-seq of liver cancer中要做生存分析，需要哪些数据、用什么工具？	完成生存分析需要数据：临床表型数据、样本元数据、基因表达矩阵/表格数据；推荐工具 cox_model。图谱中项目 scRNA-seq of liver cancer 的 HRA001748（癌种：Liver Cancer）存在这些数据，共 35 个匹配文件（文件引用已脱敏）。	["CLINICAL_DATA_EXCEL", "METADATA_SAMPLE_INFO", "TABULAR_BIO_DATA"]	[]	["生存分析"]	["Clinical", "bulk_RNA"]		[{"semantic_format": "CLINICAL_DATA_EXCEL", "data_desc": "临床表型数据", "count": 2, "study": "HRA001748", "project_name": "scRNA-seq of liver cancer", "tumor_subtype": "Liver Cancer"}, {"semantic_format": "METADATA_SAMPLE_INFO", "data_desc": "样本元数据", "count": 2, "study": "HRA001748", "project_name": "scRNA-seq of liver cancer", "tumor_subtype": "Liver Cancer"}, {"semantic_format": "TABULAR_BIO_DATA", "data_desc": "基因表达矩阵/表格数据", "count": 31, "study": "HRA001748", "project_name": "scRNA-seq of liver cancer", "tumor_subtype": "Liver Cancer"}]
class300303	class3_data_tool_recommend	single_tool	功能富集分析	T032	de_enrichment	HRA001748	scRNA-seq of liver cancer	Liver Cancer	目标是功能富集分析，应该选择什么数据和什么工具？	完成功能富集分析需要数据：临床表型数据、样本元数据、基因表达矩阵/表格数据；推荐工具 de_enrichment。图谱中项目 scRNA-seq of liver cancer 的 HRA001748（癌种：Liver Cancer）存在这些数据，共 35 个匹配文件（文件引用已脱敏）。	["CLINICAL_DATA_EXCEL", "METADATA_SAMPLE_INFO", "TABULAR_BIO_DATA"]	[]	["功能富集分析", "可视化与报告", "差异表达分析"]	["Clinical", "bulk_RNA"]		[{"semantic_format": "CLINICAL_DATA_EXCEL", "data_desc": "临床表型数据", "count": 2, "study": "HRA001748", "project_name": "scRNA-seq of liver cancer", "tumor_subtype": "Liver Cancer"}, {"semantic_format": "METADATA_SAMPLE_INFO", "data_desc": "样本元数据", "count": 2, "study": "HRA001748", "project_name": "scRNA-seq of liver cancer", "tumor_subtype": "Liver Cancer"}, {"semantic_format": "TABULAR_BIO_DATA", "data_desc": "基因表达矩阵/表格数据", "count": 31, "study": "HRA001748", "project_name": "scRNA-seq of liver cancer", "tumor_subtype": "Liver Cancer"}]
class300304	class3_data_tool_recommend	single_tool	功能富集分析	T033	deg_enrichment	HRA001748	scRNA-seq of liver cancer	Liver Cancer	完成功能富集分析需要的数据和工具分别是什么？	完成功能富集分析需要数据：临床表型数据、样本元数据、基因表达矩阵/表格数据；推荐工具 deg_enrichment。图谱中项目 scRNA-seq of liver cancer 的 HRA001748（癌种：Liver Cancer）存在这些数据，共 35 个匹配文件（文件引用已脱敏）。	["CLINICAL_DATA_EXCEL", "METADATA_SAMPLE_INFO", "TABULAR_BIO_DATA"]	[]	["功能富集分析", "差异表达分析"]	["Clinical", "bulk_RNA"]		[{"semantic_format": "CLINICAL_DATA_EXCEL", "data_desc": "临床表型数据", "count": 2, "study": "HRA001748", "project_name": "scRNA-seq of liver cancer", "tumor_subtype": "Liver Cancer"}, {"semantic_format": "METADATA_SAMPLE_INFO", "data_desc": "样本元数据", "count": 2, "study": "HRA001748", "project_name": "scRNA-seq of liver cancer", "tumor_subtype": "Liver Cancer"}, {"semantic_format": "TABULAR_BIO_DATA", "data_desc": "基因表达矩阵/表格数据", "count": 31, "study": "HRA001748", "project_name": "scRNA-seq of liver cancer", "tumor_subtype": "Liver Cancer"}]
class300305	class3_data_tool_recommend	single_tool	差异表达分析	T034	deg_trend	HRA001748	scRNA-seq of liver cancer	Liver Cancer	我想完成差异表达分析，需要什么数据、应该用什么工具？	完成差异表达分析需要数据：临床表型数据、样本元数据、基因表达矩阵/表格数据；推荐工具 deg_trend。图谱中项目 scRNA-seq of liver cancer 的 HRA001748（癌种：Liver Cancer）存在这些数据，共 35 个匹配文件（文件引用已脱敏）。	["CLINICAL_DATA_EXCEL", "METADATA_SAMPLE_INFO", "TABULAR_BIO_DATA"]	[]	["可视化与报告", "差异表达分析"]	["Clinical", "bulk_RNA"]		[{"semantic_format": "CLINICAL_DATA_EXCEL", "data_desc": "临床表型数据", "count": 2, "study": "HRA001748", "project_name": "scRNA-seq of liver cancer", "tumor_subtype": "Liver Cancer"}, {"semantic_format": "METADATA_SAMPLE_INFO", "data_desc": "样本元数据", "count": 2, "study": "HRA001748", "project_name": "scRNA-seq of liver cancer", "tumor_subtype": "Liver Cancer"}, {"semantic_format": "TABULAR_BIO_DATA", "data_desc": "基因表达矩阵/表格数据", "count": 31, "study": "HRA001748", "project_name": "scRNA-seq of liver cancer", "tumor_subtype": "Liver Cancer"}]
class300306	class3_data_tool_recommend	single_tool	可视化与报告	T035	gene_boxplot	HRA001748	scRNA-seq of liver cancer	Liver Cancer	要完成可视化与报告，需要准备哪些数据、推荐哪个工具？	完成可视化与报告需要数据：临床表型数据、样本元数据、基因表达矩阵/表格数据；推荐工具 gene_boxplot。图谱中项目 scRNA-seq of liver cancer 的 HRA001748（癌种：Liver Cancer）存在这些数据，共 35 个匹配文件（文件引用已脱敏）。	["CLINICAL_DATA_EXCEL", "METADATA_SAMPLE_INFO", "TABULAR_BIO_DATA"]	[]	["可视化与报告"]	["Clinical", "bulk_RNA"]		[{"semantic_format": "CLINICAL_DATA_EXCEL", "data_desc": "临床表型数据", "count": 2, "study": "HRA001748", "project_name": "scRNA-seq of liver cancer", "tumor_subtype": "Liver Cancer"}, {"semantic_format": "METADATA_SAMPLE_INFO", "data_desc": "样本元数据", "count": 2, "study": "HRA001748", "project_name": "scRNA-seq of liver cancer", "tumor_subtype": "Liver Cancer"}, {"semantic_format": "TABULAR_BIO_DATA", "data_desc": "基因表达矩阵/表格数据", "count": 31, "study": "HRA001748", "project_name": "scRNA-seq of liver cancer", "tumor_subtype": "Liver Cancer"}]
class300307	class3_data_tool_recommend	single_tool	功能富集分析	T036	gsea_pathway_enrichment	HRA001748	scRNA-seq of liver cancer	Liver Cancer	项目scRNA-seq of liver cancer中要做功能富集分析，需要哪些数据、用什么工具？	完成功能富集分析需要数据：基因表达矩阵/表格数据；推荐工具 gsea_pathway_enrichment。图谱中项目 scRNA-seq of liver cancer 的 HRA001748（癌种：Liver Cancer）存在这些数据，共 31 个匹配文件（文件引用已脱敏）。	["TABULAR_BIO_DATA"]	[]	["功能富集分析"]	["Clinical", "bulk_RNA"]		[{"semantic_format": "TABULAR_BIO_DATA", "data_desc": "基因表达矩阵/表格数据", "count": 31, "study": "HRA001748", "project_name": "scRNA-seq of liver cancer", "tumor_subtype": "Liver Cancer"}]
class300308	class3_data_tool_recommend	single_tool	生存分析	T040	km_survival	HRA001748	scRNA-seq of liver cancer	Liver Cancer	目标是生存分析，应该选择什么数据和什么工具？	完成生存分析需要数据：临床表型数据、样本元数据、基因表达矩阵/表格数据；推荐工具 km_survival。图谱中项目 scRNA-seq of liver cancer 的 HRA001748（癌种：Liver Cancer）存在这些数据，共 35 个匹配文件（文件引用已脱敏）。	["CLINICAL_DATA_EXCEL", "METADATA_SAMPLE_INFO", "TABULAR_BIO_DATA"]	[]	["可视化与报告", "生存分析"]	["Clinical", "bulk_RNA"]		[{"semantic_format": "CLINICAL_DATA_EXCEL", "data_desc": "临床表型数据", "count": 2, "study": "HRA001748", "project_name": "scRNA-seq of liver cancer", "tumor_subtype": "Liver Cancer"}, {"semantic_format": "METADATA_SAMPLE_INFO", "data_desc": "样本元数据", "count": 2, "study": "HRA001748", "project_name": "scRNA-seq of liver cancer", "tumor_subtype": "Liver Cancer"}, {"semantic_format": "TABULAR_BIO_DATA", "data_desc": "基因表达矩阵/表格数据", "count": 31, "study": "HRA001748", "project_name": "scRNA-seq of liver cancer", "tumor_subtype": "Liver Cancer"}]
class300309	class3_data_tool_recommend	single_tool	表达矩阵预处理与归一化	T042	preprocess_counts	HRA003107	Multi-omics integrative analysis of esophageal squamous carcinoma	Esophageal Squamous Cell Carcinoma	完成表达矩阵预处理与归一化需要的数据和工具分别是什么？	完成表达矩阵预处理与归一化需要数据：基因表达矩阵/表格数据；推荐工具 preprocess_counts。图谱中项目 Multi-omics integrative analysis of esophageal squamous carcinoma 的 HRA003107（癌种：Esophageal Squamous Cell Carcinoma）存在这些数据，共 3 个匹配文件（文件引用已脱敏）。	["TABULAR_BIO_DATA"]	[]	["表达矩阵预处理与归一化"]	["bulk_RNA"]		[{"semantic_format": "TABULAR_BIO_DATA", "data_desc": "基因表达矩阵/表格数据", "count": 3, "study": "HRA003107", "project_name": "Multi-omics integrative analysis of esophageal squamous carcinoma", "tumor_subtype": "Esophageal Squamous Cell Carcinoma"}]
class300310	class3_data_tool_recommend	single_tool	可变剪接分析	T043	rmats_alternative_splicing	HRA006117	Aging and leukemia	Acute Myeloid Leukemia	我想完成可变剪接分析，需要什么数据、应该用什么工具？	完成可变剪接分析需要数据：转录组比对 BAM 数据；推荐工具 rmats_alternative_splicing（另需公共参考资源：参考基因组 FASTA）。图谱中项目 Aging and leukemia 的 HRA006117（癌种：Acute Myeloid Leukemia）存在这些数据，共 570 个匹配文件（文件引用已脱敏）。	["RNA_TRANSCRIPTOME_ALIGNMENT_BAM"]	["REFERENCE_GENOME_FASTA"]	["可变剪接分析"]	["bulk_RNA"]		[{"semantic_format": "RNA_TRANSCRIPTOME_ALIGNMENT_BAM", "data_desc": "转录组比对 BAM 数据", "count": 570, "study": "HRA006117", "project_name": "Aging and leukemia", "tumor_subtype": "Acute Myeloid Leukemia"}]
class300311	class3_data_tool_recommend	single_tool	RNA序列比对	T044	rnaseq_singletask	HRA003107	Multi-omics integrative analysis of esophageal squamous carcinoma	Esophageal Squamous Cell Carcinoma	要完成RNA序列比对，需要准备哪些数据、推荐哪个工具？	完成RNA序列比对需要数据：原始双端测序数据（R1）、原始双端测序数据（R2）；推荐工具 rnaseq_singletask（另需公共参考资源：参考基因组 FASTA）。图谱中项目 Multi-omics integrative analysis of esophageal squamous carcinoma 的 HRA003107（癌种：Esophageal Squamous Cell Carcinoma）存在这些数据，共 1152 个匹配文件（文件引用已脱敏）。	["RAW_PAIRED_END_R1_FASTQ", "RAW_PAIRED_END_R2_FASTQ"]	["REFERENCE_GENOME_FASTA"]	["RNA序列比对", "接头与低质量序列修剪", "测序质量评估", "表达定量"]	["bulk_RNA"]		[{"semantic_format": "RAW_PAIRED_END_R1_FASTQ", "data_desc": "原始双端测序数据（R1）", "count": 576, "study": "HRA003107", "project_name": "Multi-omics integrative analysis of esophageal squamous carcinoma", "tumor_subtype": "Esophageal Squamous Cell Carcinoma"}, {"semantic_format": "RAW_PAIRED_END_R2_FASTQ", "data_desc": "原始双端测序数据（R2）", "count": 576, "study": "HRA003107", "project_name": "Multi-omics integrative analysis of esophageal squamous carcinoma", "tumor_subtype": "Esophageal Squamous Cell Carcinoma"}]
class300312	class3_data_tool_recommend	single_tool	可视化与报告	T046	stage_heatmap	HRA001748	scRNA-seq of liver cancer	Liver Cancer	项目scRNA-seq of liver cancer中要做可视化与报告，需要哪些数据、用什么工具？	完成可视化与报告需要数据：临床表型数据、样本元数据、基因表达矩阵/表格数据；推荐工具 stage_heatmap。图谱中项目 scRNA-seq of liver cancer 的 HRA001748（癌种：Liver Cancer）存在这些数据，共 35 个匹配文件（文件引用已脱敏）。	["CLINICAL_DATA_EXCEL", "METADATA_SAMPLE_INFO", "TABULAR_BIO_DATA"]	[]	["可视化与报告"]	["Clinical", "bulk_RNA"]		[{"semantic_format": "CLINICAL_DATA_EXCEL", "data_desc": "临床表型数据", "count": 2, "study": "HRA001748", "project_name": "scRNA-seq of liver cancer", "tumor_subtype": "Liver Cancer"}, {"semantic_format": "METADATA_SAMPLE_INFO", "data_desc": "样本元数据", "count": 2, "study": "HRA001748", "project_name": "scRNA-seq of liver cancer", "tumor_subtype": "Liver Cancer"}, {"semantic_format": "TABULAR_BIO_DATA", "data_desc": "基因表达矩阵/表格数据", "count": 31, "study": "HRA001748", "project_name": "scRNA-seq of liver cancer", "tumor_subtype": "Liver Cancer"}]
class300313	class3_data_tool_recommend	single_tool	可视化与报告	T048	umap	HRA001748	scRNA-seq of liver cancer	Liver Cancer	目标是可视化与报告，应该选择什么数据和什么工具？	完成可视化与报告需要数据：临床表型数据、样本元数据、基因表达矩阵/表格数据；推荐工具 umap。图谱中项目 scRNA-seq of liver cancer 的 HRA001748（癌种：Liver Cancer）存在这些数据，共 35 个匹配文件（文件引用已脱敏）。	["CLINICAL_DATA_EXCEL", "METADATA_SAMPLE_INFO", "TABULAR_BIO_DATA"]	[]	["可视化与报告"]	["Clinical", "bulk_RNA"]		[{"semantic_format": "CLINICAL_DATA_EXCEL", "data_desc": "临床表型数据", "count": 2, "study": "HRA001748", "project_name": "scRNA-seq of liver cancer", "tumor_subtype": "Liver Cancer"}, {"semantic_format": "METADATA_SAMPLE_INFO", "data_desc": "样本元数据", "count": 2, "study": "HRA001748", "project_name": "scRNA-seq of liver cancer", "tumor_subtype": "Liver Cancer"}, {"semantic_format": "TABULAR_BIO_DATA", "data_desc": "基因表达矩阵/表格数据", "count": 31, "study": "HRA001748", "project_name": "scRNA-seq of liver cancer", "tumor_subtype": "Liver Cancer"}]
class300314	class3_data_tool_recommend	single_tool	DNA序列比对	T049	wes_somatic_pair	HRA007169	Multi-omics of acral melanoma	Acral melanoma	完成DNA序列比对需要的数据和工具分别是什么？	完成DNA序列比对需要数据：变异 VCF 数据、原始双端测序数据（R1）、原始双端测序数据（R2）；推荐工具 wes_somatic_pair（另需公共参考资源：参考基因组 FASTA、目标区间列表）。图谱中项目 Multi-omics of acral melanoma 的 HRA007169（癌种：Acral melanoma）存在这些数据，共 716 个匹配文件（文件引用已脱敏）。	["DNA_VARIANT_VCF_GENERAL", "RAW_PAIRED_END_R1_FASTQ", "RAW_PAIRED_END_R2_FASTQ"]	["REFERENCE_GENOME_FASTA", "TARGET_INTERVAL_LIST"]	["DNA序列比对", "体细胞变异检测", "变异注释", "变异质量校正", "可视化与报告", "测序质量评估"]	["WES", "WGS"]		[{"semantic_format": "DNA_VARIANT_VCF_GENERAL", "data_desc": "变异 VCF 数据", "count": 380, "study": "HRA007169", "project_name": "Multi-omics of acral melanoma", "tumor_subtype": "Acral melanoma"}, {"semantic_format": "RAW_PAIRED_END_R1_FASTQ", "data_desc": "原始双端测序数据（R1）", "count": 168, "study": "HRA007169", "project_name": "Multi-omics of acral melanoma", "tumor_subtype": "Acral melanoma"}, {"semantic_format": "RAW_PAIRED_END_R2_FASTQ", "data_desc": "原始双端测序数据（R2）", "count": 168, "study": "HRA007169", "project_name": "Multi-omics of acral melanoma", "tumor_subtype": "Acral melanoma"}]
class300315	class3_data_tool_recommend	single_tool	共表达网络分析	T050	wgcna_hub	HRA001748	scRNA-seq of liver cancer	Liver Cancer	我想完成共表达网络分析，需要什么数据、应该用什么工具？	完成共表达网络分析需要数据：临床表型数据、样本元数据、基因表达矩阵/表格数据；推荐工具 wgcna_hub。图谱中项目 scRNA-seq of liver cancer 的 HRA001748（癌种：Liver Cancer）存在这些数据，共 35 个匹配文件（文件引用已脱敏）。	["CLINICAL_DATA_EXCEL", "METADATA_SAMPLE_INFO", "TABULAR_BIO_DATA"]	[]	["共表达网络分析"]	["Clinical", "bulk_RNA"]		[{"semantic_format": "CLINICAL_DATA_EXCEL", "data_desc": "临床表型数据", "count": 2, "study": "HRA001748", "project_name": "scRNA-seq of liver cancer", "tumor_subtype": "Liver Cancer"}, {"semantic_format": "METADATA_SAMPLE_INFO", "data_desc": "样本元数据", "count": 2, "study": "HRA001748", "project_name": "scRNA-seq of liver cancer", "tumor_subtype": "Liver Cancer"}, {"semantic_format": "TABULAR_BIO_DATA", "data_desc": "基因表达矩阵/表格数据", "count": 31, "study": "HRA001748", "project_name": "scRNA-seq of liver cancer", "tumor_subtype": "Liver Cancer"}]
class300316	class3_data_tool_recommend	single_tool	共表达网络分析	T051	wgcna_module_trait	HRA001748	scRNA-seq of liver cancer	Liver Cancer	要完成共表达网络分析，需要准备哪些数据、推荐哪个工具？	完成共表达网络分析需要数据：临床表型数据、样本元数据、基因表达矩阵/表格数据；推荐工具 wgcna_module_trait。图谱中项目 scRNA-seq of liver cancer 的 HRA001748（癌种：Liver Cancer）存在这些数据，共 35 个匹配文件（文件引用已脱敏）。	["CLINICAL_DATA_EXCEL", "METADATA_SAMPLE_INFO", "TABULAR_BIO_DATA"]	[]	["共表达网络分析"]	["Clinical", "bulk_RNA"]		[{"semantic_format": "CLINICAL_DATA_EXCEL", "data_desc": "临床表型数据", "count": 2, "study": "HRA001748", "project_name": "scRNA-seq of liver cancer", "tumor_subtype": "Liver Cancer"}, {"semantic_format": "METADATA_SAMPLE_INFO", "data_desc": "样本元数据", "count": 2, "study": "HRA001748", "project_name": "scRNA-seq of liver cancer", "tumor_subtype": "Liver Cancer"}, {"semantic_format": "TABULAR_BIO_DATA", "data_desc": "基因表达矩阵/表格数据", "count": 31, "study": "HRA001748", "project_name": "scRNA-seq of liver cancer", "tumor_subtype": "Liver Cancer"}]
class300317	class3_data_tool_recommend	single_tool	结构变异检测	T053	manta_structural_variants	HRA003107	Multi-omics integrative analysis of esophageal squamous carcinoma	Esophageal Squamous Cell Carcinoma	项目Multi-omics integrative analysis of esophageal squamous carcinoma中要做结构变异检测，需要哪些数据、用什么工具？	完成结构变异检测需要数据：基因组比对 BAM 数据；推荐工具 manta_structural_variants（另需公共参考资源：参考基因组 FASTA）。图谱中项目 Multi-omics integrative analysis of esophageal squamous carcinoma 的 HRA003107（癌种：Esophageal Squamous Cell Carcinoma）存在这些数据，共 310 个匹配文件（文件引用已脱敏）。	["DNA_GENOMIC_ALIGNMENT_BAM"]	["REFERENCE_GENOME_FASTA"]	["结构变异检测"]	["WES", "WGS"]		[{"semantic_format": "RNA_TRANSCRIPTOME_ALIGNMENT_BAM", "data_desc": "转录组比对 BAM 数据", "count": 310, "study": "HRA003107", "project_name": "Multi-omics integrative analysis of esophageal squamous carcinoma", "tumor_subtype": "Esophageal Squamous Cell Carcinoma"}]
class300318	class3_data_tool_recommend	single_tool	基因融合检测	T054	star_fusion	HRA000873	Whole  exome sequencing  of patients with CRC from the Changkang project	Colorectal Cancer	目标是基因融合检测，应该选择什么数据和什么工具？	完成基因融合检测需要数据：样本元数据、原始双端测序数据（R1）、原始双端测序数据（R2）；推荐工具 star_fusion。图谱中项目 Whole  exome sequencing  of patients with CRC from the Changkang project 的 HRA000873（癌种：Colorectal Cancer）存在这些数据，共 4061 个匹配文件（文件引用已脱敏）。	["METADATA_SAMPLE_INFO", "RAW_PAIRED_END_R1_FASTQ", "RAW_PAIRED_END_R2_FASTQ"]	[]	["基因融合检测"]	["Clinical", "bulk_RNA"]		[{"semantic_format": "METADATA_SAMPLE_INFO", "data_desc": "样本元数据", "count": 1, "study": "HRA000873", "project_name": "Whole  exome sequencing  of patients with CRC from the Changkang project", "tumor_subtype": "Colorectal Cancer"}, {"semantic_format": "RAW_PAIRED_END_R1_FASTQ", "data_desc": "原始双端测序数据（R1）", "count": 2030, "study": "HRA000873", "project_name": "Whole  exome sequencing  of patients with CRC from the Changkang project", "tumor_subtype": "Colorectal Cancer"}, {"semantic_format": "RAW_PAIRED_END_R2_FASTQ", "data_desc": "原始双端测序数据（R2）", "count": 2030, "study": "HRA000873", "project_name": "Whole  exome sequencing  of patients with CRC from the Changkang project", "tumor_subtype": "Colorectal Cancer"}]
class300319	class3_data_tool_recommend	single_tool	接头与低质量序列修剪	T001	fastp	HRA007413	Multi-omics research of acute myeloid leukemia	Acute Myeloid Leukemia	完成接头与低质量序列修剪需要的数据和工具分别是什么？	完成接头与低质量序列修剪需要数据：原始双端测序数据（R1）、原始双端测序数据（R2）；推荐工具 fastp。图谱中项目 Multi-omics research of acute myeloid leukemia 的 HRA007413（癌种：Acute Myeloid Leukemia）存在这些数据，共 1468 个匹配文件（文件引用已脱敏）。	["RAW_PAIRED_END_R1_FASTQ", "RAW_PAIRED_END_R2_FASTQ"]	[]	["接头与低质量序列修剪", "测序质量评估"]	["WES"]		[{"semantic_format": "RAW_PAIRED_END_R1_FASTQ", "data_desc": "原始双端测序数据（R1）", "count": 734, "study": "HRA007413", "project_name": "Multi-omics research of acute myeloid leukemia", "tumor_subtype": "Acute Myeloid Leukemia"}, {"semantic_format": "RAW_PAIRED_END_R2_FASTQ", "data_desc": "原始双端测序数据（R2）", "count": 734, "study": "HRA007413", "project_name": "Multi-omics research of acute myeloid leukemia", "tumor_subtype": "Acute Myeloid Leukemia"}]
class300320	class3_data_tool_recommend	single_tool	测序质量评估	T002	fastqc	HRA000873	Whole  exome sequencing  of patients with CRC from the Changkang project	Colorectal Cancer	我想完成测序质量评估，需要什么数据、应该用什么工具？	完成测序质量评估需要数据：原始单端测序数据；推荐工具 fastqc。图谱中项目 Whole  exome sequencing  of patients with CRC from the Changkang project 的 HRA000873（癌种：Colorectal Cancer）存在这些数据，共 4060 个匹配文件（文件引用已脱敏）。	["RAW_SINGLE_END_FASTQ"]	[]	["可视化与报告", "测序质量评估"]	["WES", "WGS", "bulk_RNA", "sc-RNA"]		[{"semantic_format": "RAW_PAIRED_END_R1_FASTQ", "data_desc": "原始双端测序数据（R1）", "count": 2030, "study": "HRA000873", "project_name": "Whole  exome sequencing  of patients with CRC from the Changkang project", "tumor_subtype": "Colorectal Cancer"}, {"semantic_format": "RAW_PAIRED_END_R2_FASTQ", "data_desc": "原始双端测序数据（R2）", "count": 2030, "study": "HRA000873", "project_name": "Whole  exome sequencing  of patients with CRC from the Changkang project", "tumor_subtype": "Colorectal Cancer"}]
class300321	class3_data_tool_recommend	single_tool	单细胞比对与定量	T003	cellranger_workflow	HRA006499	Pharmacogenomic profiling of intra-tumor heterogeneity by a large organoid biobank of liver cancer	Liver Cancer	要完成单细胞比对与定量，需要准备哪些数据、推荐哪个工具？	完成单细胞比对与定量需要数据：基因组比对 BAM 数据、原始单端测序数据；推荐工具 cellranger_workflow。图谱中项目 Pharmacogenomic profiling of intra-tumor heterogeneity by a large organoid biobank of liver cancer 的 HRA006499（癌种：Liver Cancer）存在这些数据，共 2289 个匹配文件（文件引用已脱敏）。	["DNA_GENOMIC_ALIGNMENT_BAM", "RAW_SINGLE_END_FASTQ"]	[]	["单细胞比对与定量", "可视化与报告", "测序质量评估"]	["bulk_RNA", "sc-RNA"]		[{"semantic_format": "DNA_ALIGNMENT_BQSR_BAM", "data_desc": "碱基质量校正后的比对 BAM 数据", "count": 763, "study": "HRA006499", "project_name": "Pharmacogenomic profiling of intra-tumor heterogeneity by a large organoid biobank of liver cancer", "tumor_subtype": "Liver Cancer"}, {"semantic_format": "RAW_PAIRED_END_R1_FASTQ", "data_desc": "原始双端测序数据（R1）", "count": 763, "study": "HRA006499", "project_name": "Pharmacogenomic profiling of intra-tumor heterogeneity by a large organoid biobank of liver cancer", "tumor_subtype": "Liver Cancer"}, {"semantic_format": "RAW_PAIRED_END_R2_FASTQ", "data_desc": "原始双端测序数据（R2）", "count": 763, "study": "HRA006499", "project_name": "Pharmacogenomic profiling of intra-tumor heterogeneity by a large organoid biobank of liver cancer", "tumor_subtype": "Liver Cancer"}]
class300322	class3_data_tool_recommend	single_tool	接头与低质量序列修剪	T004	trim_galore	HRA005191	Immune Correlates of Response and Resistance to Neoadjuvant Chemo-immunotherapy in Non-small Cell Lung Cancer	Non-small cell lung carcinoma	项目Immune Correlates of Response and Resistance to Neoadjuvant Chemo-immunotherapy in Non-small Cell Lung Cancer中要做接头与低质量序列修剪，需要哪些数据、用什么工具？	完成接头与低质量序列修剪需要数据：原始双端测序数据（R1）、原始双端测序数据（R2）；推荐工具 trim_galore。图谱中项目 Immune Correlates of Response and Resistance to Neoadjuvant Chemo-immunotherapy in Non-small Cell Lung Cancer 的 HRA005191（癌种：Non-small cell lung carcinoma）存在这些数据，共 970 个匹配文件（文件引用已脱敏）。	["RAW_PAIRED_END_R1_FASTQ", "RAW_PAIRED_END_R2_FASTQ"]	[]	["接头与低质量序列修剪"]	["bulk_RNA"]		[{"semantic_format": "RAW_PAIRED_END_R1_FASTQ", "data_desc": "原始双端测序数据（R1）", "count": 485, "study": "HRA005191", "project_name": "Immune Correlates of Response and Resistance to Neoadjuvant Chemo-immunotherapy in Non-small Cell Lung Cancer", "tumor_subtype": "Non-small cell lung carcinoma"}, {"semantic_format": "RAW_PAIRED_END_R2_FASTQ", "data_desc": "原始双端测序数据（R2）", "count": 485, "study": "HRA005191", "project_name": "Immune Correlates of Response and Resistance to Neoadjuvant Chemo-immunotherapy in Non-small Cell Lung Cancer", "tumor_subtype": "Non-small cell lung carcinoma"}]
class300323	class3_data_tool_recommend	single_tool	RNA序列比对	T005	star	HRA005191	Immune Correlates of Response and Resistance to Neoadjuvant Chemo-immunotherapy in Non-small Cell Lung Cancer	Non-small cell lung carcinoma	目标是RNA序列比对，应该选择什么数据和什么工具？	完成RNA序列比对需要数据：原始双端测序数据（R1）、原始双端测序数据（R2）；推荐工具 star（另需公共参考资源：参考基因组 FASTA）。图谱中项目 Immune Correlates of Response and Resistance to Neoadjuvant Chemo-immunotherapy in Non-small Cell Lung Cancer 的 HRA005191（癌种：Non-small cell lung carcinoma）存在这些数据，共 970 个匹配文件（文件引用已脱敏）。	["RAW_PAIRED_END_R1_FASTQ", "RAW_PAIRED_END_R2_FASTQ"]	["REFERENCE_GENOME_FASTA"]	["RNA序列比对"]	["bulk_RNA"]		[{"semantic_format": "RAW_PAIRED_END_R1_FASTQ", "data_desc": "原始双端测序数据（R1）", "count": 485, "study": "HRA005191", "project_name": "Immune Correlates of Response and Resistance to Neoadjuvant Chemo-immunotherapy in Non-small Cell Lung Cancer", "tumor_subtype": "Non-small cell lung carcinoma"}, {"semantic_format": "RAW_PAIRED_END_R2_FASTQ", "data_desc": "原始双端测序数据（R2）", "count": 485, "study": "HRA005191", "project_name": "Immune Correlates of Response and Resistance to Neoadjuvant Chemo-immunotherapy in Non-small Cell Lung Cancer", "tumor_subtype": "Non-small cell lung carcinoma"}]
class300324	class3_data_tool_recommend	single_tool	DNA序列比对	T006	bwa	HRA007413	Multi-omics research of acute myeloid leukemia	Acute Myeloid Leukemia	完成DNA序列比对需要的数据和工具分别是什么？	完成DNA序列比对需要数据：原始双端测序数据（R1）、原始双端测序数据（R2）；推荐工具 bwa（另需公共参考资源：参考基因组 FASTA）。图谱中项目 Multi-omics research of acute myeloid leukemia 的 HRA007413（癌种：Acute Myeloid Leukemia）存在这些数据，共 1468 个匹配文件（文件引用已脱敏）。	["RAW_PAIRED_END_R1_FASTQ", "RAW_PAIRED_END_R2_FASTQ"]	["REFERENCE_GENOME_FASTA"]	["DNA序列比对"]	["WES"]		[{"semantic_format": "RAW_PAIRED_END_R1_FASTQ", "data_desc": "原始双端测序数据（R1）", "count": 734, "study": "HRA007413", "project_name": "Multi-omics research of acute myeloid leukemia", "tumor_subtype": "Acute Myeloid Leukemia"}, {"semantic_format": "RAW_PAIRED_END_R2_FASTQ", "data_desc": "原始双端测序数据（R2）", "count": 734, "study": "HRA007413", "project_name": "Multi-omics research of acute myeloid leukemia", "tumor_subtype": "Acute Myeloid Leukemia"}]
class300325	class3_data_tool_recommend	single_tool	比对后处理与去重	T007	samtools	HRA001749	scRNA-seq of liver cancer	Liver Cancer	我想完成比对后处理与去重，需要什么数据、应该用什么工具？	完成比对后处理与去重需要数据：基因组比对 BAM 数据；推荐工具 samtools。图谱中项目 scRNA-seq of liver cancer 的 HRA001749（癌种：Liver Cancer）存在这些数据，共 178 个匹配文件（文件引用已脱敏）。	["DNA_GENOMIC_ALIGNMENT_BAM"]	[]	["比对后处理与去重"]	["WES", "WGS", "bulk_RNA"]		[{"semantic_format": "DNA_ALIGNMENT_BQSR_BAM", "data_desc": "碱基质量校正后的比对 BAM 数据", "count": 178, "study": "HRA001749", "project_name": "scRNA-seq of liver cancer", "tumor_subtype": "Liver Cancer"}]
class300326	class3_data_tool_recommend	single_tool	体细胞变异检测	T008	gatk	HRA007413	Multi-omics research of acute myeloid leukemia	Acute Myeloid Leukemia	要完成体细胞变异检测，需要准备哪些数据、推荐哪个工具？	完成体细胞变异检测需要数据：基因组比对 BAM 数据；推荐工具 gatk（另需公共参考资源：参考基因组 FASTA、目标区间列表）。图谱中项目 Multi-omics research of acute myeloid leukemia 的 HRA007413（癌种：Acute Myeloid Leukemia）存在这些数据，共 3 个匹配文件（文件引用已脱敏）。	["DNA_GENOMIC_ALIGNMENT_BAM"]	["REFERENCE_GENOME_FASTA", "TARGET_INTERVAL_LIST"]	["体细胞变异检测", "变异质量校正"]	["WES"]		[{"semantic_format": "RNA_TRANSCRIPTOME_ALIGNMENT_BAM", "data_desc": "转录组比对 BAM 数据", "count": 3, "study": "HRA007413", "project_name": "Multi-omics research of acute myeloid leukemia", "tumor_subtype": "Acute Myeloid Leukemia"}]
class300327	class3_data_tool_recommend	single_tool	变异注释	T010	snpeff	HRA016026	Multi-omics Landscape of Central Nervous System Tumors	Lung Cancer	项目Multi-omics Landscape of Central Nervous System Tumors中要做变异注释，需要哪些数据、用什么工具？	完成变异注释需要数据：变异 VCF 数据；推荐工具 snpeff（另需公共参考资源：参考基因组 FASTA）。图谱中项目 Multi-omics Landscape of Central Nervous System Tumors 的 HRA016026（癌种：Lung Cancer）存在这些数据，共 1050 个匹配文件（文件引用已脱敏）。	["DNA_VARIANT_VCF_GENERAL"]	["REFERENCE_GENOME_FASTA"]	["变异注释", "可视化与报告"]	["WES", "WGS"]		[{"semantic_format": "DNA_VARIANT_VCF_GENERAL", "data_desc": "变异 VCF 数据", "count": 1050, "study": "HRA016026", "project_name": "Multi-omics Landscape of Central Nervous System Tumors", "tumor_subtype": "Lung Cancer"}]
class300328	class3_data_tool_recommend	single_tool	表达定量	T011	rsem	HRA007167	Multi-omics of acral melanoma	Acral melanoma	目标是表达定量，应该选择什么数据和什么工具？	完成表达定量需要数据：转录组比对 BAM 数据；推荐工具 rsem。图谱中项目 Multi-omics of acral melanoma 的 HRA007167（癌种：Acral melanoma）存在这些数据，共 391 个匹配文件（文件引用已脱敏）。	["RNA_TRANSCRIPTOME_ALIGNMENT_BAM"]	[]	["表达定量"]	["bulk_RNA"]		[{"semantic_format": "RNA_TRANSCRIPTOME_ALIGNMENT_BAM", "data_desc": "转录组比对 BAM 数据", "count": 391, "study": "HRA007167", "project_name": "Multi-omics of acral melanoma", "tumor_subtype": "Acral melanoma"}]
class300329	class3_data_tool_recommend	single_tool	表达定量	T012	featurecounts	HRA006499	Pharmacogenomic profiling of intra-tumor heterogeneity by a large organoid biobank of liver cancer	Liver Cancer	完成表达定量需要的数据和工具分别是什么？	完成表达定量需要数据：基因组比对 BAM 数据；推荐工具 featurecounts。图谱中项目 Pharmacogenomic profiling of intra-tumor heterogeneity by a large organoid biobank of liver cancer 的 HRA006499（癌种：Liver Cancer）存在这些数据，共 763 个匹配文件（文件引用已脱敏）。	["DNA_GENOMIC_ALIGNMENT_BAM"]	[]	["表达定量"]	["bulk_RNA"]		[{"semantic_format": "DNA_ALIGNMENT_BQSR_BAM", "data_desc": "碱基质量校正后的比对 BAM 数据", "count": 763, "study": "HRA006499", "project_name": "Pharmacogenomic profiling of intra-tumor heterogeneity by a large organoid biobank of liver cancer", "tumor_subtype": "Liver Cancer"}]
class300330	class3_data_tool_recommend	single_tool	功能富集分析	T014	diff_expr_go	HRA005191	Immune Correlates of Response and Resistance to Neoadjuvant Chemo-immunotherapy in Non-small Cell Lung Cancer	Non-small cell lung carcinoma	我想完成功能富集分析，需要什么数据、应该用什么工具？	完成功能富集分析需要数据：基因表达矩阵/表格数据；推荐工具 diff_expr_go。图谱中项目 Immune Correlates of Response and Resistance to Neoadjuvant Chemo-immunotherapy in Non-small Cell Lung Cancer 的 HRA005191（癌种：Non-small cell lung carcinoma）存在这些数据，共 18 个匹配文件（文件引用已脱敏）。	["TABULAR_BIO_DATA"]	[]	["功能富集分析", "差异表达分析"]	["bulk_RNA"]		[{"semantic_format": "TABULAR_BIO_DATA", "data_desc": "基因表达矩阵/表格数据", "count": 18, "study": "HRA005191", "project_name": "Immune Correlates of Response and Resistance to Neoadjuvant Chemo-immunotherapy in Non-small Cell Lung Cancer", "tumor_subtype": "Non-small cell lung carcinoma"}]
class300331	class3_data_tool_recommend	single_tool	功能富集分析	T015	diff_expr_kegg	HRA005191	Immune Correlates of Response and Resistance to Neoadjuvant Chemo-immunotherapy in Non-small Cell Lung Cancer	Non-small cell lung carcinoma	要完成功能富集分析，需要准备哪些数据、推荐哪个工具？	完成功能富集分析需要数据：基因表达矩阵/表格数据；推荐工具 diff_expr_kegg。图谱中项目 Immune Correlates of Response and Resistance to Neoadjuvant Chemo-immunotherapy in Non-small Cell Lung Cancer 的 HRA005191（癌种：Non-small cell lung carcinoma）存在这些数据，共 18 个匹配文件（文件引用已脱敏）。	["TABULAR_BIO_DATA"]	[]	["功能富集分析", "差异表达分析"]	["bulk_RNA"]		[{"semantic_format": "TABULAR_BIO_DATA", "data_desc": "基因表达矩阵/表格数据", "count": 18, "study": "HRA005191", "project_name": "Immune Correlates of Response and Resistance to Neoadjuvant Chemo-immunotherapy in Non-small Cell Lung Cancer", "tumor_subtype": "Non-small cell lung carcinoma"}]
class300332	class3_data_tool_recommend	single_tool	生存分析	T017	her2_pfs_survival	HRA001749	scRNA-seq of liver cancer	Liver Cancer	项目scRNA-seq of liver cancer中要做生存分析，需要哪些数据、用什么工具？	完成生存分析需要数据：临床表型数据、基因表达矩阵/表格数据；推荐工具 her2_pfs_survival。图谱中项目 scRNA-seq of liver cancer 的 HRA001749（癌种：Liver Cancer）存在这些数据，共 2 个匹配文件（文件引用已脱敏）。	["CLINICAL_DATA_EXCEL", "TABULAR_BIO_DATA"]	[]	["可视化与报告", "生存分析"]	["Clinical", "bulk_RNA"]		[{"semantic_format": "CLINICAL_DATA_EXCEL", "data_desc": "临床表型数据", "count": 1, "study": "HRA001749", "project_name": "scRNA-seq of liver cancer", "tumor_subtype": "Liver Cancer"}, {"semantic_format": "SOMATIC_CNV_TSV", "data_desc": "体细胞拷贝数变异数据", "count": 1, "study": "HRA001749", "project_name": "scRNA-seq of liver cancer", "tumor_subtype": "Liver Cancer"}]
class300333	class3_data_tool_recommend	single_tool	免疫浸润与微环境分析	T018	immune_infiltration_iobr	HRA001749	scRNA-seq of liver cancer	Liver Cancer	目标是免疫浸润与微环境分析，应该选择什么数据和什么工具？	完成免疫浸润与微环境分析需要数据：临床表型数据、基因表达矩阵/表格数据；推荐工具 immune_infiltration_iobr。图谱中项目 scRNA-seq of liver cancer 的 HRA001749（癌种：Liver Cancer）存在这些数据，共 2 个匹配文件（文件引用已脱敏）。	["CLINICAL_DATA_EXCEL", "TABULAR_BIO_DATA"]	[]	["免疫浸润与微环境分析", "可视化与报告"]	["Clinical", "bulk_RNA"]		[{"semantic_format": "CLINICAL_DATA_EXCEL", "data_desc": "临床表型数据", "count": 1, "study": "HRA001749", "project_name": "scRNA-seq of liver cancer", "tumor_subtype": "Liver Cancer"}, {"semantic_format": "SOMATIC_CNV_TSV", "data_desc": "体细胞拷贝数变异数据", "count": 1, "study": "HRA001749", "project_name": "scRNA-seq of liver cancer", "tumor_subtype": "Liver Cancer"}]
class300334	class3_data_tool_recommend	single_tool	序列格式转换	T019	paired_fastq_to_unmapped_bam	HRA007413	Multi-omics research of acute myeloid leukemia	Acute Myeloid Leukemia	完成序列格式转换需要的数据和工具分别是什么？	完成序列格式转换需要数据：基因组比对 BAM 数据、原始双端测序数据（R1）、原始双端测序数据（R2）；推荐工具 paired_fastq_to_unmapped_bam。图谱中项目 Multi-omics research of acute myeloid leukemia 的 HRA007413（癌种：Acute Myeloid Leukemia）存在这些数据，共 1471 个匹配文件（文件引用已脱敏）。	["DNA_GENOMIC_ALIGNMENT_BAM", "RAW_PAIRED_END_R1_FASTQ", "RAW_PAIRED_END_R2_FASTQ"]	[]	["序列格式转换"]	["WES"]		[{"semantic_format": "RNA_TRANSCRIPTOME_ALIGNMENT_BAM", "data_desc": "转录组比对 BAM 数据", "count": 3, "study": "HRA007413", "project_name": "Multi-omics research of acute myeloid leukemia", "tumor_subtype": "Acute Myeloid Leukemia"}, {"semantic_format": "RAW_PAIRED_END_R1_FASTQ", "data_desc": "原始双端测序数据（R1）", "count": 734, "study": "HRA007413", "project_name": "Multi-omics research of acute myeloid leukemia", "tumor_subtype": "Acute Myeloid Leukemia"}, {"semantic_format": "RAW_PAIRED_END_R2_FASTQ", "data_desc": "原始双端测序数据（R2）", "count": 734, "study": "HRA007413", "project_name": "Multi-omics research of acute myeloid leukemia", "tumor_subtype": "Acute Myeloid Leukemia"}]
class300335	class3_data_tool_recommend	single_tool	无监督聚类分析	T020	rnaseq_unsupervised_cluster	HRA005191	Immune Correlates of Response and Resistance to Neoadjuvant Chemo-immunotherapy in Non-small Cell Lung Cancer	Non-small cell lung carcinoma	我想完成无监督聚类分析，需要什么数据、应该用什么工具？	完成无监督聚类分析需要数据：基因表达矩阵/表格数据；推荐工具 rnaseq_unsupervised_cluster。图谱中项目 Immune Correlates of Response and Resistance to Neoadjuvant Chemo-immunotherapy in Non-small Cell Lung Cancer 的 HRA005191（癌种：Non-small cell lung carcinoma）存在这些数据，共 18 个匹配文件（文件引用已脱敏）。	["TABULAR_BIO_DATA"]	[]	["可视化与报告", "无监督聚类分析"]	["bulk_RNA"]		[{"semantic_format": "TABULAR_BIO_DATA", "data_desc": "基因表达矩阵/表格数据", "count": 18, "study": "HRA005191", "project_name": "Immune Correlates of Response and Resistance to Neoadjuvant Chemo-immunotherapy in Non-small Cell Lung Cancer", "tumor_subtype": "Non-small cell lung carcinoma"}]
class300336	class3_data_tool_recommend	single_tool	共表达网络分析	T024	wgcna	HRA001749	scRNA-seq of liver cancer	Liver Cancer	要完成共表达网络分析，需要准备哪些数据、推荐哪个工具？	完成共表达网络分析需要数据：临床表型数据、基因表达矩阵/表格数据；推荐工具 wgcna。图谱中项目 scRNA-seq of liver cancer 的 HRA001749（癌种：Liver Cancer）存在这些数据，共 2 个匹配文件（文件引用已脱敏）。	["CLINICAL_DATA_EXCEL", "TABULAR_BIO_DATA"]	[]	["共表达网络分析"]	["Clinical", "bulk_RNA"]		[{"semantic_format": "CLINICAL_DATA_EXCEL", "data_desc": "临床表型数据", "count": 1, "study": "HRA001749", "project_name": "scRNA-seq of liver cancer", "tumor_subtype": "Liver Cancer"}, {"semantic_format": "SOMATIC_CNV_TSV", "data_desc": "体细胞拷贝数变异数据", "count": 1, "study": "HRA001749", "project_name": "scRNA-seq of liver cancer", "tumor_subtype": "Liver Cancer"}]
class300337	class3_data_tool_recommend	single_tool	拷贝数变异分析	T028	cnvkit_cnv_clinical	HRA001749	scRNA-seq of liver cancer	Liver Cancer	项目scRNA-seq of liver cancer中要做拷贝数变异分析，需要哪些数据、用什么工具？	完成拷贝数变异分析需要数据：基因组比对 BAM 数据；推荐工具 cnvkit_cnv_clinical。图谱中项目 scRNA-seq of liver cancer 的 HRA001749（癌种：Liver Cancer）存在这些数据，共 178 个匹配文件（文件引用已脱敏）。	["DNA_GENOMIC_ALIGNMENT_BAM"]	[]	["可视化与报告", "拷贝数变异分析"]	["Clinical", "WES", "WGS"]		[{"semantic_format": "DNA_ALIGNMENT_BQSR_BAM", "data_desc": "碱基质量校正后的比对 BAM 数据", "count": 178, "study": "HRA001749", "project_name": "scRNA-seq of liver cancer", "tumor_subtype": "Liver Cancer"}]
class300338	class3_data_tool_recommend	single_tool	生存分析	T029	cox_model	HRA001749	scRNA-seq of liver cancer	Liver Cancer	目标是生存分析，应该选择什么数据和什么工具？	完成生存分析需要数据：临床表型数据、样本元数据、基因表达矩阵/表格数据；推荐工具 cox_model。图谱中项目 scRNA-seq of liver cancer 的 HRA001749（癌种：Liver Cancer）存在这些数据，共 3 个匹配文件（文件引用已脱敏）。	["CLINICAL_DATA_EXCEL", "METADATA_SAMPLE_INFO", "TABULAR_BIO_DATA"]	[]	["生存分析"]	["Clinical", "bulk_RNA"]		[{"semantic_format": "CLINICAL_DATA_EXCEL", "data_desc": "临床表型数据", "count": 1, "study": "HRA001749", "project_name": "scRNA-seq of liver cancer", "tumor_subtype": "Liver Cancer"}, {"semantic_format": "METADATA_SAMPLE_INFO", "data_desc": "样本元数据", "count": 1, "study": "HRA001749", "project_name": "scRNA-seq of liver cancer", "tumor_subtype": "Liver Cancer"}, {"semantic_format": "SOMATIC_CNV_TSV", "data_desc": "体细胞拷贝数变异数据", "count": 1, "study": "HRA001749", "project_name": "scRNA-seq of liver cancer", "tumor_subtype": "Liver Cancer"}]
class300339	class3_data_tool_recommend	single_tool	功能富集分析	T032	de_enrichment	HRA001749	scRNA-seq of liver cancer	Liver Cancer	完成功能富集分析需要的数据和工具分别是什么？	完成功能富集分析需要数据：临床表型数据、样本元数据、基因表达矩阵/表格数据；推荐工具 de_enrichment。图谱中项目 scRNA-seq of liver cancer 的 HRA001749（癌种：Liver Cancer）存在这些数据，共 3 个匹配文件（文件引用已脱敏）。	["CLINICAL_DATA_EXCEL", "METADATA_SAMPLE_INFO", "TABULAR_BIO_DATA"]	[]	["功能富集分析", "可视化与报告", "差异表达分析"]	["Clinical", "bulk_RNA"]		[{"semantic_format": "CLINICAL_DATA_EXCEL", "data_desc": "临床表型数据", "count": 1, "study": "HRA001749", "project_name": "scRNA-seq of liver cancer", "tumor_subtype": "Liver Cancer"}, {"semantic_format": "METADATA_SAMPLE_INFO", "data_desc": "样本元数据", "count": 1, "study": "HRA001749", "project_name": "scRNA-seq of liver cancer", "tumor_subtype": "Liver Cancer"}, {"semantic_format": "SOMATIC_CNV_TSV", "data_desc": "体细胞拷贝数变异数据", "count": 1, "study": "HRA001749", "project_name": "scRNA-seq of liver cancer", "tumor_subtype": "Liver Cancer"}]
class300340	class3_data_tool_recommend	single_tool	功能富集分析	T033	deg_enrichment	HRA001749	scRNA-seq of liver cancer	Liver Cancer	我想完成功能富集分析，需要什么数据、应该用什么工具？	完成功能富集分析需要数据：临床表型数据、样本元数据、基因表达矩阵/表格数据；推荐工具 deg_enrichment。图谱中项目 scRNA-seq of liver cancer 的 HRA001749（癌种：Liver Cancer）存在这些数据，共 3 个匹配文件（文件引用已脱敏）。	["CLINICAL_DATA_EXCEL", "METADATA_SAMPLE_INFO", "TABULAR_BIO_DATA"]	[]	["功能富集分析", "差异表达分析"]	["Clinical", "bulk_RNA"]		[{"semantic_format": "CLINICAL_DATA_EXCEL", "data_desc": "临床表型数据", "count": 1, "study": "HRA001749", "project_name": "scRNA-seq of liver cancer", "tumor_subtype": "Liver Cancer"}, {"semantic_format": "METADATA_SAMPLE_INFO", "data_desc": "样本元数据", "count": 1, "study": "HRA001749", "project_name": "scRNA-seq of liver cancer", "tumor_subtype": "Liver Cancer"}, {"semantic_format": "SOMATIC_CNV_TSV", "data_desc": "体细胞拷贝数变异数据", "count": 1, "study": "HRA001749", "project_name": "scRNA-seq of liver cancer", "tumor_subtype": "Liver Cancer"}]
class300341	class3_data_tool_recommend	single_tool	差异表达分析	T034	deg_trend	HRA001749	scRNA-seq of liver cancer	Liver Cancer	要完成差异表达分析，需要准备哪些数据、推荐哪个工具？	完成差异表达分析需要数据：临床表型数据、样本元数据、基因表达矩阵/表格数据；推荐工具 deg_trend。图谱中项目 scRNA-seq of liver cancer 的 HRA001749（癌种：Liver Cancer）存在这些数据，共 3 个匹配文件（文件引用已脱敏）。	["CLINICAL_DATA_EXCEL", "METADATA_SAMPLE_INFO", "TABULAR_BIO_DATA"]	[]	["可视化与报告", "差异表达分析"]	["Clinical", "bulk_RNA"]		[{"semantic_format": "CLINICAL_DATA_EXCEL", "data_desc": "临床表型数据", "count": 1, "study": "HRA001749", "project_name": "scRNA-seq of liver cancer", "tumor_subtype": "Liver Cancer"}, {"semantic_format": "METADATA_SAMPLE_INFO", "data_desc": "样本元数据", "count": 1, "study": "HRA001749", "project_name": "scRNA-seq of liver cancer", "tumor_subtype": "Liver Cancer"}, {"semantic_format": "SOMATIC_CNV_TSV", "data_desc": "体细胞拷贝数变异数据", "count": 1, "study": "HRA001749", "project_name": "scRNA-seq of liver cancer", "tumor_subtype": "Liver Cancer"}]
class300342	class3_data_tool_recommend	single_tool	可视化与报告	T035	gene_boxplot	HRA001749	scRNA-seq of liver cancer	Liver Cancer	项目scRNA-seq of liver cancer中要做可视化与报告，需要哪些数据、用什么工具？	完成可视化与报告需要数据：临床表型数据、样本元数据、基因表达矩阵/表格数据；推荐工具 gene_boxplot。图谱中项目 scRNA-seq of liver cancer 的 HRA001749（癌种：Liver Cancer）存在这些数据，共 3 个匹配文件（文件引用已脱敏）。	["CLINICAL_DATA_EXCEL", "METADATA_SAMPLE_INFO", "TABULAR_BIO_DATA"]	[]	["可视化与报告"]	["Clinical", "bulk_RNA"]		[{"semantic_format": "CLINICAL_DATA_EXCEL", "data_desc": "临床表型数据", "count": 1, "study": "HRA001749", "project_name": "scRNA-seq of liver cancer", "tumor_subtype": "Liver Cancer"}, {"semantic_format": "METADATA_SAMPLE_INFO", "data_desc": "样本元数据", "count": 1, "study": "HRA001749", "project_name": "scRNA-seq of liver cancer", "tumor_subtype": "Liver Cancer"}, {"semantic_format": "SOMATIC_CNV_TSV", "data_desc": "体细胞拷贝数变异数据", "count": 1, "study": "HRA001749", "project_name": "scRNA-seq of liver cancer", "tumor_subtype": "Liver Cancer"}]
class300343	class3_data_tool_recommend	single_tool	功能富集分析	T036	gsea_pathway_enrichment	HRA001749	scRNA-seq of liver cancer	Liver Cancer	目标是功能富集分析，应该选择什么数据和什么工具？	完成功能富集分析需要数据：基因表达矩阵/表格数据；推荐工具 gsea_pathway_enrichment。图谱中项目 scRNA-seq of liver cancer 的 HRA001749（癌种：Liver Cancer）存在这些数据，共 1 个匹配文件（文件引用已脱敏）。	["TABULAR_BIO_DATA"]	[]	["功能富集分析"]	["Clinical", "bulk_RNA"]		[{"semantic_format": "SOMATIC_CNV_TSV", "data_desc": "体细胞拷贝数变异数据", "count": 1, "study": "HRA001749", "project_name": "scRNA-seq of liver cancer", "tumor_subtype": "Liver Cancer"}]
class300344	class3_data_tool_recommend	single_tool	生存分析	T040	km_survival	HRA001749	scRNA-seq of liver cancer	Liver Cancer	完成生存分析需要的数据和工具分别是什么？	完成生存分析需要数据：临床表型数据、样本元数据、基因表达矩阵/表格数据；推荐工具 km_survival。图谱中项目 scRNA-seq of liver cancer 的 HRA001749（癌种：Liver Cancer）存在这些数据，共 3 个匹配文件（文件引用已脱敏）。	["CLINICAL_DATA_EXCEL", "METADATA_SAMPLE_INFO", "TABULAR_BIO_DATA"]	[]	["可视化与报告", "生存分析"]	["Clinical", "bulk_RNA"]		[{"semantic_format": "CLINICAL_DATA_EXCEL", "data_desc": "临床表型数据", "count": 1, "study": "HRA001749", "project_name": "scRNA-seq of liver cancer", "tumor_subtype": "Liver Cancer"}, {"semantic_format": "METADATA_SAMPLE_INFO", "data_desc": "样本元数据", "count": 1, "study": "HRA001749", "project_name": "scRNA-seq of liver cancer", "tumor_subtype": "Liver Cancer"}, {"semantic_format": "SOMATIC_CNV_TSV", "data_desc": "体细胞拷贝数变异数据", "count": 1, "study": "HRA001749", "project_name": "scRNA-seq of liver cancer", "tumor_subtype": "Liver Cancer"}]
class300345	class3_data_tool_recommend	single_tool	表达矩阵预处理与归一化	T042	preprocess_counts	HRA005191	Immune Correlates of Response and Resistance to Neoadjuvant Chemo-immunotherapy in Non-small Cell Lung Cancer	Non-small cell lung carcinoma	我想完成表达矩阵预处理与归一化，需要什么数据、应该用什么工具？	完成表达矩阵预处理与归一化需要数据：基因表达矩阵/表格数据；推荐工具 preprocess_counts。图谱中项目 Immune Correlates of Response and Resistance to Neoadjuvant Chemo-immunotherapy in Non-small Cell Lung Cancer 的 HRA005191（癌种：Non-small cell lung carcinoma）存在这些数据，共 18 个匹配文件（文件引用已脱敏）。	["TABULAR_BIO_DATA"]	[]	["表达矩阵预处理与归一化"]	["bulk_RNA"]		[{"semantic_format": "TABULAR_BIO_DATA", "data_desc": "基因表达矩阵/表格数据", "count": 18, "study": "HRA005191", "project_name": "Immune Correlates of Response and Resistance to Neoadjuvant Chemo-immunotherapy in Non-small Cell Lung Cancer", "tumor_subtype": "Non-small cell lung carcinoma"}]
class300346	class3_data_tool_recommend	single_tool	可变剪接分析	T043	rmats_alternative_splicing	HRA007167	Multi-omics of acral melanoma	Acral melanoma	要完成可变剪接分析，需要准备哪些数据、推荐哪个工具？	完成可变剪接分析需要数据：转录组比对 BAM 数据；推荐工具 rmats_alternative_splicing（另需公共参考资源：参考基因组 FASTA）。图谱中项目 Multi-omics of acral melanoma 的 HRA007167（癌种：Acral melanoma）存在这些数据，共 391 个匹配文件（文件引用已脱敏）。	["RNA_TRANSCRIPTOME_ALIGNMENT_BAM"]	["REFERENCE_GENOME_FASTA"]	["可变剪接分析"]	["bulk_RNA"]		[{"semantic_format": "RNA_TRANSCRIPTOME_ALIGNMENT_BAM", "data_desc": "转录组比对 BAM 数据", "count": 391, "study": "HRA007167", "project_name": "Multi-omics of acral melanoma", "tumor_subtype": "Acral melanoma"}]
class300347	class3_data_tool_recommend	single_tool	RNA序列比对	T044	rnaseq_singletask	HRA005191	Immune Correlates of Response and Resistance to Neoadjuvant Chemo-immunotherapy in Non-small Cell Lung Cancer	Non-small cell lung carcinoma	项目Immune Correlates of Response and Resistance to Neoadjuvant Chemo-immunotherapy in Non-small Cell Lung Cancer中要做RNA序列比对，需要哪些数据、用什么工具？	完成RNA序列比对需要数据：原始双端测序数据（R1）、原始双端测序数据（R2）；推荐工具 rnaseq_singletask（另需公共参考资源：参考基因组 FASTA）。图谱中项目 Immune Correlates of Response and Resistance to Neoadjuvant Chemo-immunotherapy in Non-small Cell Lung Cancer 的 HRA005191（癌种：Non-small cell lung carcinoma）存在这些数据，共 970 个匹配文件（文件引用已脱敏）。	["RAW_PAIRED_END_R1_FASTQ", "RAW_PAIRED_END_R2_FASTQ"]	["REFERENCE_GENOME_FASTA"]	["RNA序列比对", "接头与低质量序列修剪", "测序质量评估", "表达定量"]	["bulk_RNA"]		[{"semantic_format": "RAW_PAIRED_END_R1_FASTQ", "data_desc": "原始双端测序数据（R1）", "count": 485, "study": "HRA005191", "project_name": "Immune Correlates of Response and Resistance to Neoadjuvant Chemo-immunotherapy in Non-small Cell Lung Cancer", "tumor_subtype": "Non-small cell lung carcinoma"}, {"semantic_format": "RAW_PAIRED_END_R2_FASTQ", "data_desc": "原始双端测序数据（R2）", "count": 485, "study": "HRA005191", "project_name": "Immune Correlates of Response and Resistance to Neoadjuvant Chemo-immunotherapy in Non-small Cell Lung Cancer", "tumor_subtype": "Non-small cell lung carcinoma"}]
class300348	class3_data_tool_recommend	single_tool	可视化与报告	T046	stage_heatmap	HRA001749	scRNA-seq of liver cancer	Liver Cancer	目标是可视化与报告，应该选择什么数据和什么工具？	完成可视化与报告需要数据：临床表型数据、样本元数据、基因表达矩阵/表格数据；推荐工具 stage_heatmap。图谱中项目 scRNA-seq of liver cancer 的 HRA001749（癌种：Liver Cancer）存在这些数据，共 3 个匹配文件（文件引用已脱敏）。	["CLINICAL_DATA_EXCEL", "METADATA_SAMPLE_INFO", "TABULAR_BIO_DATA"]	[]	["可视化与报告"]	["Clinical", "bulk_RNA"]		[{"semantic_format": "CLINICAL_DATA_EXCEL", "data_desc": "临床表型数据", "count": 1, "study": "HRA001749", "project_name": "scRNA-seq of liver cancer", "tumor_subtype": "Liver Cancer"}, {"semantic_format": "METADATA_SAMPLE_INFO", "data_desc": "样本元数据", "count": 1, "study": "HRA001749", "project_name": "scRNA-seq of liver cancer", "tumor_subtype": "Liver Cancer"}, {"semantic_format": "SOMATIC_CNV_TSV", "data_desc": "体细胞拷贝数变异数据", "count": 1, "study": "HRA001749", "project_name": "scRNA-seq of liver cancer", "tumor_subtype": "Liver Cancer"}]
class300349	class3_data_tool_recommend	single_tool	可视化与报告	T048	umap	HRA001749	scRNA-seq of liver cancer	Liver Cancer	完成可视化与报告需要的数据和工具分别是什么？	完成可视化与报告需要数据：临床表型数据、样本元数据、基因表达矩阵/表格数据；推荐工具 umap。图谱中项目 scRNA-seq of liver cancer 的 HRA001749（癌种：Liver Cancer）存在这些数据，共 3 个匹配文件（文件引用已脱敏）。	["CLINICAL_DATA_EXCEL", "METADATA_SAMPLE_INFO", "TABULAR_BIO_DATA"]	[]	["可视化与报告"]	["Clinical", "bulk_RNA"]		[{"semantic_format": "CLINICAL_DATA_EXCEL", "data_desc": "临床表型数据", "count": 1, "study": "HRA001749", "project_name": "scRNA-seq of liver cancer", "tumor_subtype": "Liver Cancer"}, {"semantic_format": "METADATA_SAMPLE_INFO", "data_desc": "样本元数据", "count": 1, "study": "HRA001749", "project_name": "scRNA-seq of liver cancer", "tumor_subtype": "Liver Cancer"}, {"semantic_format": "SOMATIC_CNV_TSV", "data_desc": "体细胞拷贝数变异数据", "count": 1, "study": "HRA001749", "project_name": "scRNA-seq of liver cancer", "tumor_subtype": "Liver Cancer"}]
class300350	class3_data_tool_recommend	single_tool	DNA序列比对	T049	wes_somatic_pair	HRA016026	Multi-omics Landscape of Central Nervous System Tumors	Lung Cancer	我想完成DNA序列比对，需要什么数据、应该用什么工具？	完成DNA序列比对需要数据：变异 VCF 数据、原始双端测序数据（R1）、原始双端测序数据（R2）；推荐工具 wes_somatic_pair（另需公共参考资源：参考基因组 FASTA、目标区间列表）。图谱中项目 Multi-omics Landscape of Central Nervous System Tumors 的 HRA016026（癌种：Lung Cancer）存在这些数据，共 3818 个匹配文件（文件引用已脱敏）。	["DNA_VARIANT_VCF_GENERAL", "RAW_PAIRED_END_R1_FASTQ", "RAW_PAIRED_END_R2_FASTQ"]	["REFERENCE_GENOME_FASTA", "TARGET_INTERVAL_LIST"]	["DNA序列比对", "体细胞变异检测", "变异注释", "变异质量校正", "可视化与报告", "测序质量评估"]	["WES", "WGS"]		[{"semantic_format": "DNA_VARIANT_VCF_GENERAL", "data_desc": "变异 VCF 数据", "count": 1050, "study": "HRA016026", "project_name": "Multi-omics Landscape of Central Nervous System Tumors", "tumor_subtype": "Lung Cancer"}, {"semantic_format": "RAW_PAIRED_END_R1_FASTQ", "data_desc": "原始双端测序数据（R1）", "count": 1384, "study": "HRA016026", "project_name": "Multi-omics Landscape of Central Nervous System Tumors", "tumor_subtype": "Lung Cancer"}, {"semantic_format": "RAW_PAIRED_END_R2_FASTQ", "data_desc": "原始双端测序数据（R2）", "count": 1384, "study": "HRA016026", "project_name": "Multi-omics Landscape of Central Nervous System Tumors", "tumor_subtype": "Lung Cancer"}]
class300351	class3_data_tool_recommend	single_tool	共表达网络分析	T050	wgcna_hub	HRA001749	scRNA-seq of liver cancer	Liver Cancer	要完成共表达网络分析，需要准备哪些数据、推荐哪个工具？	完成共表达网络分析需要数据：临床表型数据、样本元数据、基因表达矩阵/表格数据；推荐工具 wgcna_hub。图谱中项目 scRNA-seq of liver cancer 的 HRA001749（癌种：Liver Cancer）存在这些数据，共 3 个匹配文件（文件引用已脱敏）。	["CLINICAL_DATA_EXCEL", "METADATA_SAMPLE_INFO", "TABULAR_BIO_DATA"]	[]	["共表达网络分析"]	["Clinical", "bulk_RNA"]		[{"semantic_format": "CLINICAL_DATA_EXCEL", "data_desc": "临床表型数据", "count": 1, "study": "HRA001749", "project_name": "scRNA-seq of liver cancer", "tumor_subtype": "Liver Cancer"}, {"semantic_format": "METADATA_SAMPLE_INFO", "data_desc": "样本元数据", "count": 1, "study": "HRA001749", "project_name": "scRNA-seq of liver cancer", "tumor_subtype": "Liver Cancer"}, {"semantic_format": "SOMATIC_CNV_TSV", "data_desc": "体细胞拷贝数变异数据", "count": 1, "study": "HRA001749", "project_name": "scRNA-seq of liver cancer", "tumor_subtype": "Liver Cancer"}]
class300352	class3_data_tool_recommend	single_tool	共表达网络分析	T051	wgcna_module_trait	HRA001749	scRNA-seq of liver cancer	Liver Cancer	项目scRNA-seq of liver cancer中要做共表达网络分析，需要哪些数据、用什么工具？	完成共表达网络分析需要数据：临床表型数据、样本元数据、基因表达矩阵/表格数据；推荐工具 wgcna_module_trait。图谱中项目 scRNA-seq of liver cancer 的 HRA001749（癌种：Liver Cancer）存在这些数据，共 3 个匹配文件（文件引用已脱敏）。	["CLINICAL_DATA_EXCEL", "METADATA_SAMPLE_INFO", "TABULAR_BIO_DATA"]	[]	["共表达网络分析"]	["Clinical", "bulk_RNA"]		[{"semantic_format": "CLINICAL_DATA_EXCEL", "data_desc": "临床表型数据", "count": 1, "study": "HRA001749", "project_name": "scRNA-seq of liver cancer", "tumor_subtype": "Liver Cancer"}, {"semantic_format": "METADATA_SAMPLE_INFO", "data_desc": "样本元数据", "count": 1, "study": "HRA001749", "project_name": "scRNA-seq of liver cancer", "tumor_subtype": "Liver Cancer"}, {"semantic_format": "SOMATIC_CNV_TSV", "data_desc": "体细胞拷贝数变异数据", "count": 1, "study": "HRA001749", "project_name": "scRNA-seq of liver cancer", "tumor_subtype": "Liver Cancer"}]
class300353	class3_data_tool_recommend	single_tool	结构变异检测	T053	manta_structural_variants	HRA006499	Pharmacogenomic profiling of intra-tumor heterogeneity by a large organoid biobank of liver cancer	Liver Cancer	目标是结构变异检测，应该选择什么数据和什么工具？	完成结构变异检测需要数据：基因组比对 BAM 数据；推荐工具 manta_structural_variants（另需公共参考资源：参考基因组 FASTA）。图谱中项目 Pharmacogenomic profiling of intra-tumor heterogeneity by a large organoid biobank of liver cancer 的 HRA006499（癌种：Liver Cancer）存在这些数据，共 763 个匹配文件（文件引用已脱敏）。	["DNA_GENOMIC_ALIGNMENT_BAM"]	["REFERENCE_GENOME_FASTA"]	["结构变异检测"]	["WES", "WGS"]		[{"semantic_format": "DNA_ALIGNMENT_BQSR_BAM", "data_desc": "碱基质量校正后的比对 BAM 数据", "count": 763, "study": "HRA006499", "project_name": "Pharmacogenomic profiling of intra-tumor heterogeneity by a large organoid biobank of liver cancer", "tumor_subtype": "Liver Cancer"}]
class300354	class3_data_tool_recommend	single_tool	基因融合检测	T054	star_fusion	HRA001272	Integrated genomic and transcriptomic profiling dissects spatiotemporal evolution of metastatic hepatocellular carcinoma	Hepatocellular carcinoma	完成基因融合检测需要的数据和工具分别是什么？	完成基因融合检测需要数据：样本元数据、原始双端测序数据（R1）、原始双端测序数据（R2）；推荐工具 star_fusion。图谱中项目 Integrated genomic and transcriptomic profiling dissects spatiotemporal evolution of metastatic hepatocellular carcinoma 的 HRA001272（癌种：Hepatocellular carcinoma）存在这些数据，共 2361 个匹配文件（文件引用已脱敏）。	["METADATA_SAMPLE_INFO", "RAW_PAIRED_END_R1_FASTQ", "RAW_PAIRED_END_R2_FASTQ"]	[]	["基因融合检测"]	["Clinical", "bulk_RNA"]		[{"semantic_format": "METADATA_SAMPLE_INFO", "data_desc": "样本元数据", "count": 1, "study": "HRA001272", "project_name": "Integrated genomic and transcriptomic profiling dissects spatiotemporal evolution of metastatic hepatocellular carcinoma", "tumor_subtype": "Hepatocellular carcinoma"}, {"semantic_format": "RAW_PAIRED_END_R1_FASTQ", "data_desc": "原始双端测序数据（R1）", "count": 1180, "study": "HRA001272", "project_name": "Integrated genomic and transcriptomic profiling dissects spatiotemporal evolution of metastatic hepatocellular carcinoma", "tumor_subtype": "Hepatocellular carcinoma"}, {"semantic_format": "RAW_PAIRED_END_R2_FASTQ", "data_desc": "原始双端测序数据（R2）", "count": 1180, "study": "HRA001272", "project_name": "Integrated genomic and transcriptomic profiling dissects spatiotemporal evolution of metastatic hepatocellular carcinoma", "tumor_subtype": "Hepatocellular carcinoma"}]
class300355	class3_data_tool_recommend	single_tool	接头与低质量序列修剪	T001	fastp	HRA016026	Multi-omics Landscape of Central Nervous System Tumors	Lung Cancer	我想完成接头与低质量序列修剪，需要什么数据、应该用什么工具？	完成接头与低质量序列修剪需要数据：原始双端测序数据（R1）、原始双端测序数据（R2）；推荐工具 fastp。图谱中项目 Multi-omics Landscape of Central Nervous System Tumors 的 HRA016026（癌种：Lung Cancer）存在这些数据，共 2768 个匹配文件（文件引用已脱敏）。	["RAW_PAIRED_END_R1_FASTQ", "RAW_PAIRED_END_R2_FASTQ"]	[]	["接头与低质量序列修剪", "测序质量评估"]	["WES"]		[{"semantic_format": "RAW_PAIRED_END_R1_FASTQ", "data_desc": "原始双端测序数据（R1）", "count": 1384, "study": "HRA016026", "project_name": "Multi-omics Landscape of Central Nervous System Tumors", "tumor_subtype": "Lung Cancer"}, {"semantic_format": "RAW_PAIRED_END_R2_FASTQ", "data_desc": "原始双端测序数据（R2）", "count": 1384, "study": "HRA016026", "project_name": "Multi-omics Landscape of Central Nervous System Tumors", "tumor_subtype": "Lung Cancer"}]
class300356	class3_data_tool_recommend	single_tool	测序质量评估	T002	fastqc	HRA001272	Integrated genomic and transcriptomic profiling dissects spatiotemporal evolution of metastatic hepatocellular carcinoma	Hepatocellular carcinoma	要完成测序质量评估，需要准备哪些数据、推荐哪个工具？	完成测序质量评估需要数据：原始单端测序数据；推荐工具 fastqc。图谱中项目 Integrated genomic and transcriptomic profiling dissects spatiotemporal evolution of metastatic hepatocellular carcinoma 的 HRA001272（癌种：Hepatocellular carcinoma）存在这些数据，共 2360 个匹配文件（文件引用已脱敏）。	["RAW_SINGLE_END_FASTQ"]	[]	["可视化与报告", "测序质量评估"]	["WES", "WGS", "bulk_RNA", "sc-RNA"]		[{"semantic_format": "RAW_PAIRED_END_R1_FASTQ", "data_desc": "原始双端测序数据（R1）", "count": 1180, "study": "HRA001272", "project_name": "Integrated genomic and transcriptomic profiling dissects spatiotemporal evolution of metastatic hepatocellular carcinoma", "tumor_subtype": "Hepatocellular carcinoma"}, {"semantic_format": "RAW_PAIRED_END_R2_FASTQ", "data_desc": "原始双端测序数据（R2）", "count": 1180, "study": "HRA001272", "project_name": "Integrated genomic and transcriptomic profiling dissects spatiotemporal evolution of metastatic hepatocellular carcinoma", "tumor_subtype": "Hepatocellular carcinoma"}]
class300357	class3_data_tool_recommend	single_tool	单细胞比对与定量	T003	cellranger_workflow	HRA007167	Multi-omics of acral melanoma	Acral melanoma	项目Multi-omics of acral melanoma中要做单细胞比对与定量，需要哪些数据、用什么工具？	完成单细胞比对与定量需要数据：基因组比对 BAM 数据、原始单端测序数据；推荐工具 cellranger_workflow。图谱中项目 Multi-omics of acral melanoma 的 HRA007167（癌种：Acral melanoma）存在这些数据，共 553 个匹配文件（文件引用已脱敏）。	["DNA_GENOMIC_ALIGNMENT_BAM", "RAW_SINGLE_END_FASTQ"]	[]	["单细胞比对与定量", "可视化与报告", "测序质量评估"]	["bulk_RNA", "sc-RNA"]		[{"semantic_format": "RNA_TRANSCRIPTOME_ALIGNMENT_BAM", "data_desc": "转录组比对 BAM 数据", "count": 391, "study": "HRA007167", "project_name": "Multi-omics of acral melanoma", "tumor_subtype": "Acral melanoma"}, {"semantic_format": "RAW_PAIRED_END_R1_FASTQ", "data_desc": "原始双端测序数据（R1）", "count": 81, "study": "HRA007167", "project_name": "Multi-omics of acral melanoma", "tumor_subtype": "Acral melanoma"}, {"semantic_format": "RAW_PAIRED_END_R2_FASTQ", "data_desc": "原始双端测序数据（R2）", "count": 81, "study": "HRA007167", "project_name": "Multi-omics of acral melanoma", "tumor_subtype": "Acral melanoma"}]
class300358	class3_data_tool_recommend	single_tool	接头与低质量序列修剪	T004	trim_galore	HRA006117	Aging and leukemia	Acute Myeloid Leukemia	目标是接头与低质量序列修剪，应该选择什么数据和什么工具？	完成接头与低质量序列修剪需要数据：原始双端测序数据（R1）、原始双端测序数据（R2）；推荐工具 trim_galore。图谱中项目 Aging and leukemia 的 HRA006117（癌种：Acute Myeloid Leukemia）存在这些数据，共 1670 个匹配文件（文件引用已脱敏）。	["RAW_PAIRED_END_R1_FASTQ", "RAW_PAIRED_END_R2_FASTQ"]	[]	["接头与低质量序列修剪"]	["bulk_RNA"]		[{"semantic_format": "RAW_PAIRED_END_R1_FASTQ", "data_desc": "原始双端测序数据（R1）", "count": 835, "study": "HRA006117", "project_name": "Aging and leukemia", "tumor_subtype": "Acute Myeloid Leukemia"}, {"semantic_format": "RAW_PAIRED_END_R2_FASTQ", "data_desc": "原始双端测序数据（R2）", "count": 835, "study": "HRA006117", "project_name": "Aging and leukemia", "tumor_subtype": "Acute Myeloid Leukemia"}]
class300359	class3_data_tool_recommend	single_tool	RNA序列比对	T005	star	HRA006117	Aging and leukemia	Acute Myeloid Leukemia	完成RNA序列比对需要的数据和工具分别是什么？	完成RNA序列比对需要数据：原始双端测序数据（R1）、原始双端测序数据（R2）；推荐工具 star（另需公共参考资源：参考基因组 FASTA）。图谱中项目 Aging and leukemia 的 HRA006117（癌种：Acute Myeloid Leukemia）存在这些数据，共 1670 个匹配文件（文件引用已脱敏）。	["RAW_PAIRED_END_R1_FASTQ", "RAW_PAIRED_END_R2_FASTQ"]	["REFERENCE_GENOME_FASTA"]	["RNA序列比对"]	["bulk_RNA"]		[{"semantic_format": "RAW_PAIRED_END_R1_FASTQ", "data_desc": "原始双端测序数据（R1）", "count": 835, "study": "HRA006117", "project_name": "Aging and leukemia", "tumor_subtype": "Acute Myeloid Leukemia"}, {"semantic_format": "RAW_PAIRED_END_R2_FASTQ", "data_desc": "原始双端测序数据（R2）", "count": 835, "study": "HRA006117", "project_name": "Aging and leukemia", "tumor_subtype": "Acute Myeloid Leukemia"}]
class300360	class3_data_tool_recommend	single_tool	DNA序列比对	T006	bwa	HRA016026	Multi-omics Landscape of Central Nervous System Tumors	Lung Cancer	我想完成DNA序列比对，需要什么数据、应该用什么工具？	完成DNA序列比对需要数据：原始双端测序数据（R1）、原始双端测序数据（R2）；推荐工具 bwa（另需公共参考资源：参考基因组 FASTA）。图谱中项目 Multi-omics Landscape of Central Nervous System Tumors 的 HRA016026（癌种：Lung Cancer）存在这些数据，共 2768 个匹配文件（文件引用已脱敏）。	["RAW_PAIRED_END_R1_FASTQ", "RAW_PAIRED_END_R2_FASTQ"]	["REFERENCE_GENOME_FASTA"]	["DNA序列比对"]	["WES"]		[{"semantic_format": "RAW_PAIRED_END_R1_FASTQ", "data_desc": "原始双端测序数据（R1）", "count": 1384, "study": "HRA016026", "project_name": "Multi-omics Landscape of Central Nervous System Tumors", "tumor_subtype": "Lung Cancer"}, {"semantic_format": "RAW_PAIRED_END_R2_FASTQ", "data_desc": "原始双端测序数据（R2）", "count": 1384, "study": "HRA016026", "project_name": "Multi-omics Landscape of Central Nervous System Tumors", "tumor_subtype": "Lung Cancer"}]
class300361	class3_data_tool_recommend	single_tool	比对后处理与去重	T007	samtools	HRA002693	Multi-center RNA sequencing analysis for acute myeloid leukemia	Acute Myeloid Leukemia	要完成比对后处理与去重，需要准备哪些数据、推荐哪个工具？	完成比对后处理与去重需要数据：基因组比对 BAM 数据；推荐工具 samtools。图谱中项目 Multi-center RNA sequencing analysis for acute myeloid leukemia 的 HRA002693（癌种：Acute Myeloid Leukemia）存在这些数据，共 442 个匹配文件（文件引用已脱敏）。	["DNA_GENOMIC_ALIGNMENT_BAM"]	[]	["比对后处理与去重"]	["WES", "WGS", "bulk_RNA"]		[{"semantic_format": "RNA_TRANSCRIPTOME_ALIGNMENT_BAM", "data_desc": "转录组比对 BAM 数据", "count": 442, "study": "HRA002693", "project_name": "Multi-center RNA sequencing analysis for acute myeloid leukemia", "tumor_subtype": "Acute Myeloid Leukemia"}]
class300362	class3_data_tool_recommend	single_tool	体细胞变异检测	T008	gatk	HRA016026	Multi-omics Landscape of Central Nervous System Tumors	Lung Cancer	项目Multi-omics Landscape of Central Nervous System Tumors中要做体细胞变异检测，需要哪些数据、用什么工具？	完成体细胞变异检测需要数据：基因组比对 BAM 数据；推荐工具 gatk（另需公共参考资源：参考基因组 FASTA、目标区间列表）。图谱中项目 Multi-omics Landscape of Central Nervous System Tumors 的 HRA016026（癌种：Lung Cancer）存在这些数据，共 700 个匹配文件（文件引用已脱敏）。	["DNA_GENOMIC_ALIGNMENT_BAM"]	["REFERENCE_GENOME_FASTA", "TARGET_INTERVAL_LIST"]	["体细胞变异检测", "变异质量校正"]	["WES"]		[{"semantic_format": "DNA_ALIGNMENT_BQSR_BAM", "data_desc": "碱基质量校正后的比对 BAM 数据", "count": 700, "study": "HRA016026", "project_name": "Multi-omics Landscape of Central Nervous System Tumors", "tumor_subtype": "Lung Cancer"}]
class300363	class3_data_tool_recommend	single_tool	表达定量	T011	rsem	HRA007413	Multi-omics research of acute myeloid leukemia	Acute Myeloid Leukemia	目标是表达定量，应该选择什么数据和什么工具？	完成表达定量需要数据：转录组比对 BAM 数据；推荐工具 rsem。图谱中项目 Multi-omics research of acute myeloid leukemia 的 HRA007413（癌种：Acute Myeloid Leukemia）存在这些数据，共 3 个匹配文件（文件引用已脱敏）。	["RNA_TRANSCRIPTOME_ALIGNMENT_BAM"]	[]	["表达定量"]	["bulk_RNA"]		[{"semantic_format": "RNA_TRANSCRIPTOME_ALIGNMENT_BAM", "data_desc": "转录组比对 BAM 数据", "count": 3, "study": "HRA007413", "project_name": "Multi-omics research of acute myeloid leukemia", "tumor_subtype": "Acute Myeloid Leukemia"}]
class300364	class3_data_tool_recommend	single_tool	表达定量	T012	featurecounts	HRA007167	Multi-omics of acral melanoma	Acral melanoma	完成表达定量需要的数据和工具分别是什么？	完成表达定量需要数据：基因组比对 BAM 数据；推荐工具 featurecounts。图谱中项目 Multi-omics of acral melanoma 的 HRA007167（癌种：Acral melanoma）存在这些数据，共 391 个匹配文件（文件引用已脱敏）。	["DNA_GENOMIC_ALIGNMENT_BAM"]	[]	["表达定量"]	["bulk_RNA"]		[{"semantic_format": "RNA_TRANSCRIPTOME_ALIGNMENT_BAM", "data_desc": "转录组比对 BAM 数据", "count": 391, "study": "HRA007167", "project_name": "Multi-omics of acral melanoma", "tumor_subtype": "Acral melanoma"}]
class300365	class3_data_tool_recommend	single_tool	功能富集分析	T014	diff_expr_go	HRA006117	Aging and leukemia	Acute Myeloid Leukemia	我想完成功能富集分析，需要什么数据、应该用什么工具？	完成功能富集分析需要数据：基因表达矩阵/表格数据；推荐工具 diff_expr_go。图谱中项目 Aging and leukemia 的 HRA006117（癌种：Acute Myeloid Leukemia）存在这些数据，共 3 个匹配文件（文件引用已脱敏）。	["TABULAR_BIO_DATA"]	[]	["功能富集分析", "差异表达分析"]	["bulk_RNA"]		[{"semantic_format": "TABULAR_BIO_DATA", "data_desc": "基因表达矩阵/表格数据", "count": 3, "study": "HRA006117", "project_name": "Aging and leukemia", "tumor_subtype": "Acute Myeloid Leukemia"}]
class300366	class3_data_tool_recommend	single_tool	功能富集分析	T015	diff_expr_kegg	HRA006117	Aging and leukemia	Acute Myeloid Leukemia	要完成功能富集分析，需要准备哪些数据、推荐哪个工具？	完成功能富集分析需要数据：基因表达矩阵/表格数据；推荐工具 diff_expr_kegg。图谱中项目 Aging and leukemia 的 HRA006117（癌种：Acute Myeloid Leukemia）存在这些数据，共 3 个匹配文件（文件引用已脱敏）。	["TABULAR_BIO_DATA"]	[]	["功能富集分析", "差异表达分析"]	["bulk_RNA"]		[{"semantic_format": "TABULAR_BIO_DATA", "data_desc": "基因表达矩阵/表格数据", "count": 3, "study": "HRA006117", "project_name": "Aging and leukemia", "tumor_subtype": "Acute Myeloid Leukemia"}]
class300367	class3_data_tool_recommend	single_tool	生存分析	T017	her2_pfs_survival	HRA002693	Multi-center RNA sequencing analysis for acute myeloid leukemia	Acute Myeloid Leukemia	项目Multi-center RNA sequencing analysis for acute myeloid leukemia中要做生存分析，需要哪些数据、用什么工具？	完成生存分析需要数据：临床表型数据、基因表达矩阵/表格数据；推荐工具 her2_pfs_survival。图谱中项目 Multi-center RNA sequencing analysis for acute myeloid leukemia 的 HRA002693（癌种：Acute Myeloid Leukemia）存在这些数据，共 4 个匹配文件（文件引用已脱敏）。	["CLINICAL_DATA_EXCEL", "TABULAR_BIO_DATA"]	[]	["可视化与报告", "生存分析"]	["Clinical", "bulk_RNA"]		[{"semantic_format": "CLINICAL_DATA_EXCEL", "data_desc": "临床表型数据", "count": 1, "study": "HRA002693", "project_name": "Multi-center RNA sequencing analysis for acute myeloid leukemia", "tumor_subtype": "Acute Myeloid Leukemia"}, {"semantic_format": "TABULAR_BIO_DATA", "data_desc": "基因表达矩阵/表格数据", "count": 3, "study": "HRA002693", "project_name": "Multi-center RNA sequencing analysis for acute myeloid leukemia", "tumor_subtype": "Acute Myeloid Leukemia"}]
class300368	class3_data_tool_recommend	single_tool	免疫浸润与微环境分析	T018	immune_infiltration_iobr	HRA002693	Multi-center RNA sequencing analysis for acute myeloid leukemia	Acute Myeloid Leukemia	目标是免疫浸润与微环境分析，应该选择什么数据和什么工具？	完成免疫浸润与微环境分析需要数据：临床表型数据、基因表达矩阵/表格数据；推荐工具 immune_infiltration_iobr。图谱中项目 Multi-center RNA sequencing analysis for acute myeloid leukemia 的 HRA002693（癌种：Acute Myeloid Leukemia）存在这些数据，共 4 个匹配文件（文件引用已脱敏）。	["CLINICAL_DATA_EXCEL", "TABULAR_BIO_DATA"]	[]	["免疫浸润与微环境分析", "可视化与报告"]	["Clinical", "bulk_RNA"]		[{"semantic_format": "CLINICAL_DATA_EXCEL", "data_desc": "临床表型数据", "count": 1, "study": "HRA002693", "project_name": "Multi-center RNA sequencing analysis for acute myeloid leukemia", "tumor_subtype": "Acute Myeloid Leukemia"}, {"semantic_format": "TABULAR_BIO_DATA", "data_desc": "基因表达矩阵/表格数据", "count": 3, "study": "HRA002693", "project_name": "Multi-center RNA sequencing analysis for acute myeloid leukemia", "tumor_subtype": "Acute Myeloid Leukemia"}]
class300369	class3_data_tool_recommend	single_tool	序列格式转换	T019	paired_fastq_to_unmapped_bam	HRA016026	Multi-omics Landscape of Central Nervous System Tumors	Lung Cancer	完成序列格式转换需要的数据和工具分别是什么？	完成序列格式转换需要数据：基因组比对 BAM 数据、原始双端测序数据（R1）、原始双端测序数据（R2）；推荐工具 paired_fastq_to_unmapped_bam。图谱中项目 Multi-omics Landscape of Central Nervous System Tumors 的 HRA016026（癌种：Lung Cancer）存在这些数据，共 3468 个匹配文件（文件引用已脱敏）。	["DNA_GENOMIC_ALIGNMENT_BAM", "RAW_PAIRED_END_R1_FASTQ", "RAW_PAIRED_END_R2_FASTQ"]	[]	["序列格式转换"]	["WES"]		[{"semantic_format": "DNA_ALIGNMENT_BQSR_BAM", "data_desc": "碱基质量校正后的比对 BAM 数据", "count": 700, "study": "HRA016026", "project_name": "Multi-omics Landscape of Central Nervous System Tumors", "tumor_subtype": "Lung Cancer"}, {"semantic_format": "RAW_PAIRED_END_R1_FASTQ", "data_desc": "原始双端测序数据（R1）", "count": 1384, "study": "HRA016026", "project_name": "Multi-omics Landscape of Central Nervous System Tumors", "tumor_subtype": "Lung Cancer"}, {"semantic_format": "RAW_PAIRED_END_R2_FASTQ", "data_desc": "原始双端测序数据（R2）", "count": 1384, "study": "HRA016026", "project_name": "Multi-omics Landscape of Central Nervous System Tumors", "tumor_subtype": "Lung Cancer"}]
class300370	class3_data_tool_recommend	single_tool	无监督聚类分析	T020	rnaseq_unsupervised_cluster	HRA006117	Aging and leukemia	Acute Myeloid Leukemia	我想完成无监督聚类分析，需要什么数据、应该用什么工具？	完成无监督聚类分析需要数据：基因表达矩阵/表格数据；推荐工具 rnaseq_unsupervised_cluster。图谱中项目 Aging and leukemia 的 HRA006117（癌种：Acute Myeloid Leukemia）存在这些数据，共 3 个匹配文件（文件引用已脱敏）。	["TABULAR_BIO_DATA"]	[]	["可视化与报告", "无监督聚类分析"]	["bulk_RNA"]		[{"semantic_format": "TABULAR_BIO_DATA", "data_desc": "基因表达矩阵/表格数据", "count": 3, "study": "HRA006117", "project_name": "Aging and leukemia", "tumor_subtype": "Acute Myeloid Leukemia"}]
class300371	class3_data_tool_recommend	single_tool	共表达网络分析	T024	wgcna	HRA002693	Multi-center RNA sequencing analysis for acute myeloid leukemia	Acute Myeloid Leukemia	要完成共表达网络分析，需要准备哪些数据、推荐哪个工具？	完成共表达网络分析需要数据：临床表型数据、基因表达矩阵/表格数据；推荐工具 wgcna。图谱中项目 Multi-center RNA sequencing analysis for acute myeloid leukemia 的 HRA002693（癌种：Acute Myeloid Leukemia）存在这些数据，共 4 个匹配文件（文件引用已脱敏）。	["CLINICAL_DATA_EXCEL", "TABULAR_BIO_DATA"]	[]	["共表达网络分析"]	["Clinical", "bulk_RNA"]		[{"semantic_format": "CLINICAL_DATA_EXCEL", "data_desc": "临床表型数据", "count": 1, "study": "HRA002693", "project_name": "Multi-center RNA sequencing analysis for acute myeloid leukemia", "tumor_subtype": "Acute Myeloid Leukemia"}, {"semantic_format": "TABULAR_BIO_DATA", "data_desc": "基因表达矩阵/表格数据", "count": 3, "study": "HRA002693", "project_name": "Multi-center RNA sequencing analysis for acute myeloid leukemia", "tumor_subtype": "Acute Myeloid Leukemia"}]
class300372	class3_data_tool_recommend	single_tool	拷贝数变异分析	T028	cnvkit_cnv_clinical	HRA002693	Multi-center RNA sequencing analysis for acute myeloid leukemia	Acute Myeloid Leukemia	项目Multi-center RNA sequencing analysis for acute myeloid leukemia中要做拷贝数变异分析，需要哪些数据、用什么工具？	完成拷贝数变异分析需要数据：基因组比对 BAM 数据；推荐工具 cnvkit_cnv_clinical。图谱中项目 Multi-center RNA sequencing analysis for acute myeloid leukemia 的 HRA002693（癌种：Acute Myeloid Leukemia）存在这些数据，共 442 个匹配文件（文件引用已脱敏）。	["DNA_GENOMIC_ALIGNMENT_BAM"]	[]	["可视化与报告", "拷贝数变异分析"]	["Clinical", "WES", "WGS"]		[{"semantic_format": "RNA_TRANSCRIPTOME_ALIGNMENT_BAM", "data_desc": "转录组比对 BAM 数据", "count": 442, "study": "HRA002693", "project_name": "Multi-center RNA sequencing analysis for acute myeloid leukemia", "tumor_subtype": "Acute Myeloid Leukemia"}]
class300373	class3_data_tool_recommend	single_tool	生存分析	T029	cox_model	HRA002693	Multi-center RNA sequencing analysis for acute myeloid leukemia	Acute Myeloid Leukemia	目标是生存分析，应该选择什么数据和什么工具？	完成生存分析需要数据：临床表型数据、样本元数据、基因表达矩阵/表格数据；推荐工具 cox_model。图谱中项目 Multi-center RNA sequencing analysis for acute myeloid leukemia 的 HRA002693（癌种：Acute Myeloid Leukemia）存在这些数据，共 5 个匹配文件（文件引用已脱敏）。	["CLINICAL_DATA_EXCEL", "METADATA_SAMPLE_INFO", "TABULAR_BIO_DATA"]	[]	["生存分析"]	["Clinical", "bulk_RNA"]		[{"semantic_format": "CLINICAL_DATA_EXCEL", "data_desc": "临床表型数据", "count": 1, "study": "HRA002693", "project_name": "Multi-center RNA sequencing analysis for acute myeloid leukemia", "tumor_subtype": "Acute Myeloid Leukemia"}, {"semantic_format": "METADATA_SAMPLE_INFO", "data_desc": "样本元数据", "count": 1, "study": "HRA002693", "project_name": "Multi-center RNA sequencing analysis for acute myeloid leukemia", "tumor_subtype": "Acute Myeloid Leukemia"}, {"semantic_format": "TABULAR_BIO_DATA", "data_desc": "基因表达矩阵/表格数据", "count": 3, "study": "HRA002693", "project_name": "Multi-center RNA sequencing analysis for acute myeloid leukemia", "tumor_subtype": "Acute Myeloid Leukemia"}]
class300374	class3_data_tool_recommend	single_tool	功能富集分析	T032	de_enrichment	HRA002693	Multi-center RNA sequencing analysis for acute myeloid leukemia	Acute Myeloid Leukemia	完成功能富集分析需要的数据和工具分别是什么？	完成功能富集分析需要数据：临床表型数据、样本元数据、基因表达矩阵/表格数据；推荐工具 de_enrichment。图谱中项目 Multi-center RNA sequencing analysis for acute myeloid leukemia 的 HRA002693（癌种：Acute Myeloid Leukemia）存在这些数据，共 5 个匹配文件（文件引用已脱敏）。	["CLINICAL_DATA_EXCEL", "METADATA_SAMPLE_INFO", "TABULAR_BIO_DATA"]	[]	["功能富集分析", "可视化与报告", "差异表达分析"]	["Clinical", "bulk_RNA"]		[{"semantic_format": "CLINICAL_DATA_EXCEL", "data_desc": "临床表型数据", "count": 1, "study": "HRA002693", "project_name": "Multi-center RNA sequencing analysis for acute myeloid leukemia", "tumor_subtype": "Acute Myeloid Leukemia"}, {"semantic_format": "METADATA_SAMPLE_INFO", "data_desc": "样本元数据", "count": 1, "study": "HRA002693", "project_name": "Multi-center RNA sequencing analysis for acute myeloid leukemia", "tumor_subtype": "Acute Myeloid Leukemia"}, {"semantic_format": "TABULAR_BIO_DATA", "data_desc": "基因表达矩阵/表格数据", "count": 3, "study": "HRA002693", "project_name": "Multi-center RNA sequencing analysis for acute myeloid leukemia", "tumor_subtype": "Acute Myeloid Leukemia"}]
class300375	class3_data_tool_recommend	single_tool	功能富集分析	T033	deg_enrichment	HRA002693	Multi-center RNA sequencing analysis for acute myeloid leukemia	Acute Myeloid Leukemia	我想完成功能富集分析，需要什么数据、应该用什么工具？	完成功能富集分析需要数据：临床表型数据、样本元数据、基因表达矩阵/表格数据；推荐工具 deg_enrichment。图谱中项目 Multi-center RNA sequencing analysis for acute myeloid leukemia 的 HRA002693（癌种：Acute Myeloid Leukemia）存在这些数据，共 5 个匹配文件（文件引用已脱敏）。	["CLINICAL_DATA_EXCEL", "METADATA_SAMPLE_INFO", "TABULAR_BIO_DATA"]	[]	["功能富集分析", "差异表达分析"]	["Clinical", "bulk_RNA"]		[{"semantic_format": "CLINICAL_DATA_EXCEL", "data_desc": "临床表型数据", "count": 1, "study": "HRA002693", "project_name": "Multi-center RNA sequencing analysis for acute myeloid leukemia", "tumor_subtype": "Acute Myeloid Leukemia"}, {"semantic_format": "METADATA_SAMPLE_INFO", "data_desc": "样本元数据", "count": 1, "study": "HRA002693", "project_name": "Multi-center RNA sequencing analysis for acute myeloid leukemia", "tumor_subtype": "Acute Myeloid Leukemia"}, {"semantic_format": "TABULAR_BIO_DATA", "data_desc": "基因表达矩阵/表格数据", "count": 3, "study": "HRA002693", "project_name": "Multi-center RNA sequencing analysis for acute myeloid leukemia", "tumor_subtype": "Acute Myeloid Leukemia"}]
class300376	class3_data_tool_recommend	single_tool	差异表达分析	T034	deg_trend	HRA002693	Multi-center RNA sequencing analysis for acute myeloid leukemia	Acute Myeloid Leukemia	要完成差异表达分析，需要准备哪些数据、推荐哪个工具？	完成差异表达分析需要数据：临床表型数据、样本元数据、基因表达矩阵/表格数据；推荐工具 deg_trend。图谱中项目 Multi-center RNA sequencing analysis for acute myeloid leukemia 的 HRA002693（癌种：Acute Myeloid Leukemia）存在这些数据，共 5 个匹配文件（文件引用已脱敏）。	["CLINICAL_DATA_EXCEL", "METADATA_SAMPLE_INFO", "TABULAR_BIO_DATA"]	[]	["可视化与报告", "差异表达分析"]	["Clinical", "bulk_RNA"]		[{"semantic_format": "CLINICAL_DATA_EXCEL", "data_desc": "临床表型数据", "count": 1, "study": "HRA002693", "project_name": "Multi-center RNA sequencing analysis for acute myeloid leukemia", "tumor_subtype": "Acute Myeloid Leukemia"}, {"semantic_format": "METADATA_SAMPLE_INFO", "data_desc": "样本元数据", "count": 1, "study": "HRA002693", "project_name": "Multi-center RNA sequencing analysis for acute myeloid leukemia", "tumor_subtype": "Acute Myeloid Leukemia"}, {"semantic_format": "TABULAR_BIO_DATA", "data_desc": "基因表达矩阵/表格数据", "count": 3, "study": "HRA002693", "project_name": "Multi-center RNA sequencing analysis for acute myeloid leukemia", "tumor_subtype": "Acute Myeloid Leukemia"}]
class300377	class3_data_tool_recommend	single_tool	可视化与报告	T035	gene_boxplot	HRA002693	Multi-center RNA sequencing analysis for acute myeloid leukemia	Acute Myeloid Leukemia	项目Multi-center RNA sequencing analysis for acute myeloid leukemia中要做可视化与报告，需要哪些数据、用什么工具？	完成可视化与报告需要数据：临床表型数据、样本元数据、基因表达矩阵/表格数据；推荐工具 gene_boxplot。图谱中项目 Multi-center RNA sequencing analysis for acute myeloid leukemia 的 HRA002693（癌种：Acute Myeloid Leukemia）存在这些数据，共 5 个匹配文件（文件引用已脱敏）。	["CLINICAL_DATA_EXCEL", "METADATA_SAMPLE_INFO", "TABULAR_BIO_DATA"]	[]	["可视化与报告"]	["Clinical", "bulk_RNA"]		[{"semantic_format": "CLINICAL_DATA_EXCEL", "data_desc": "临床表型数据", "count": 1, "study": "HRA002693", "project_name": "Multi-center RNA sequencing analysis for acute myeloid leukemia", "tumor_subtype": "Acute Myeloid Leukemia"}, {"semantic_format": "METADATA_SAMPLE_INFO", "data_desc": "样本元数据", "count": 1, "study": "HRA002693", "project_name": "Multi-center RNA sequencing analysis for acute myeloid leukemia", "tumor_subtype": "Acute Myeloid Leukemia"}, {"semantic_format": "TABULAR_BIO_DATA", "data_desc": "基因表达矩阵/表格数据", "count": 3, "study": "HRA002693", "project_name": "Multi-center RNA sequencing analysis for acute myeloid leukemia", "tumor_subtype": "Acute Myeloid Leukemia"}]
class300378	class3_data_tool_recommend	single_tool	功能富集分析	T036	gsea_pathway_enrichment	HRA002693	Multi-center RNA sequencing analysis for acute myeloid leukemia	Acute Myeloid Leukemia	目标是功能富集分析，应该选择什么数据和什么工具？	完成功能富集分析需要数据：基因表达矩阵/表格数据；推荐工具 gsea_pathway_enrichment。图谱中项目 Multi-center RNA sequencing analysis for acute myeloid leukemia 的 HRA002693（癌种：Acute Myeloid Leukemia）存在这些数据，共 3 个匹配文件（文件引用已脱敏）。	["TABULAR_BIO_DATA"]	[]	["功能富集分析"]	["Clinical", "bulk_RNA"]		[{"semantic_format": "TABULAR_BIO_DATA", "data_desc": "基因表达矩阵/表格数据", "count": 3, "study": "HRA002693", "project_name": "Multi-center RNA sequencing analysis for acute myeloid leukemia", "tumor_subtype": "Acute Myeloid Leukemia"}]
class300379	class3_data_tool_recommend	single_tool	生存分析	T040	km_survival	HRA002693	Multi-center RNA sequencing analysis for acute myeloid leukemia	Acute Myeloid Leukemia	完成生存分析需要的数据和工具分别是什么？	完成生存分析需要数据：临床表型数据、样本元数据、基因表达矩阵/表格数据；推荐工具 km_survival。图谱中项目 Multi-center RNA sequencing analysis for acute myeloid leukemia 的 HRA002693（癌种：Acute Myeloid Leukemia）存在这些数据，共 5 个匹配文件（文件引用已脱敏）。	["CLINICAL_DATA_EXCEL", "METADATA_SAMPLE_INFO", "TABULAR_BIO_DATA"]	[]	["可视化与报告", "生存分析"]	["Clinical", "bulk_RNA"]		[{"semantic_format": "CLINICAL_DATA_EXCEL", "data_desc": "临床表型数据", "count": 1, "study": "HRA002693", "project_name": "Multi-center RNA sequencing analysis for acute myeloid leukemia", "tumor_subtype": "Acute Myeloid Leukemia"}, {"semantic_format": "METADATA_SAMPLE_INFO", "data_desc": "样本元数据", "count": 1, "study": "HRA002693", "project_name": "Multi-center RNA sequencing analysis for acute myeloid leukemia", "tumor_subtype": "Acute Myeloid Leukemia"}, {"semantic_format": "TABULAR_BIO_DATA", "data_desc": "基因表达矩阵/表格数据", "count": 3, "study": "HRA002693", "project_name": "Multi-center RNA sequencing analysis for acute myeloid leukemia", "tumor_subtype": "Acute Myeloid Leukemia"}]
class300380	class3_data_tool_recommend	single_tool	表达矩阵预处理与归一化	T042	preprocess_counts	HRA006117	Aging and leukemia	Acute Myeloid Leukemia	我想完成表达矩阵预处理与归一化，需要什么数据、应该用什么工具？	完成表达矩阵预处理与归一化需要数据：基因表达矩阵/表格数据；推荐工具 preprocess_counts。图谱中项目 Aging and leukemia 的 HRA006117（癌种：Acute Myeloid Leukemia）存在这些数据，共 3 个匹配文件（文件引用已脱敏）。	["TABULAR_BIO_DATA"]	[]	["表达矩阵预处理与归一化"]	["bulk_RNA"]		[{"semantic_format": "TABULAR_BIO_DATA", "data_desc": "基因表达矩阵/表格数据", "count": 3, "study": "HRA006117", "project_name": "Aging and leukemia", "tumor_subtype": "Acute Myeloid Leukemia"}]
class300381	class3_data_tool_recommend	single_tool	可变剪接分析	T043	rmats_alternative_splicing	HRA007413	Multi-omics research of acute myeloid leukemia	Acute Myeloid Leukemia	要完成可变剪接分析，需要准备哪些数据、推荐哪个工具？	完成可变剪接分析需要数据：转录组比对 BAM 数据；推荐工具 rmats_alternative_splicing（另需公共参考资源：参考基因组 FASTA）。图谱中项目 Multi-omics research of acute myeloid leukemia 的 HRA007413（癌种：Acute Myeloid Leukemia）存在这些数据，共 3 个匹配文件（文件引用已脱敏）。	["RNA_TRANSCRIPTOME_ALIGNMENT_BAM"]	["REFERENCE_GENOME_FASTA"]	["可变剪接分析"]	["bulk_RNA"]		[{"semantic_format": "RNA_TRANSCRIPTOME_ALIGNMENT_BAM", "data_desc": "转录组比对 BAM 数据", "count": 3, "study": "HRA007413", "project_name": "Multi-omics research of acute myeloid leukemia", "tumor_subtype": "Acute Myeloid Leukemia"}]
class300382	class3_data_tool_recommend	single_tool	RNA序列比对	T044	rnaseq_singletask	HRA006117	Aging and leukemia	Acute Myeloid Leukemia	项目Aging and leukemia中要做RNA序列比对，需要哪些数据、用什么工具？	完成RNA序列比对需要数据：原始双端测序数据（R1）、原始双端测序数据（R2）；推荐工具 rnaseq_singletask（另需公共参考资源：参考基因组 FASTA）。图谱中项目 Aging and leukemia 的 HRA006117（癌种：Acute Myeloid Leukemia）存在这些数据，共 1670 个匹配文件（文件引用已脱敏）。	["RAW_PAIRED_END_R1_FASTQ", "RAW_PAIRED_END_R2_FASTQ"]	["REFERENCE_GENOME_FASTA"]	["RNA序列比对", "接头与低质量序列修剪", "测序质量评估", "表达定量"]	["bulk_RNA"]		[{"semantic_format": "RAW_PAIRED_END_R1_FASTQ", "data_desc": "原始双端测序数据（R1）", "count": 835, "study": "HRA006117", "project_name": "Aging and leukemia", "tumor_subtype": "Acute Myeloid Leukemia"}, {"semantic_format": "RAW_PAIRED_END_R2_FASTQ", "data_desc": "原始双端测序数据（R2）", "count": 835, "study": "HRA006117", "project_name": "Aging and leukemia", "tumor_subtype": "Acute Myeloid Leukemia"}]
class300383	class3_data_tool_recommend	single_tool	可视化与报告	T046	stage_heatmap	HRA002693	Multi-center RNA sequencing analysis for acute myeloid leukemia	Acute Myeloid Leukemia	目标是可视化与报告，应该选择什么数据和什么工具？	完成可视化与报告需要数据：临床表型数据、样本元数据、基因表达矩阵/表格数据；推荐工具 stage_heatmap。图谱中项目 Multi-center RNA sequencing analysis for acute myeloid leukemia 的 HRA002693（癌种：Acute Myeloid Leukemia）存在这些数据，共 5 个匹配文件（文件引用已脱敏）。	["CLINICAL_DATA_EXCEL", "METADATA_SAMPLE_INFO", "TABULAR_BIO_DATA"]	[]	["可视化与报告"]	["Clinical", "bulk_RNA"]		[{"semantic_format": "CLINICAL_DATA_EXCEL", "data_desc": "临床表型数据", "count": 1, "study": "HRA002693", "project_name": "Multi-center RNA sequencing analysis for acute myeloid leukemia", "tumor_subtype": "Acute Myeloid Leukemia"}, {"semantic_format": "METADATA_SAMPLE_INFO", "data_desc": "样本元数据", "count": 1, "study": "HRA002693", "project_name": "Multi-center RNA sequencing analysis for acute myeloid leukemia", "tumor_subtype": "Acute Myeloid Leukemia"}, {"semantic_format": "TABULAR_BIO_DATA", "data_desc": "基因表达矩阵/表格数据", "count": 3, "study": "HRA002693", "project_name": "Multi-center RNA sequencing analysis for acute myeloid leukemia", "tumor_subtype": "Acute Myeloid Leukemia"}]
class300384	class3_data_tool_recommend	single_tool	可视化与报告	T048	umap	HRA002693	Multi-center RNA sequencing analysis for acute myeloid leukemia	Acute Myeloid Leukemia	完成可视化与报告需要的数据和工具分别是什么？	完成可视化与报告需要数据：临床表型数据、样本元数据、基因表达矩阵/表格数据；推荐工具 umap。图谱中项目 Multi-center RNA sequencing analysis for acute myeloid leukemia 的 HRA002693（癌种：Acute Myeloid Leukemia）存在这些数据，共 5 个匹配文件（文件引用已脱敏）。	["CLINICAL_DATA_EXCEL", "METADATA_SAMPLE_INFO", "TABULAR_BIO_DATA"]	[]	["可视化与报告"]	["Clinical", "bulk_RNA"]		[{"semantic_format": "CLINICAL_DATA_EXCEL", "data_desc": "临床表型数据", "count": 1, "study": "HRA002693", "project_name": "Multi-center RNA sequencing analysis for acute myeloid leukemia", "tumor_subtype": "Acute Myeloid Leukemia"}, {"semantic_format": "METADATA_SAMPLE_INFO", "data_desc": "样本元数据", "count": 1, "study": "HRA002693", "project_name": "Multi-center RNA sequencing analysis for acute myeloid leukemia", "tumor_subtype": "Acute Myeloid Leukemia"}, {"semantic_format": "TABULAR_BIO_DATA", "data_desc": "基因表达矩阵/表格数据", "count": 3, "study": "HRA002693", "project_name": "Multi-center RNA sequencing analysis for acute myeloid leukemia", "tumor_subtype": "Acute Myeloid Leukemia"}]
class300385	class3_data_tool_recommend	single_tool	共表达网络分析	T050	wgcna_hub	HRA002693	Multi-center RNA sequencing analysis for acute myeloid leukemia	Acute Myeloid Leukemia	我想完成共表达网络分析，需要什么数据、应该用什么工具？	完成共表达网络分析需要数据：临床表型数据、样本元数据、基因表达矩阵/表格数据；推荐工具 wgcna_hub。图谱中项目 Multi-center RNA sequencing analysis for acute myeloid leukemia 的 HRA002693（癌种：Acute Myeloid Leukemia）存在这些数据，共 5 个匹配文件（文件引用已脱敏）。	["CLINICAL_DATA_EXCEL", "METADATA_SAMPLE_INFO", "TABULAR_BIO_DATA"]	[]	["共表达网络分析"]	["Clinical", "bulk_RNA"]		[{"semantic_format": "CLINICAL_DATA_EXCEL", "data_desc": "临床表型数据", "count": 1, "study": "HRA002693", "project_name": "Multi-center RNA sequencing analysis for acute myeloid leukemia", "tumor_subtype": "Acute Myeloid Leukemia"}, {"semantic_format": "METADATA_SAMPLE_INFO", "data_desc": "样本元数据", "count": 1, "study": "HRA002693", "project_name": "Multi-center RNA sequencing analysis for acute myeloid leukemia", "tumor_subtype": "Acute Myeloid Leukemia"}, {"semantic_format": "TABULAR_BIO_DATA", "data_desc": "基因表达矩阵/表格数据", "count": 3, "study": "HRA002693", "project_name": "Multi-center RNA sequencing analysis for acute myeloid leukemia", "tumor_subtype": "Acute Myeloid Leukemia"}]
class300386	class3_data_tool_recommend	single_tool	共表达网络分析	T051	wgcna_module_trait	HRA002693	Multi-center RNA sequencing analysis for acute myeloid leukemia	Acute Myeloid Leukemia	要完成共表达网络分析，需要准备哪些数据、推荐哪个工具？	完成共表达网络分析需要数据：临床表型数据、样本元数据、基因表达矩阵/表格数据；推荐工具 wgcna_module_trait。图谱中项目 Multi-center RNA sequencing analysis for acute myeloid leukemia 的 HRA002693（癌种：Acute Myeloid Leukemia）存在这些数据，共 5 个匹配文件（文件引用已脱敏）。	["CLINICAL_DATA_EXCEL", "METADATA_SAMPLE_INFO", "TABULAR_BIO_DATA"]	[]	["共表达网络分析"]	["Clinical", "bulk_RNA"]		[{"semantic_format": "CLINICAL_DATA_EXCEL", "data_desc": "临床表型数据", "count": 1, "study": "HRA002693", "project_name": "Multi-center RNA sequencing analysis for acute myeloid leukemia", "tumor_subtype": "Acute Myeloid Leukemia"}, {"semantic_format": "METADATA_SAMPLE_INFO", "data_desc": "样本元数据", "count": 1, "study": "HRA002693", "project_name": "Multi-center RNA sequencing analysis for acute myeloid leukemia", "tumor_subtype": "Acute Myeloid Leukemia"}, {"semantic_format": "TABULAR_BIO_DATA", "data_desc": "基因表达矩阵/表格数据", "count": 3, "study": "HRA002693", "project_name": "Multi-center RNA sequencing analysis for acute myeloid leukemia", "tumor_subtype": "Acute Myeloid Leukemia"}]
class300387	class3_data_tool_recommend	single_tool	结构变异检测	T053	manta_structural_variants	HRA007169	Multi-omics of acral melanoma	Acral melanoma	项目Multi-omics of acral melanoma中要做结构变异检测，需要哪些数据、用什么工具？	完成结构变异检测需要数据：基因组比对 BAM 数据；推荐工具 manta_structural_variants（另需公共参考资源：参考基因组 FASTA）。图谱中项目 Multi-omics of acral melanoma 的 HRA007169（癌种：Acral melanoma）存在这些数据，共 168 个匹配文件（文件引用已脱敏）。	["DNA_GENOMIC_ALIGNMENT_BAM"]	["REFERENCE_GENOME_FASTA"]	["结构变异检测"]	["WES", "WGS"]		[{"semantic_format": "DNA_ALIGNMENT_BQSR_BAM", "data_desc": "碱基质量校正后的比对 BAM 数据", "count": 168, "study": "HRA007169", "project_name": "Multi-omics of acral melanoma", "tumor_subtype": "Acral melanoma"}]
class300388	class3_data_tool_recommend	single_tool	基因融合检测	T054	star_fusion	HRA001748	scRNA-seq of liver cancer	Liver Cancer	目标是基因融合检测，应该选择什么数据和什么工具？	完成基因融合检测需要数据：样本元数据、原始双端测序数据（R1）、原始双端测序数据（R2）；推荐工具 star_fusion。图谱中项目 scRNA-seq of liver cancer 的 HRA001748（癌种：Liver Cancer）存在这些数据，共 322 个匹配文件（文件引用已脱敏）。	["METADATA_SAMPLE_INFO", "RAW_PAIRED_END_R1_FASTQ", "RAW_PAIRED_END_R2_FASTQ"]	[]	["基因融合检测"]	["Clinical", "bulk_RNA"]		[{"semantic_format": "METADATA_SAMPLE_INFO", "data_desc": "样本元数据", "count": 2, "study": "HRA001748", "project_name": "scRNA-seq of liver cancer", "tumor_subtype": "Liver Cancer"}, {"semantic_format": "RAW_PAIRED_END_R1_FASTQ", "data_desc": "原始双端测序数据（R1）", "count": 160, "study": "HRA001748", "project_name": "scRNA-seq of liver cancer", "tumor_subtype": "Liver Cancer"}, {"semantic_format": "RAW_PAIRED_END_R2_FASTQ", "data_desc": "原始双端测序数据（R2）", "count": 160, "study": "HRA001748", "project_name": "scRNA-seq of liver cancer", "tumor_subtype": "Liver Cancer"}]
class300389	class3_data_tool_recommend	single_tool	测序质量评估	T002	fastqc	HRA001748	scRNA-seq of liver cancer	Liver Cancer	完成测序质量评估需要的数据和工具分别是什么？	完成测序质量评估需要数据：原始单端测序数据；推荐工具 fastqc。图谱中项目 scRNA-seq of liver cancer 的 HRA001748（癌种：Liver Cancer）存在这些数据，共 320 个匹配文件（文件引用已脱敏）。	["RAW_SINGLE_END_FASTQ"]	[]	["可视化与报告", "测序质量评估"]	["WES", "WGS", "bulk_RNA", "sc-RNA"]		[{"semantic_format": "RAW_PAIRED_END_R1_FASTQ", "data_desc": "原始双端测序数据（R1）", "count": 160, "study": "HRA001748", "project_name": "scRNA-seq of liver cancer", "tumor_subtype": "Liver Cancer"}, {"semantic_format": "RAW_PAIRED_END_R2_FASTQ", "data_desc": "原始双端测序数据（R2）", "count": 160, "study": "HRA001748", "project_name": "scRNA-seq of liver cancer", "tumor_subtype": "Liver Cancer"}]
class300390	class3_data_tool_recommend	single_tool	单细胞比对与定量	T003	cellranger_workflow	HRA007413	Multi-omics research of acute myeloid leukemia	Acute Myeloid Leukemia	我想完成单细胞比对与定量，需要什么数据、应该用什么工具？	完成单细胞比对与定量需要数据：基因组比对 BAM 数据、原始单端测序数据；推荐工具 cellranger_workflow。图谱中项目 Multi-omics research of acute myeloid leukemia 的 HRA007413（癌种：Acute Myeloid Leukemia）存在这些数据，共 1471 个匹配文件（文件引用已脱敏）。	["DNA_GENOMIC_ALIGNMENT_BAM", "RAW_SINGLE_END_FASTQ"]	[]	["单细胞比对与定量", "可视化与报告", "测序质量评估"]	["bulk_RNA", "sc-RNA"]		[{"semantic_format": "RNA_TRANSCRIPTOME_ALIGNMENT_BAM", "data_desc": "转录组比对 BAM 数据", "count": 3, "study": "HRA007413", "project_name": "Multi-omics research of acute myeloid leukemia", "tumor_subtype": "Acute Myeloid Leukemia"}, {"semantic_format": "RAW_PAIRED_END_R1_FASTQ", "data_desc": "原始双端测序数据（R1）", "count": 734, "study": "HRA007413", "project_name": "Multi-omics research of acute myeloid leukemia", "tumor_subtype": "Acute Myeloid Leukemia"}, {"semantic_format": "RAW_PAIRED_END_R2_FASTQ", "data_desc": "原始双端测序数据（R2）", "count": 734, "study": "HRA007413", "project_name": "Multi-omics research of acute myeloid leukemia", "tumor_subtype": "Acute Myeloid Leukemia"}]
class300391	class3_data_tool_recommend	single_tool	接头与低质量序列修剪	T004	trim_galore	HRA006499	Pharmacogenomic profiling of intra-tumor heterogeneity by a large organoid biobank of liver cancer	Liver Cancer	要完成接头与低质量序列修剪，需要准备哪些数据、推荐哪个工具？	完成接头与低质量序列修剪需要数据：原始双端测序数据（R1）、原始双端测序数据（R2）；推荐工具 trim_galore。图谱中项目 Pharmacogenomic profiling of intra-tumor heterogeneity by a large organoid biobank of liver cancer 的 HRA006499（癌种：Liver Cancer）存在这些数据，共 1526 个匹配文件（文件引用已脱敏）。	["RAW_PAIRED_END_R1_FASTQ", "RAW_PAIRED_END_R2_FASTQ"]	[]	["接头与低质量序列修剪"]	["bulk_RNA"]		[{"semantic_format": "RAW_PAIRED_END_R1_FASTQ", "data_desc": "原始双端测序数据（R1）", "count": 763, "study": "HRA006499", "project_name": "Pharmacogenomic profiling of intra-tumor heterogeneity by a large organoid biobank of liver cancer", "tumor_subtype": "Liver Cancer"}, {"semantic_format": "RAW_PAIRED_END_R2_FASTQ", "data_desc": "原始双端测序数据（R2）", "count": 763, "study": "HRA006499", "project_name": "Pharmacogenomic profiling of intra-tumor heterogeneity by a large organoid biobank of liver cancer", "tumor_subtype": "Liver Cancer"}]
class300392	class3_data_tool_recommend	single_tool	RNA序列比对	T005	star	HRA006499	Pharmacogenomic profiling of intra-tumor heterogeneity by a large organoid biobank of liver cancer	Liver Cancer	项目Pharmacogenomic profiling of intra-tumor heterogeneity by a large organoid biobank of liver cancer中要做RNA序列比对，需要哪些数据、用什么工具？	完成RNA序列比对需要数据：原始双端测序数据（R1）、原始双端测序数据（R2）；推荐工具 star（另需公共参考资源：参考基因组 FASTA）。图谱中项目 Pharmacogenomic profiling of intra-tumor heterogeneity by a large organoid biobank of liver cancer 的 HRA006499（癌种：Liver Cancer）存在这些数据，共 1526 个匹配文件（文件引用已脱敏）。	["RAW_PAIRED_END_R1_FASTQ", "RAW_PAIRED_END_R2_FASTQ"]	["REFERENCE_GENOME_FASTA"]	["RNA序列比对"]	["bulk_RNA"]		[{"semantic_format": "RAW_PAIRED_END_R1_FASTQ", "data_desc": "原始双端测序数据（R1）", "count": 763, "study": "HRA006499", "project_name": "Pharmacogenomic profiling of intra-tumor heterogeneity by a large organoid biobank of liver cancer", "tumor_subtype": "Liver Cancer"}, {"semantic_format": "RAW_PAIRED_END_R2_FASTQ", "data_desc": "原始双端测序数据（R2）", "count": 763, "study": "HRA006499", "project_name": "Pharmacogenomic profiling of intra-tumor heterogeneity by a large organoid biobank of liver cancer", "tumor_subtype": "Liver Cancer"}]
class300393	class3_data_tool_recommend	single_tool	比对后处理与去重	T007	samtools	HRA003107	Multi-omics integrative analysis of esophageal squamous carcinoma	Esophageal Squamous Cell Carcinoma	目标是比对后处理与去重，应该选择什么数据和什么工具？	完成比对后处理与去重需要数据：基因组比对 BAM 数据；推荐工具 samtools。图谱中项目 Multi-omics integrative analysis of esophageal squamous carcinoma 的 HRA003107（癌种：Esophageal Squamous Cell Carcinoma）存在这些数据，共 310 个匹配文件（文件引用已脱敏）。	["DNA_GENOMIC_ALIGNMENT_BAM"]	[]	["比对后处理与去重"]	["WES", "WGS", "bulk_RNA"]		[{"semantic_format": "RNA_TRANSCRIPTOME_ALIGNMENT_BAM", "data_desc": "转录组比对 BAM 数据", "count": 310, "study": "HRA003107", "project_name": "Multi-omics integrative analysis of esophageal squamous carcinoma", "tumor_subtype": "Esophageal Squamous Cell Carcinoma"}]
class300394	class3_data_tool_recommend	single_tool	表达定量	T012	featurecounts	HRA007413	Multi-omics research of acute myeloid leukemia	Acute Myeloid Leukemia	完成表达定量需要的数据和工具分别是什么？	完成表达定量需要数据：基因组比对 BAM 数据；推荐工具 featurecounts。图谱中项目 Multi-omics research of acute myeloid leukemia 的 HRA007413（癌种：Acute Myeloid Leukemia）存在这些数据，共 3 个匹配文件（文件引用已脱敏）。	["DNA_GENOMIC_ALIGNMENT_BAM"]	[]	["表达定量"]	["bulk_RNA"]		[{"semantic_format": "RNA_TRANSCRIPTOME_ALIGNMENT_BAM", "data_desc": "转录组比对 BAM 数据", "count": 3, "study": "HRA007413", "project_name": "Multi-omics research of acute myeloid leukemia", "tumor_subtype": "Acute Myeloid Leukemia"}]
class300395	class3_data_tool_recommend	single_tool	功能富集分析	T014	diff_expr_go	HRA007167	Multi-omics of acral melanoma	Acral melanoma	我想完成功能富集分析，需要什么数据、应该用什么工具？	完成功能富集分析需要数据：基因表达矩阵/表格数据；推荐工具 diff_expr_go。图谱中项目 Multi-omics of acral melanoma 的 HRA007167（癌种：Acral melanoma）存在这些数据，共 3 个匹配文件（文件引用已脱敏）。	["TABULAR_BIO_DATA"]	[]	["功能富集分析", "差异表达分析"]	["bulk_RNA"]		[{"semantic_format": "TABULAR_BIO_DATA", "data_desc": "基因表达矩阵/表格数据", "count": 3, "study": "HRA007167", "project_name": "Multi-omics of acral melanoma", "tumor_subtype": "Acral melanoma"}]
class300396	class3_data_tool_recommend	single_tool	功能富集分析	T015	diff_expr_kegg	HRA007167	Multi-omics of acral melanoma	Acral melanoma	要完成功能富集分析，需要准备哪些数据、推荐哪个工具？	完成功能富集分析需要数据：基因表达矩阵/表格数据；推荐工具 diff_expr_kegg。图谱中项目 Multi-omics of acral melanoma 的 HRA007167（癌种：Acral melanoma）存在这些数据，共 3 个匹配文件（文件引用已脱敏）。	["TABULAR_BIO_DATA"]	[]	["功能富集分析", "差异表达分析"]	["bulk_RNA"]		[{"semantic_format": "TABULAR_BIO_DATA", "data_desc": "基因表达矩阵/表格数据", "count": 3, "study": "HRA007167", "project_name": "Multi-omics of acral melanoma", "tumor_subtype": "Acral melanoma"}]
class300397	class3_data_tool_recommend	single_tool	生存分析	T017	her2_pfs_survival	HRA003107	Multi-omics integrative analysis of esophageal squamous carcinoma	Esophageal Squamous Cell Carcinoma	项目Multi-omics integrative analysis of esophageal squamous carcinoma中要做生存分析，需要哪些数据、用什么工具？	完成生存分析需要数据：临床表型数据、基因表达矩阵/表格数据；推荐工具 her2_pfs_survival。图谱中项目 Multi-omics integrative analysis of esophageal squamous carcinoma 的 HRA003107（癌种：Esophageal Squamous Cell Carcinoma）存在这些数据，共 4 个匹配文件（文件引用已脱敏）。	["CLINICAL_DATA_EXCEL", "TABULAR_BIO_DATA"]	[]	["可视化与报告", "生存分析"]	["Clinical", "bulk_RNA"]		[{"semantic_format": "CLINICAL_DATA_EXCEL", "data_desc": "临床表型数据", "count": 1, "study": "HRA003107", "project_name": "Multi-omics integrative analysis of esophageal squamous carcinoma", "tumor_subtype": "Esophageal Squamous Cell Carcinoma"}, {"semantic_format": "TABULAR_BIO_DATA", "data_desc": "基因表达矩阵/表格数据", "count": 3, "study": "HRA003107", "project_name": "Multi-omics integrative analysis of esophageal squamous carcinoma", "tumor_subtype": "Esophageal Squamous Cell Carcinoma"}]
class300398	class3_data_tool_recommend	single_tool	免疫浸润与微环境分析	T018	immune_infiltration_iobr	HRA003107	Multi-omics integrative analysis of esophageal squamous carcinoma	Esophageal Squamous Cell Carcinoma	目标是免疫浸润与微环境分析，应该选择什么数据和什么工具？	完成免疫浸润与微环境分析需要数据：临床表型数据、基因表达矩阵/表格数据；推荐工具 immune_infiltration_iobr。图谱中项目 Multi-omics integrative analysis of esophageal squamous carcinoma 的 HRA003107（癌种：Esophageal Squamous Cell Carcinoma）存在这些数据，共 4 个匹配文件（文件引用已脱敏）。	["CLINICAL_DATA_EXCEL", "TABULAR_BIO_DATA"]	[]	["免疫浸润与微环境分析", "可视化与报告"]	["Clinical", "bulk_RNA"]		[{"semantic_format": "CLINICAL_DATA_EXCEL", "data_desc": "临床表型数据", "count": 1, "study": "HRA003107", "project_name": "Multi-omics integrative analysis of esophageal squamous carcinoma", "tumor_subtype": "Esophageal Squamous Cell Carcinoma"}, {"semantic_format": "TABULAR_BIO_DATA", "data_desc": "基因表达矩阵/表格数据", "count": 3, "study": "HRA003107", "project_name": "Multi-omics integrative analysis of esophageal squamous carcinoma", "tumor_subtype": "Esophageal Squamous Cell Carcinoma"}]
class300399	class3_data_tool_recommend	single_tool	无监督聚类分析	T020	rnaseq_unsupervised_cluster	HRA007167	Multi-omics of acral melanoma	Acral melanoma	完成无监督聚类分析需要的数据和工具分别是什么？	完成无监督聚类分析需要数据：基因表达矩阵/表格数据；推荐工具 rnaseq_unsupervised_cluster。图谱中项目 Multi-omics of acral melanoma 的 HRA007167（癌种：Acral melanoma）存在这些数据，共 3 个匹配文件（文件引用已脱敏）。	["TABULAR_BIO_DATA"]	[]	["可视化与报告", "无监督聚类分析"]	["bulk_RNA"]		[{"semantic_format": "TABULAR_BIO_DATA", "data_desc": "基因表达矩阵/表格数据", "count": 3, "study": "HRA007167", "project_name": "Multi-omics of acral melanoma", "tumor_subtype": "Acral melanoma"}]
class300400	class3_data_tool_recommend	single_tool	共表达网络分析	T024	wgcna	HRA003107	Multi-omics integrative analysis of esophageal squamous carcinoma	Esophageal Squamous Cell Carcinoma	我想完成共表达网络分析，需要什么数据、应该用什么工具？	完成共表达网络分析需要数据：临床表型数据、基因表达矩阵/表格数据；推荐工具 wgcna。图谱中项目 Multi-omics integrative analysis of esophageal squamous carcinoma 的 HRA003107（癌种：Esophageal Squamous Cell Carcinoma）存在这些数据，共 4 个匹配文件（文件引用已脱敏）。	["CLINICAL_DATA_EXCEL", "TABULAR_BIO_DATA"]	[]	["共表达网络分析"]	["Clinical", "bulk_RNA"]		[{"semantic_format": "CLINICAL_DATA_EXCEL", "data_desc": "临床表型数据", "count": 1, "study": "HRA003107", "project_name": "Multi-omics integrative analysis of esophageal squamous carcinoma", "tumor_subtype": "Esophageal Squamous Cell Carcinoma"}, {"semantic_format": "TABULAR_BIO_DATA", "data_desc": "基因表达矩阵/表格数据", "count": 3, "study": "HRA003107", "project_name": "Multi-omics integrative analysis of esophageal squamous carcinoma", "tumor_subtype": "Esophageal Squamous Cell Carcinoma"}]
class300401	class3_data_tool_recommend	single_tool	拷贝数变异分析	T028	cnvkit_cnv_clinical	HRA003107	Multi-omics integrative analysis of esophageal squamous carcinoma	Esophageal Squamous Cell Carcinoma	要完成拷贝数变异分析，需要准备哪些数据、推荐哪个工具？	完成拷贝数变异分析需要数据：基因组比对 BAM 数据；推荐工具 cnvkit_cnv_clinical。图谱中项目 Multi-omics integrative analysis of esophageal squamous carcinoma 的 HRA003107（癌种：Esophageal Squamous Cell Carcinoma）存在这些数据，共 310 个匹配文件（文件引用已脱敏）。	["DNA_GENOMIC_ALIGNMENT_BAM"]	[]	["可视化与报告", "拷贝数变异分析"]	["Clinical", "WES", "WGS"]		[{"semantic_format": "RNA_TRANSCRIPTOME_ALIGNMENT_BAM", "data_desc": "转录组比对 BAM 数据", "count": 310, "study": "HRA003107", "project_name": "Multi-omics integrative analysis of esophageal squamous carcinoma", "tumor_subtype": "Esophageal Squamous Cell Carcinoma"}]
class300402	class3_data_tool_recommend	single_tool	生存分析	T029	cox_model	HRA003107	Multi-omics integrative analysis of esophageal squamous carcinoma	Esophageal Squamous Cell Carcinoma	项目Multi-omics integrative analysis of esophageal squamous carcinoma中要做生存分析，需要哪些数据、用什么工具？	完成生存分析需要数据：临床表型数据、样本元数据、基因表达矩阵/表格数据；推荐工具 cox_model。图谱中项目 Multi-omics integrative analysis of esophageal squamous carcinoma 的 HRA003107（癌种：Esophageal Squamous Cell Carcinoma）存在这些数据，共 5 个匹配文件（文件引用已脱敏）。	["CLINICAL_DATA_EXCEL", "METADATA_SAMPLE_INFO", "TABULAR_BIO_DATA"]	[]	["生存分析"]	["Clinical", "bulk_RNA"]		[{"semantic_format": "CLINICAL_DATA_EXCEL", "data_desc": "临床表型数据", "count": 1, "study": "HRA003107", "project_name": "Multi-omics integrative analysis of esophageal squamous carcinoma", "tumor_subtype": "Esophageal Squamous Cell Carcinoma"}, {"semantic_format": "METADATA_SAMPLE_INFO", "data_desc": "样本元数据", "count": 1, "study": "HRA003107", "project_name": "Multi-omics integrative analysis of esophageal squamous carcinoma", "tumor_subtype": "Esophageal Squamous Cell Carcinoma"}, {"semantic_format": "TABULAR_BIO_DATA", "data_desc": "基因表达矩阵/表格数据", "count": 3, "study": "HRA003107", "project_name": "Multi-omics integrative analysis of esophageal squamous carcinoma", "tumor_subtype": "Esophageal Squamous Cell Carcinoma"}]
class300403	class3_data_tool_recommend	single_tool	功能富集分析	T032	de_enrichment	HRA003107	Multi-omics integrative analysis of esophageal squamous carcinoma	Esophageal Squamous Cell Carcinoma	目标是功能富集分析，应该选择什么数据和什么工具？	完成功能富集分析需要数据：临床表型数据、样本元数据、基因表达矩阵/表格数据；推荐工具 de_enrichment。图谱中项目 Multi-omics integrative analysis of esophageal squamous carcinoma 的 HRA003107（癌种：Esophageal Squamous Cell Carcinoma）存在这些数据，共 5 个匹配文件（文件引用已脱敏）。	["CLINICAL_DATA_EXCEL", "METADATA_SAMPLE_INFO", "TABULAR_BIO_DATA"]	[]	["功能富集分析", "可视化与报告", "差异表达分析"]	["Clinical", "bulk_RNA"]		[{"semantic_format": "CLINICAL_DATA_EXCEL", "data_desc": "临床表型数据", "count": 1, "study": "HRA003107", "project_name": "Multi-omics integrative analysis of esophageal squamous carcinoma", "tumor_subtype": "Esophageal Squamous Cell Carcinoma"}, {"semantic_format": "METADATA_SAMPLE_INFO", "data_desc": "样本元数据", "count": 1, "study": "HRA003107", "project_name": "Multi-omics integrative analysis of esophageal squamous carcinoma", "tumor_subtype": "Esophageal Squamous Cell Carcinoma"}, {"semantic_format": "TABULAR_BIO_DATA", "data_desc": "基因表达矩阵/表格数据", "count": 3, "study": "HRA003107", "project_name": "Multi-omics integrative analysis of esophageal squamous carcinoma", "tumor_subtype": "Esophageal Squamous Cell Carcinoma"}]
class300404	class3_data_tool_recommend	single_tool	功能富集分析	T033	deg_enrichment	HRA003107	Multi-omics integrative analysis of esophageal squamous carcinoma	Esophageal Squamous Cell Carcinoma	完成功能富集分析需要的数据和工具分别是什么？	完成功能富集分析需要数据：临床表型数据、样本元数据、基因表达矩阵/表格数据；推荐工具 deg_enrichment。图谱中项目 Multi-omics integrative analysis of esophageal squamous carcinoma 的 HRA003107（癌种：Esophageal Squamous Cell Carcinoma）存在这些数据，共 5 个匹配文件（文件引用已脱敏）。	["CLINICAL_DATA_EXCEL", "METADATA_SAMPLE_INFO", "TABULAR_BIO_DATA"]	[]	["功能富集分析", "差异表达分析"]	["Clinical", "bulk_RNA"]		[{"semantic_format": "CLINICAL_DATA_EXCEL", "data_desc": "临床表型数据", "count": 1, "study": "HRA003107", "project_name": "Multi-omics integrative analysis of esophageal squamous carcinoma", "tumor_subtype": "Esophageal Squamous Cell Carcinoma"}, {"semantic_format": "METADATA_SAMPLE_INFO", "data_desc": "样本元数据", "count": 1, "study": "HRA003107", "project_name": "Multi-omics integrative analysis of esophageal squamous carcinoma", "tumor_subtype": "Esophageal Squamous Cell Carcinoma"}, {"semantic_format": "TABULAR_BIO_DATA", "data_desc": "基因表达矩阵/表格数据", "count": 3, "study": "HRA003107", "project_name": "Multi-omics integrative analysis of esophageal squamous carcinoma", "tumor_subtype": "Esophageal Squamous Cell Carcinoma"}]
class300405	class3_data_tool_recommend	single_tool	差异表达分析	T034	deg_trend	HRA003107	Multi-omics integrative analysis of esophageal squamous carcinoma	Esophageal Squamous Cell Carcinoma	我想完成差异表达分析，需要什么数据、应该用什么工具？	完成差异表达分析需要数据：临床表型数据、样本元数据、基因表达矩阵/表格数据；推荐工具 deg_trend。图谱中项目 Multi-omics integrative analysis of esophageal squamous carcinoma 的 HRA003107（癌种：Esophageal Squamous Cell Carcinoma）存在这些数据，共 5 个匹配文件（文件引用已脱敏）。	["CLINICAL_DATA_EXCEL", "METADATA_SAMPLE_INFO", "TABULAR_BIO_DATA"]	[]	["可视化与报告", "差异表达分析"]	["Clinical", "bulk_RNA"]		[{"semantic_format": "CLINICAL_DATA_EXCEL", "data_desc": "临床表型数据", "count": 1, "study": "HRA003107", "project_name": "Multi-omics integrative analysis of esophageal squamous carcinoma", "tumor_subtype": "Esophageal Squamous Cell Carcinoma"}, {"semantic_format": "METADATA_SAMPLE_INFO", "data_desc": "样本元数据", "count": 1, "study": "HRA003107", "project_name": "Multi-omics integrative analysis of esophageal squamous carcinoma", "tumor_subtype": "Esophageal Squamous Cell Carcinoma"}, {"semantic_format": "TABULAR_BIO_DATA", "data_desc": "基因表达矩阵/表格数据", "count": 3, "study": "HRA003107", "project_name": "Multi-omics integrative analysis of esophageal squamous carcinoma", "tumor_subtype": "Esophageal Squamous Cell Carcinoma"}]
class300406	class3_data_tool_recommend	single_tool	可视化与报告	T035	gene_boxplot	HRA003107	Multi-omics integrative analysis of esophageal squamous carcinoma	Esophageal Squamous Cell Carcinoma	要完成可视化与报告，需要准备哪些数据、推荐哪个工具？	完成可视化与报告需要数据：临床表型数据、样本元数据、基因表达矩阵/表格数据；推荐工具 gene_boxplot。图谱中项目 Multi-omics integrative analysis of esophageal squamous carcinoma 的 HRA003107（癌种：Esophageal Squamous Cell Carcinoma）存在这些数据，共 5 个匹配文件（文件引用已脱敏）。	["CLINICAL_DATA_EXCEL", "METADATA_SAMPLE_INFO", "TABULAR_BIO_DATA"]	[]	["可视化与报告"]	["Clinical", "bulk_RNA"]		[{"semantic_format": "CLINICAL_DATA_EXCEL", "data_desc": "临床表型数据", "count": 1, "study": "HRA003107", "project_name": "Multi-omics integrative analysis of esophageal squamous carcinoma", "tumor_subtype": "Esophageal Squamous Cell Carcinoma"}, {"semantic_format": "METADATA_SAMPLE_INFO", "data_desc": "样本元数据", "count": 1, "study": "HRA003107", "project_name": "Multi-omics integrative analysis of esophageal squamous carcinoma", "tumor_subtype": "Esophageal Squamous Cell Carcinoma"}, {"semantic_format": "TABULAR_BIO_DATA", "data_desc": "基因表达矩阵/表格数据", "count": 3, "study": "HRA003107", "project_name": "Multi-omics integrative analysis of esophageal squamous carcinoma", "tumor_subtype": "Esophageal Squamous Cell Carcinoma"}]
class300407	class3_data_tool_recommend	single_tool	功能富集分析	T036	gsea_pathway_enrichment	HRA003107	Multi-omics integrative analysis of esophageal squamous carcinoma	Esophageal Squamous Cell Carcinoma	项目Multi-omics integrative analysis of esophageal squamous carcinoma中要做功能富集分析，需要哪些数据、用什么工具？	完成功能富集分析需要数据：基因表达矩阵/表格数据；推荐工具 gsea_pathway_enrichment。图谱中项目 Multi-omics integrative analysis of esophageal squamous carcinoma 的 HRA003107（癌种：Esophageal Squamous Cell Carcinoma）存在这些数据，共 3 个匹配文件（文件引用已脱敏）。	["TABULAR_BIO_DATA"]	[]	["功能富集分析"]	["Clinical", "bulk_RNA"]		[{"semantic_format": "TABULAR_BIO_DATA", "data_desc": "基因表达矩阵/表格数据", "count": 3, "study": "HRA003107", "project_name": "Multi-omics integrative analysis of esophageal squamous carcinoma", "tumor_subtype": "Esophageal Squamous Cell Carcinoma"}]
class300408	class3_data_tool_recommend	single_tool	生存分析	T040	km_survival	HRA003107	Multi-omics integrative analysis of esophageal squamous carcinoma	Esophageal Squamous Cell Carcinoma	目标是生存分析，应该选择什么数据和什么工具？	完成生存分析需要数据：临床表型数据、样本元数据、基因表达矩阵/表格数据；推荐工具 km_survival。图谱中项目 Multi-omics integrative analysis of esophageal squamous carcinoma 的 HRA003107（癌种：Esophageal Squamous Cell Carcinoma）存在这些数据，共 5 个匹配文件（文件引用已脱敏）。	["CLINICAL_DATA_EXCEL", "METADATA_SAMPLE_INFO", "TABULAR_BIO_DATA"]	[]	["可视化与报告", "生存分析"]	["Clinical", "bulk_RNA"]		[{"semantic_format": "CLINICAL_DATA_EXCEL", "data_desc": "临床表型数据", "count": 1, "study": "HRA003107", "project_name": "Multi-omics integrative analysis of esophageal squamous carcinoma", "tumor_subtype": "Esophageal Squamous Cell Carcinoma"}, {"semantic_format": "METADATA_SAMPLE_INFO", "data_desc": "样本元数据", "count": 1, "study": "HRA003107", "project_name": "Multi-omics integrative analysis of esophageal squamous carcinoma", "tumor_subtype": "Esophageal Squamous Cell Carcinoma"}, {"semantic_format": "TABULAR_BIO_DATA", "data_desc": "基因表达矩阵/表格数据", "count": 3, "study": "HRA003107", "project_name": "Multi-omics integrative analysis of esophageal squamous carcinoma", "tumor_subtype": "Esophageal Squamous Cell Carcinoma"}]
class300409	class3_data_tool_recommend	single_tool	表达矩阵预处理与归一化	T042	preprocess_counts	HRA007167	Multi-omics of acral melanoma	Acral melanoma	完成表达矩阵预处理与归一化需要的数据和工具分别是什么？	完成表达矩阵预处理与归一化需要数据：基因表达矩阵/表格数据；推荐工具 preprocess_counts。图谱中项目 Multi-omics of acral melanoma 的 HRA007167（癌种：Acral melanoma）存在这些数据，共 3 个匹配文件（文件引用已脱敏）。	["TABULAR_BIO_DATA"]	[]	["表达矩阵预处理与归一化"]	["bulk_RNA"]		[{"semantic_format": "TABULAR_BIO_DATA", "data_desc": "基因表达矩阵/表格数据", "count": 3, "study": "HRA007167", "project_name": "Multi-omics of acral melanoma", "tumor_subtype": "Acral melanoma"}]
class300410	class3_data_tool_recommend	single_tool	RNA序列比对	T044	rnaseq_singletask	HRA006499	Pharmacogenomic profiling of intra-tumor heterogeneity by a large organoid biobank of liver cancer	Liver Cancer	我想完成RNA序列比对，需要什么数据、应该用什么工具？	完成RNA序列比对需要数据：原始双端测序数据（R1）、原始双端测序数据（R2）；推荐工具 rnaseq_singletask（另需公共参考资源：参考基因组 FASTA）。图谱中项目 Pharmacogenomic profiling of intra-tumor heterogeneity by a large organoid biobank of liver cancer 的 HRA006499（癌种：Liver Cancer）存在这些数据，共 1526 个匹配文件（文件引用已脱敏）。	["RAW_PAIRED_END_R1_FASTQ", "RAW_PAIRED_END_R2_FASTQ"]	["REFERENCE_GENOME_FASTA"]	["RNA序列比对", "接头与低质量序列修剪", "测序质量评估", "表达定量"]	["bulk_RNA"]		[{"semantic_format": "RAW_PAIRED_END_R1_FASTQ", "data_desc": "原始双端测序数据（R1）", "count": 763, "study": "HRA006499", "project_name": "Pharmacogenomic profiling of intra-tumor heterogeneity by a large organoid biobank of liver cancer", "tumor_subtype": "Liver Cancer"}, {"semantic_format": "RAW_PAIRED_END_R2_FASTQ", "data_desc": "原始双端测序数据（R2）", "count": 763, "study": "HRA006499", "project_name": "Pharmacogenomic profiling of intra-tumor heterogeneity by a large organoid biobank of liver cancer", "tumor_subtype": "Liver Cancer"}]
class300411	class3_data_tool_recommend	single_tool	可视化与报告	T046	stage_heatmap	HRA003107	Multi-omics integrative analysis of esophageal squamous carcinoma	Esophageal Squamous Cell Carcinoma	要完成可视化与报告，需要准备哪些数据、推荐哪个工具？	完成可视化与报告需要数据：临床表型数据、样本元数据、基因表达矩阵/表格数据；推荐工具 stage_heatmap。图谱中项目 Multi-omics integrative analysis of esophageal squamous carcinoma 的 HRA003107（癌种：Esophageal Squamous Cell Carcinoma）存在这些数据，共 5 个匹配文件（文件引用已脱敏）。	["CLINICAL_DATA_EXCEL", "METADATA_SAMPLE_INFO", "TABULAR_BIO_DATA"]	[]	["可视化与报告"]	["Clinical", "bulk_RNA"]		[{"semantic_format": "CLINICAL_DATA_EXCEL", "data_desc": "临床表型数据", "count": 1, "study": "HRA003107", "project_name": "Multi-omics integrative analysis of esophageal squamous carcinoma", "tumor_subtype": "Esophageal Squamous Cell Carcinoma"}, {"semantic_format": "METADATA_SAMPLE_INFO", "data_desc": "样本元数据", "count": 1, "study": "HRA003107", "project_name": "Multi-omics integrative analysis of esophageal squamous carcinoma", "tumor_subtype": "Esophageal Squamous Cell Carcinoma"}, {"semantic_format": "TABULAR_BIO_DATA", "data_desc": "基因表达矩阵/表格数据", "count": 3, "study": "HRA003107", "project_name": "Multi-omics integrative analysis of esophageal squamous carcinoma", "tumor_subtype": "Esophageal Squamous Cell Carcinoma"}]
class300412	class3_data_tool_recommend	single_tool	可视化与报告	T048	umap	HRA003107	Multi-omics integrative analysis of esophageal squamous carcinoma	Esophageal Squamous Cell Carcinoma	项目Multi-omics integrative analysis of esophageal squamous carcinoma中要做可视化与报告，需要哪些数据、用什么工具？	完成可视化与报告需要数据：临床表型数据、样本元数据、基因表达矩阵/表格数据；推荐工具 umap。图谱中项目 Multi-omics integrative analysis of esophageal squamous carcinoma 的 HRA003107（癌种：Esophageal Squamous Cell Carcinoma）存在这些数据，共 5 个匹配文件（文件引用已脱敏）。	["CLINICAL_DATA_EXCEL", "METADATA_SAMPLE_INFO", "TABULAR_BIO_DATA"]	[]	["可视化与报告"]	["Clinical", "bulk_RNA"]		[{"semantic_format": "CLINICAL_DATA_EXCEL", "data_desc": "临床表型数据", "count": 1, "study": "HRA003107", "project_name": "Multi-omics integrative analysis of esophageal squamous carcinoma", "tumor_subtype": "Esophageal Squamous Cell Carcinoma"}, {"semantic_format": "METADATA_SAMPLE_INFO", "data_desc": "样本元数据", "count": 1, "study": "HRA003107", "project_name": "Multi-omics integrative analysis of esophageal squamous carcinoma", "tumor_subtype": "Esophageal Squamous Cell Carcinoma"}, {"semantic_format": "TABULAR_BIO_DATA", "data_desc": "基因表达矩阵/表格数据", "count": 3, "study": "HRA003107", "project_name": "Multi-omics integrative analysis of esophageal squamous carcinoma", "tumor_subtype": "Esophageal Squamous Cell Carcinoma"}]
class300413	class3_data_tool_recommend	single_tool	共表达网络分析	T050	wgcna_hub	HRA003107	Multi-omics integrative analysis of esophageal squamous carcinoma	Esophageal Squamous Cell Carcinoma	目标是共表达网络分析，应该选择什么数据和什么工具？	完成共表达网络分析需要数据：临床表型数据、样本元数据、基因表达矩阵/表格数据；推荐工具 wgcna_hub。图谱中项目 Multi-omics integrative analysis of esophageal squamous carcinoma 的 HRA003107（癌种：Esophageal Squamous Cell Carcinoma）存在这些数据，共 5 个匹配文件（文件引用已脱敏）。	["CLINICAL_DATA_EXCEL", "METADATA_SAMPLE_INFO", "TABULAR_BIO_DATA"]	[]	["共表达网络分析"]	["Clinical", "bulk_RNA"]		[{"semantic_format": "CLINICAL_DATA_EXCEL", "data_desc": "临床表型数据", "count": 1, "study": "HRA003107", "project_name": "Multi-omics integrative analysis of esophageal squamous carcinoma", "tumor_subtype": "Esophageal Squamous Cell Carcinoma"}, {"semantic_format": "METADATA_SAMPLE_INFO", "data_desc": "样本元数据", "count": 1, "study": "HRA003107", "project_name": "Multi-omics integrative analysis of esophageal squamous carcinoma", "tumor_subtype": "Esophageal Squamous Cell Carcinoma"}, {"semantic_format": "TABULAR_BIO_DATA", "data_desc": "基因表达矩阵/表格数据", "count": 3, "study": "HRA003107", "project_name": "Multi-omics integrative analysis of esophageal squamous carcinoma", "tumor_subtype": "Esophageal Squamous Cell Carcinoma"}]
class300414	class3_data_tool_recommend	single_tool	共表达网络分析	T051	wgcna_module_trait	HRA003107	Multi-omics integrative analysis of esophageal squamous carcinoma	Esophageal Squamous Cell Carcinoma	完成共表达网络分析需要的数据和工具分别是什么？	完成共表达网络分析需要数据：临床表型数据、样本元数据、基因表达矩阵/表格数据；推荐工具 wgcna_module_trait。图谱中项目 Multi-omics integrative analysis of esophageal squamous carcinoma 的 HRA003107（癌种：Esophageal Squamous Cell Carcinoma）存在这些数据，共 5 个匹配文件（文件引用已脱敏）。	["CLINICAL_DATA_EXCEL", "METADATA_SAMPLE_INFO", "TABULAR_BIO_DATA"]	[]	["共表达网络分析"]	["Clinical", "bulk_RNA"]		[{"semantic_format": "CLINICAL_DATA_EXCEL", "data_desc": "临床表型数据", "count": 1, "study": "HRA003107", "project_name": "Multi-omics integrative analysis of esophageal squamous carcinoma", "tumor_subtype": "Esophageal Squamous Cell Carcinoma"}, {"semantic_format": "METADATA_SAMPLE_INFO", "data_desc": "样本元数据", "count": 1, "study": "HRA003107", "project_name": "Multi-omics integrative analysis of esophageal squamous carcinoma", "tumor_subtype": "Esophageal Squamous Cell Carcinoma"}, {"semantic_format": "TABULAR_BIO_DATA", "data_desc": "基因表达矩阵/表格数据", "count": 3, "study": "HRA003107", "project_name": "Multi-omics integrative analysis of esophageal squamous carcinoma", "tumor_subtype": "Esophageal Squamous Cell Carcinoma"}]
class300415	class3_data_tool_recommend	single_tool	结构变异检测	T053	manta_structural_variants	HRA007413	Multi-omics research of acute myeloid leukemia	Acute Myeloid Leukemia	我想完成结构变异检测，需要什么数据、应该用什么工具？	完成结构变异检测需要数据：基因组比对 BAM 数据；推荐工具 manta_structural_variants（另需公共参考资源：参考基因组 FASTA）。图谱中项目 Multi-omics research of acute myeloid leukemia 的 HRA007413（癌种：Acute Myeloid Leukemia）存在这些数据，共 3 个匹配文件（文件引用已脱敏）。	["DNA_GENOMIC_ALIGNMENT_BAM"]	["REFERENCE_GENOME_FASTA"]	["结构变异检测"]	["WES", "WGS"]		[{"semantic_format": "RNA_TRANSCRIPTOME_ALIGNMENT_BAM", "data_desc": "转录组比对 BAM 数据", "count": 3, "study": "HRA007413", "project_name": "Multi-omics research of acute myeloid leukemia", "tumor_subtype": "Acute Myeloid Leukemia"}]
class300416	class3_data_tool_recommend	single_tool	基因融合检测	T054	star_fusion	HRA001749	scRNA-seq of liver cancer	Liver Cancer	要完成基因融合检测，需要准备哪些数据、推荐哪个工具？	完成基因融合检测需要数据：样本元数据、原始双端测序数据（R1）、原始双端测序数据（R2）；推荐工具 star_fusion。图谱中项目 scRNA-seq of liver cancer 的 HRA001749（癌种：Liver Cancer）存在这些数据，共 357 个匹配文件（文件引用已脱敏）。	["METADATA_SAMPLE_INFO", "RAW_PAIRED_END_R1_FASTQ", "RAW_PAIRED_END_R2_FASTQ"]	[]	["基因融合检测"]	["Clinical", "bulk_RNA"]		[{"semantic_format": "METADATA_SAMPLE_INFO", "data_desc": "样本元数据", "count": 1, "study": "HRA001749", "project_name": "scRNA-seq of liver cancer", "tumor_subtype": "Liver Cancer"}, {"semantic_format": "RAW_PAIRED_END_R1_FASTQ", "data_desc": "原始双端测序数据（R1）", "count": 178, "study": "HRA001749", "project_name": "scRNA-seq of liver cancer", "tumor_subtype": "Liver Cancer"}, {"semantic_format": "RAW_PAIRED_END_R2_FASTQ", "data_desc": "原始双端测序数据（R2）", "count": 178, "study": "HRA001749", "project_name": "scRNA-seq of liver cancer", "tumor_subtype": "Liver Cancer"}]
class300417	class3_data_tool_recommend	single_tool	测序质量评估	T002	fastqc	HRA001749	scRNA-seq of liver cancer	Liver Cancer	项目scRNA-seq of liver cancer中要做测序质量评估，需要哪些数据、用什么工具？	完成测序质量评估需要数据：原始单端测序数据；推荐工具 fastqc。图谱中项目 scRNA-seq of liver cancer 的 HRA001749（癌种：Liver Cancer）存在这些数据，共 356 个匹配文件（文件引用已脱敏）。	["RAW_SINGLE_END_FASTQ"]	[]	["可视化与报告", "测序质量评估"]	["WES", "WGS", "bulk_RNA", "sc-RNA"]		[{"semantic_format": "RAW_PAIRED_END_R1_FASTQ", "data_desc": "原始双端测序数据（R1）", "count": 178, "study": "HRA001749", "project_name": "scRNA-seq of liver cancer", "tumor_subtype": "Liver Cancer"}, {"semantic_format": "RAW_PAIRED_END_R2_FASTQ", "data_desc": "原始双端测序数据（R2）", "count": 178, "study": "HRA001749", "project_name": "scRNA-seq of liver cancer", "tumor_subtype": "Liver Cancer"}]
class300418	class3_data_tool_recommend	single_tool	单细胞比对与定量	T003	cellranger_workflow	HRA016026	Multi-omics Landscape of Central Nervous System Tumors	Lung Cancer	目标是单细胞比对与定量，应该选择什么数据和什么工具？	完成单细胞比对与定量需要数据：基因组比对 BAM 数据、原始单端测序数据；推荐工具 cellranger_workflow。图谱中项目 Multi-omics Landscape of Central Nervous System Tumors 的 HRA016026（癌种：Lung Cancer）存在这些数据，共 3468 个匹配文件（文件引用已脱敏）。	["DNA_GENOMIC_ALIGNMENT_BAM", "RAW_SINGLE_END_FASTQ"]	[]	["单细胞比对与定量", "可视化与报告", "测序质量评估"]	["bulk_RNA", "sc-RNA"]		[{"semantic_format": "DNA_ALIGNMENT_BQSR_BAM", "data_desc": "碱基质量校正后的比对 BAM 数据", "count": 700, "study": "HRA016026", "project_name": "Multi-omics Landscape of Central Nervous System Tumors", "tumor_subtype": "Lung Cancer"}, {"semantic_format": "RAW_PAIRED_END_R1_FASTQ", "data_desc": "原始双端测序数据（R1）", "count": 1384, "study": "HRA016026", "project_name": "Multi-omics Landscape of Central Nervous System Tumors", "tumor_subtype": "Lung Cancer"}, {"semantic_format": "RAW_PAIRED_END_R2_FASTQ", "data_desc": "原始双端测序数据（R2）", "count": 1384, "study": "HRA016026", "project_name": "Multi-omics Landscape of Central Nervous System Tumors", "tumor_subtype": "Lung Cancer"}]
class300419	class3_data_tool_recommend	single_tool	接头与低质量序列修剪	T004	trim_galore	HRA007167	Multi-omics of acral melanoma	Acral melanoma	完成接头与低质量序列修剪需要的数据和工具分别是什么？	完成接头与低质量序列修剪需要数据：原始双端测序数据（R1）、原始双端测序数据（R2）；推荐工具 trim_galore。图谱中项目 Multi-omics of acral melanoma 的 HRA007167（癌种：Acral melanoma）存在这些数据，共 162 个匹配文件（文件引用已脱敏）。	["RAW_PAIRED_END_R1_FASTQ", "RAW_PAIRED_END_R2_FASTQ"]	[]	["接头与低质量序列修剪"]	["bulk_RNA"]		[{"semantic_format": "RAW_PAIRED_END_R1_FASTQ", "data_desc": "原始双端测序数据（R1）", "count": 81, "study": "HRA007167", "project_name": "Multi-omics of acral melanoma", "tumor_subtype": "Acral melanoma"}, {"semantic_format": "RAW_PAIRED_END_R2_FASTQ", "data_desc": "原始双端测序数据（R2）", "count": 81, "study": "HRA007167", "project_name": "Multi-omics of acral melanoma", "tumor_subtype": "Acral melanoma"}]
class300420	class3_data_tool_recommend	single_tool	RNA序列比对	T005	star	HRA007167	Multi-omics of acral melanoma	Acral melanoma	我想完成RNA序列比对，需要什么数据、应该用什么工具？	完成RNA序列比对需要数据：原始双端测序数据（R1）、原始双端测序数据（R2）；推荐工具 star（另需公共参考资源：参考基因组 FASTA）。图谱中项目 Multi-omics of acral melanoma 的 HRA007167（癌种：Acral melanoma）存在这些数据，共 162 个匹配文件（文件引用已脱敏）。	["RAW_PAIRED_END_R1_FASTQ", "RAW_PAIRED_END_R2_FASTQ"]	["REFERENCE_GENOME_FASTA"]	["RNA序列比对"]	["bulk_RNA"]		[{"semantic_format": "RAW_PAIRED_END_R1_FASTQ", "data_desc": "原始双端测序数据（R1）", "count": 81, "study": "HRA007167", "project_name": "Multi-omics of acral melanoma", "tumor_subtype": "Acral melanoma"}, {"semantic_format": "RAW_PAIRED_END_R2_FASTQ", "data_desc": "原始双端测序数据（R2）", "count": 81, "study": "HRA007167", "project_name": "Multi-omics of acral melanoma", "tumor_subtype": "Acral melanoma"}]
class300421	class3_data_tool_recommend	single_tool	比对后处理与去重	T007	samtools	HRA006117	Aging and leukemia	Acute Myeloid Leukemia	要完成比对后处理与去重，需要准备哪些数据、推荐哪个工具？	完成比对后处理与去重需要数据：基因组比对 BAM 数据；推荐工具 samtools。图谱中项目 Aging and leukemia 的 HRA006117（癌种：Acute Myeloid Leukemia）存在这些数据，共 570 个匹配文件（文件引用已脱敏）。	["DNA_GENOMIC_ALIGNMENT_BAM"]	[]	["比对后处理与去重"]	["WES", "WGS", "bulk_RNA"]		[{"semantic_format": "RNA_TRANSCRIPTOME_ALIGNMENT_BAM", "data_desc": "转录组比对 BAM 数据", "count": 570, "study": "HRA006117", "project_name": "Aging and leukemia", "tumor_subtype": "Acute Myeloid Leukemia"}]
class300422	class3_data_tool_recommend	single_tool	表达定量	T012	featurecounts	HRA016026	Multi-omics Landscape of Central Nervous System Tumors	Lung Cancer	项目Multi-omics Landscape of Central Nervous System Tumors中要做表达定量，需要哪些数据、用什么工具？	完成表达定量需要数据：基因组比对 BAM 数据；推荐工具 featurecounts。图谱中项目 Multi-omics Landscape of Central Nervous System Tumors 的 HRA016026（癌种：Lung Cancer）存在这些数据，共 700 个匹配文件（文件引用已脱敏）。	["DNA_GENOMIC_ALIGNMENT_BAM"]	[]	["表达定量"]	["bulk_RNA"]		[{"semantic_format": "DNA_ALIGNMENT_BQSR_BAM", "data_desc": "碱基质量校正后的比对 BAM 数据", "count": 700, "study": "HRA016026", "project_name": "Multi-omics Landscape of Central Nervous System Tumors", "tumor_subtype": "Lung Cancer"}]
class300423	class3_data_tool_recommend	single_tool	功能富集分析	T014	diff_expr_go	HRA007413	Multi-omics research of acute myeloid leukemia	Acute Myeloid Leukemia	目标是功能富集分析，应该选择什么数据和什么工具？	完成功能富集分析需要数据：基因表达矩阵/表格数据；推荐工具 diff_expr_go。图谱中项目 Multi-omics research of acute myeloid leukemia 的 HRA007413（癌种：Acute Myeloid Leukemia）存在这些数据，共 3 个匹配文件（文件引用已脱敏）。	["TABULAR_BIO_DATA"]	[]	["功能富集分析", "差异表达分析"]	["bulk_RNA"]		[{"semantic_format": "TABULAR_BIO_DATA", "data_desc": "基因表达矩阵/表格数据", "count": 3, "study": "HRA007413", "project_name": "Multi-omics research of acute myeloid leukemia", "tumor_subtype": "Acute Myeloid Leukemia"}]
class300424	class3_data_tool_recommend	single_tool	功能富集分析	T015	diff_expr_kegg	HRA007413	Multi-omics research of acute myeloid leukemia	Acute Myeloid Leukemia	完成功能富集分析需要的数据和工具分别是什么？	完成功能富集分析需要数据：基因表达矩阵/表格数据；推荐工具 diff_expr_kegg。图谱中项目 Multi-omics research of acute myeloid leukemia 的 HRA007413（癌种：Acute Myeloid Leukemia）存在这些数据，共 3 个匹配文件（文件引用已脱敏）。	["TABULAR_BIO_DATA"]	[]	["功能富集分析", "差异表达分析"]	["bulk_RNA"]		[{"semantic_format": "TABULAR_BIO_DATA", "data_desc": "基因表达矩阵/表格数据", "count": 3, "study": "HRA007413", "project_name": "Multi-omics research of acute myeloid leukemia", "tumor_subtype": "Acute Myeloid Leukemia"}]
class300425	class3_data_tool_recommend	single_tool	生存分析	T017	her2_pfs_survival	HRA005191	Immune Correlates of Response and Resistance to Neoadjuvant Chemo-immunotherapy in Non-small Cell Lung Cancer	Non-small cell lung carcinoma	我想完成生存分析，需要什么数据、应该用什么工具？	完成生存分析需要数据：临床表型数据、基因表达矩阵/表格数据；推荐工具 her2_pfs_survival。图谱中项目 Immune Correlates of Response and Resistance to Neoadjuvant Chemo-immunotherapy in Non-small Cell Lung Cancer 的 HRA005191（癌种：Non-small cell lung carcinoma）存在这些数据，共 20 个匹配文件（文件引用已脱敏）。	["CLINICAL_DATA_EXCEL", "TABULAR_BIO_DATA"]	[]	["可视化与报告", "生存分析"]	["Clinical", "bulk_RNA"]		[{"semantic_format": "CLINICAL_DATA_EXCEL", "data_desc": "临床表型数据", "count": 2, "study": "HRA005191", "project_name": "Immune Correlates of Response and Resistance to Neoadjuvant Chemo-immunotherapy in Non-small Cell Lung Cancer", "tumor_subtype": "Non-small cell lung carcinoma"}, {"semantic_format": "TABULAR_BIO_DATA", "data_desc": "基因表达矩阵/表格数据", "count": 18, "study": "HRA005191", "project_name": "Immune Correlates of Response and Resistance to Neoadjuvant Chemo-immunotherapy in Non-small Cell Lung Cancer", "tumor_subtype": "Non-small cell lung carcinoma"}]
class300426	class3_data_tool_recommend	single_tool	免疫浸润与微环境分析	T018	immune_infiltration_iobr	HRA005191	Immune Correlates of Response and Resistance to Neoadjuvant Chemo-immunotherapy in Non-small Cell Lung Cancer	Non-small cell lung carcinoma	要完成免疫浸润与微环境分析，需要准备哪些数据、推荐哪个工具？	完成免疫浸润与微环境分析需要数据：临床表型数据、基因表达矩阵/表格数据；推荐工具 immune_infiltration_iobr。图谱中项目 Immune Correlates of Response and Resistance to Neoadjuvant Chemo-immunotherapy in Non-small Cell Lung Cancer 的 HRA005191（癌种：Non-small cell lung carcinoma）存在这些数据，共 20 个匹配文件（文件引用已脱敏）。	["CLINICAL_DATA_EXCEL", "TABULAR_BIO_DATA"]	[]	["免疫浸润与微环境分析", "可视化与报告"]	["Clinical", "bulk_RNA"]		[{"semantic_format": "CLINICAL_DATA_EXCEL", "data_desc": "临床表型数据", "count": 2, "study": "HRA005191", "project_name": "Immune Correlates of Response and Resistance to Neoadjuvant Chemo-immunotherapy in Non-small Cell Lung Cancer", "tumor_subtype": "Non-small cell lung carcinoma"}, {"semantic_format": "TABULAR_BIO_DATA", "data_desc": "基因表达矩阵/表格数据", "count": 18, "study": "HRA005191", "project_name": "Immune Correlates of Response and Resistance to Neoadjuvant Chemo-immunotherapy in Non-small Cell Lung Cancer", "tumor_subtype": "Non-small cell lung carcinoma"}]
class300427	class3_data_tool_recommend	single_tool	无监督聚类分析	T020	rnaseq_unsupervised_cluster	HRA007413	Multi-omics research of acute myeloid leukemia	Acute Myeloid Leukemia	项目Multi-omics research of acute myeloid leukemia中要做无监督聚类分析，需要哪些数据、用什么工具？	完成无监督聚类分析需要数据：基因表达矩阵/表格数据；推荐工具 rnaseq_unsupervised_cluster。图谱中项目 Multi-omics research of acute myeloid leukemia 的 HRA007413（癌种：Acute Myeloid Leukemia）存在这些数据，共 3 个匹配文件（文件引用已脱敏）。	["TABULAR_BIO_DATA"]	[]	["可视化与报告", "无监督聚类分析"]	["bulk_RNA"]		[{"semantic_format": "TABULAR_BIO_DATA", "data_desc": "基因表达矩阵/表格数据", "count": 3, "study": "HRA007413", "project_name": "Multi-omics research of acute myeloid leukemia", "tumor_subtype": "Acute Myeloid Leukemia"}]
class300428	class3_data_tool_recommend	single_tool	共表达网络分析	T024	wgcna	HRA005191	Immune Correlates of Response and Resistance to Neoadjuvant Chemo-immunotherapy in Non-small Cell Lung Cancer	Non-small cell lung carcinoma	目标是共表达网络分析，应该选择什么数据和什么工具？	完成共表达网络分析需要数据：临床表型数据、基因表达矩阵/表格数据；推荐工具 wgcna。图谱中项目 Immune Correlates of Response and Resistance to Neoadjuvant Chemo-immunotherapy in Non-small Cell Lung Cancer 的 HRA005191（癌种：Non-small cell lung carcinoma）存在这些数据，共 20 个匹配文件（文件引用已脱敏）。	["CLINICAL_DATA_EXCEL", "TABULAR_BIO_DATA"]	[]	["共表达网络分析"]	["Clinical", "bulk_RNA"]		[{"semantic_format": "CLINICAL_DATA_EXCEL", "data_desc": "临床表型数据", "count": 2, "study": "HRA005191", "project_name": "Immune Correlates of Response and Resistance to Neoadjuvant Chemo-immunotherapy in Non-small Cell Lung Cancer", "tumor_subtype": "Non-small cell lung carcinoma"}, {"semantic_format": "TABULAR_BIO_DATA", "data_desc": "基因表达矩阵/表格数据", "count": 18, "study": "HRA005191", "project_name": "Immune Correlates of Response and Resistance to Neoadjuvant Chemo-immunotherapy in Non-small Cell Lung Cancer", "tumor_subtype": "Non-small cell lung carcinoma"}]
class300429	class3_data_tool_recommend	single_tool	拷贝数变异分析	T028	cnvkit_cnv_clinical	HRA006117	Aging and leukemia	Acute Myeloid Leukemia	完成拷贝数变异分析需要的数据和工具分别是什么？	完成拷贝数变异分析需要数据：基因组比对 BAM 数据；推荐工具 cnvkit_cnv_clinical。图谱中项目 Aging and leukemia 的 HRA006117（癌种：Acute Myeloid Leukemia）存在这些数据，共 570 个匹配文件（文件引用已脱敏）。	["DNA_GENOMIC_ALIGNMENT_BAM"]	[]	["可视化与报告", "拷贝数变异分析"]	["Clinical", "WES", "WGS"]		[{"semantic_format": "RNA_TRANSCRIPTOME_ALIGNMENT_BAM", "data_desc": "转录组比对 BAM 数据", "count": 570, "study": "HRA006117", "project_name": "Aging and leukemia", "tumor_subtype": "Acute Myeloid Leukemia"}]
class300430	class3_data_tool_recommend	single_tool	生存分析	T029	cox_model	HRA005191	Immune Correlates of Response and Resistance to Neoadjuvant Chemo-immunotherapy in Non-small Cell Lung Cancer	Non-small cell lung carcinoma	我想完成生存分析，需要什么数据、应该用什么工具？	完成生存分析需要数据：临床表型数据、样本元数据、基因表达矩阵/表格数据；推荐工具 cox_model。图谱中项目 Immune Correlates of Response and Resistance to Neoadjuvant Chemo-immunotherapy in Non-small Cell Lung Cancer 的 HRA005191（癌种：Non-small cell lung carcinoma）存在这些数据，共 22 个匹配文件（文件引用已脱敏）。	["CLINICAL_DATA_EXCEL", "METADATA_SAMPLE_INFO", "TABULAR_BIO_DATA"]	[]	["生存分析"]	["Clinical", "bulk_RNA"]		[{"semantic_format": "CLINICAL_DATA_EXCEL", "data_desc": "临床表型数据", "count": 2, "study": "HRA005191", "project_name": "Immune Correlates of Response and Resistance to Neoadjuvant Chemo-immunotherapy in Non-small Cell Lung Cancer", "tumor_subtype": "Non-small cell lung carcinoma"}, {"semantic_format": "METADATA_SAMPLE_INFO", "data_desc": "样本元数据", "count": 2, "study": "HRA005191", "project_name": "Immune Correlates of Response and Resistance to Neoadjuvant Chemo-immunotherapy in Non-small Cell Lung Cancer", "tumor_subtype": "Non-small cell lung carcinoma"}, {"semantic_format": "TABULAR_BIO_DATA", "data_desc": "基因表达矩阵/表格数据", "count": 18, "study": "HRA005191", "project_name": "Immune Correlates of Response and Resistance to Neoadjuvant Chemo-immunotherapy in Non-small Cell Lung Cancer", "tumor_subtype": "Non-small cell lung carcinoma"}]
class300431	class3_data_tool_recommend	single_tool	功能富集分析	T032	de_enrichment	HRA005191	Immune Correlates of Response and Resistance to Neoadjuvant Chemo-immunotherapy in Non-small Cell Lung Cancer	Non-small cell lung carcinoma	要完成功能富集分析，需要准备哪些数据、推荐哪个工具？	完成功能富集分析需要数据：临床表型数据、样本元数据、基因表达矩阵/表格数据；推荐工具 de_enrichment。图谱中项目 Immune Correlates of Response and Resistance to Neoadjuvant Chemo-immunotherapy in Non-small Cell Lung Cancer 的 HRA005191（癌种：Non-small cell lung carcinoma）存在这些数据，共 22 个匹配文件（文件引用已脱敏）。	["CLINICAL_DATA_EXCEL", "METADATA_SAMPLE_INFO", "TABULAR_BIO_DATA"]	[]	["功能富集分析", "可视化与报告", "差异表达分析"]	["Clinical", "bulk_RNA"]		[{"semantic_format": "CLINICAL_DATA_EXCEL", "data_desc": "临床表型数据", "count": 2, "study": "HRA005191", "project_name": "Immune Correlates of Response and Resistance to Neoadjuvant Chemo-immunotherapy in Non-small Cell Lung Cancer", "tumor_subtype": "Non-small cell lung carcinoma"}, {"semantic_format": "METADATA_SAMPLE_INFO", "data_desc": "样本元数据", "count": 2, "study": "HRA005191", "project_name": "Immune Correlates of Response and Resistance to Neoadjuvant Chemo-immunotherapy in Non-small Cell Lung Cancer", "tumor_subtype": "Non-small cell lung carcinoma"}, {"semantic_format": "TABULAR_BIO_DATA", "data_desc": "基因表达矩阵/表格数据", "count": 18, "study": "HRA005191", "project_name": "Immune Correlates of Response and Resistance to Neoadjuvant Chemo-immunotherapy in Non-small Cell Lung Cancer", "tumor_subtype": "Non-small cell lung carcinoma"}]
class300432	class3_data_tool_recommend	single_tool	功能富集分析	T033	deg_enrichment	HRA005191	Immune Correlates of Response and Resistance to Neoadjuvant Chemo-immunotherapy in Non-small Cell Lung Cancer	Non-small cell lung carcinoma	项目Immune Correlates of Response and Resistance to Neoadjuvant Chemo-immunotherapy in Non-small Cell Lung Cancer中要做功能富集分析，需要哪些数据、用什么工具？	完成功能富集分析需要数据：临床表型数据、样本元数据、基因表达矩阵/表格数据；推荐工具 deg_enrichment。图谱中项目 Immune Correlates of Response and Resistance to Neoadjuvant Chemo-immunotherapy in Non-small Cell Lung Cancer 的 HRA005191（癌种：Non-small cell lung carcinoma）存在这些数据，共 22 个匹配文件（文件引用已脱敏）。	["CLINICAL_DATA_EXCEL", "METADATA_SAMPLE_INFO", "TABULAR_BIO_DATA"]	[]	["功能富集分析", "差异表达分析"]	["Clinical", "bulk_RNA"]		[{"semantic_format": "CLINICAL_DATA_EXCEL", "data_desc": "临床表型数据", "count": 2, "study": "HRA005191", "project_name": "Immune Correlates of Response and Resistance to Neoadjuvant Chemo-immunotherapy in Non-small Cell Lung Cancer", "tumor_subtype": "Non-small cell lung carcinoma"}, {"semantic_format": "METADATA_SAMPLE_INFO", "data_desc": "样本元数据", "count": 2, "study": "HRA005191", "project_name": "Immune Correlates of Response and Resistance to Neoadjuvant Chemo-immunotherapy in Non-small Cell Lung Cancer", "tumor_subtype": "Non-small cell lung carcinoma"}, {"semantic_format": "TABULAR_BIO_DATA", "data_desc": "基因表达矩阵/表格数据", "count": 18, "study": "HRA005191", "project_name": "Immune Correlates of Response and Resistance to Neoadjuvant Chemo-immunotherapy in Non-small Cell Lung Cancer", "tumor_subtype": "Non-small cell lung carcinoma"}]
class300433	class3_data_tool_recommend	single_tool	差异表达分析	T034	deg_trend	HRA005191	Immune Correlates of Response and Resistance to Neoadjuvant Chemo-immunotherapy in Non-small Cell Lung Cancer	Non-small cell lung carcinoma	目标是差异表达分析，应该选择什么数据和什么工具？	完成差异表达分析需要数据：临床表型数据、样本元数据、基因表达矩阵/表格数据；推荐工具 deg_trend。图谱中项目 Immune Correlates of Response and Resistance to Neoadjuvant Chemo-immunotherapy in Non-small Cell Lung Cancer 的 HRA005191（癌种：Non-small cell lung carcinoma）存在这些数据，共 22 个匹配文件（文件引用已脱敏）。	["CLINICAL_DATA_EXCEL", "METADATA_SAMPLE_INFO", "TABULAR_BIO_DATA"]	[]	["可视化与报告", "差异表达分析"]	["Clinical", "bulk_RNA"]		[{"semantic_format": "CLINICAL_DATA_EXCEL", "data_desc": "临床表型数据", "count": 2, "study": "HRA005191", "project_name": "Immune Correlates of Response and Resistance to Neoadjuvant Chemo-immunotherapy in Non-small Cell Lung Cancer", "tumor_subtype": "Non-small cell lung carcinoma"}, {"semantic_format": "METADATA_SAMPLE_INFO", "data_desc": "样本元数据", "count": 2, "study": "HRA005191", "project_name": "Immune Correlates of Response and Resistance to Neoadjuvant Chemo-immunotherapy in Non-small Cell Lung Cancer", "tumor_subtype": "Non-small cell lung carcinoma"}, {"semantic_format": "TABULAR_BIO_DATA", "data_desc": "基因表达矩阵/表格数据", "count": 18, "study": "HRA005191", "project_name": "Immune Correlates of Response and Resistance to Neoadjuvant Chemo-immunotherapy in Non-small Cell Lung Cancer", "tumor_subtype": "Non-small cell lung carcinoma"}]
class300434	class3_data_tool_recommend	single_tool	可视化与报告	T035	gene_boxplot	HRA005191	Immune Correlates of Response and Resistance to Neoadjuvant Chemo-immunotherapy in Non-small Cell Lung Cancer	Non-small cell lung carcinoma	完成可视化与报告需要的数据和工具分别是什么？	完成可视化与报告需要数据：临床表型数据、样本元数据、基因表达矩阵/表格数据；推荐工具 gene_boxplot。图谱中项目 Immune Correlates of Response and Resistance to Neoadjuvant Chemo-immunotherapy in Non-small Cell Lung Cancer 的 HRA005191（癌种：Non-small cell lung carcinoma）存在这些数据，共 22 个匹配文件（文件引用已脱敏）。	["CLINICAL_DATA_EXCEL", "METADATA_SAMPLE_INFO", "TABULAR_BIO_DATA"]	[]	["可视化与报告"]	["Clinical", "bulk_RNA"]		[{"semantic_format": "CLINICAL_DATA_EXCEL", "data_desc": "临床表型数据", "count": 2, "study": "HRA005191", "project_name": "Immune Correlates of Response and Resistance to Neoadjuvant Chemo-immunotherapy in Non-small Cell Lung Cancer", "tumor_subtype": "Non-small cell lung carcinoma"}, {"semantic_format": "METADATA_SAMPLE_INFO", "data_desc": "样本元数据", "count": 2, "study": "HRA005191", "project_name": "Immune Correlates of Response and Resistance to Neoadjuvant Chemo-immunotherapy in Non-small Cell Lung Cancer", "tumor_subtype": "Non-small cell lung carcinoma"}, {"semantic_format": "TABULAR_BIO_DATA", "data_desc": "基因表达矩阵/表格数据", "count": 18, "study": "HRA005191", "project_name": "Immune Correlates of Response and Resistance to Neoadjuvant Chemo-immunotherapy in Non-small Cell Lung Cancer", "tumor_subtype": "Non-small cell lung carcinoma"}]
class300435	class3_data_tool_recommend	single_tool	功能富集分析	T036	gsea_pathway_enrichment	HRA005191	Immune Correlates of Response and Resistance to Neoadjuvant Chemo-immunotherapy in Non-small Cell Lung Cancer	Non-small cell lung carcinoma	我想完成功能富集分析，需要什么数据、应该用什么工具？	完成功能富集分析需要数据：基因表达矩阵/表格数据；推荐工具 gsea_pathway_enrichment。图谱中项目 Immune Correlates of Response and Resistance to Neoadjuvant Chemo-immunotherapy in Non-small Cell Lung Cancer 的 HRA005191（癌种：Non-small cell lung carcinoma）存在这些数据，共 18 个匹配文件（文件引用已脱敏）。	["TABULAR_BIO_DATA"]	[]	["功能富集分析"]	["Clinical", "bulk_RNA"]		[{"semantic_format": "TABULAR_BIO_DATA", "data_desc": "基因表达矩阵/表格数据", "count": 18, "study": "HRA005191", "project_name": "Immune Correlates of Response and Resistance to Neoadjuvant Chemo-immunotherapy in Non-small Cell Lung Cancer", "tumor_subtype": "Non-small cell lung carcinoma"}]
class300436	class3_data_tool_recommend	single_tool	生存分析	T040	km_survival	HRA005191	Immune Correlates of Response and Resistance to Neoadjuvant Chemo-immunotherapy in Non-small Cell Lung Cancer	Non-small cell lung carcinoma	要完成生存分析，需要准备哪些数据、推荐哪个工具？	完成生存分析需要数据：临床表型数据、样本元数据、基因表达矩阵/表格数据；推荐工具 km_survival。图谱中项目 Immune Correlates of Response and Resistance to Neoadjuvant Chemo-immunotherapy in Non-small Cell Lung Cancer 的 HRA005191（癌种：Non-small cell lung carcinoma）存在这些数据，共 22 个匹配文件（文件引用已脱敏）。	["CLINICAL_DATA_EXCEL", "METADATA_SAMPLE_INFO", "TABULAR_BIO_DATA"]	[]	["可视化与报告", "生存分析"]	["Clinical", "bulk_RNA"]		[{"semantic_format": "CLINICAL_DATA_EXCEL", "data_desc": "临床表型数据", "count": 2, "study": "HRA005191", "project_name": "Immune Correlates of Response and Resistance to Neoadjuvant Chemo-immunotherapy in Non-small Cell Lung Cancer", "tumor_subtype": "Non-small cell lung carcinoma"}, {"semantic_format": "METADATA_SAMPLE_INFO", "data_desc": "样本元数据", "count": 2, "study": "HRA005191", "project_name": "Immune Correlates of Response and Resistance to Neoadjuvant Chemo-immunotherapy in Non-small Cell Lung Cancer", "tumor_subtype": "Non-small cell lung carcinoma"}, {"semantic_format": "TABULAR_BIO_DATA", "data_desc": "基因表达矩阵/表格数据", "count": 18, "study": "HRA005191", "project_name": "Immune Correlates of Response and Resistance to Neoadjuvant Chemo-immunotherapy in Non-small Cell Lung Cancer", "tumor_subtype": "Non-small cell lung carcinoma"}]
class300437	class3_data_tool_recommend	single_tool	表达矩阵预处理与归一化	T042	preprocess_counts	HRA007413	Multi-omics research of acute myeloid leukemia	Acute Myeloid Leukemia	项目Multi-omics research of acute myeloid leukemia中要做表达矩阵预处理与归一化，需要哪些数据、用什么工具？	完成表达矩阵预处理与归一化需要数据：基因表达矩阵/表格数据；推荐工具 preprocess_counts。图谱中项目 Multi-omics research of acute myeloid leukemia 的 HRA007413（癌种：Acute Myeloid Leukemia）存在这些数据，共 3 个匹配文件（文件引用已脱敏）。	["TABULAR_BIO_DATA"]	[]	["表达矩阵预处理与归一化"]	["bulk_RNA"]		[{"semantic_format": "TABULAR_BIO_DATA", "data_desc": "基因表达矩阵/表格数据", "count": 3, "study": "HRA007413", "project_name": "Multi-omics research of acute myeloid leukemia", "tumor_subtype": "Acute Myeloid Leukemia"}]
class300438	class3_data_tool_recommend	single_tool	RNA序列比对	T044	rnaseq_singletask	HRA007167	Multi-omics of acral melanoma	Acral melanoma	目标是RNA序列比对，应该选择什么数据和什么工具？	完成RNA序列比对需要数据：原始双端测序数据（R1）、原始双端测序数据（R2）；推荐工具 rnaseq_singletask（另需公共参考资源：参考基因组 FASTA）。图谱中项目 Multi-omics of acral melanoma 的 HRA007167（癌种：Acral melanoma）存在这些数据，共 162 个匹配文件（文件引用已脱敏）。	["RAW_PAIRED_END_R1_FASTQ", "RAW_PAIRED_END_R2_FASTQ"]	["REFERENCE_GENOME_FASTA"]	["RNA序列比对", "接头与低质量序列修剪", "测序质量评估", "表达定量"]	["bulk_RNA"]		[{"semantic_format": "RAW_PAIRED_END_R1_FASTQ", "data_desc": "原始双端测序数据（R1）", "count": 81, "study": "HRA007167", "project_name": "Multi-omics of acral melanoma", "tumor_subtype": "Acral melanoma"}, {"semantic_format": "RAW_PAIRED_END_R2_FASTQ", "data_desc": "原始双端测序数据（R2）", "count": 81, "study": "HRA007167", "project_name": "Multi-omics of acral melanoma", "tumor_subtype": "Acral melanoma"}]
class300439	class3_data_tool_recommend	single_tool	可视化与报告	T046	stage_heatmap	HRA005191	Immune Correlates of Response and Resistance to Neoadjuvant Chemo-immunotherapy in Non-small Cell Lung Cancer	Non-small cell lung carcinoma	完成可视化与报告需要的数据和工具分别是什么？	完成可视化与报告需要数据：临床表型数据、样本元数据、基因表达矩阵/表格数据；推荐工具 stage_heatmap。图谱中项目 Immune Correlates of Response and Resistance to Neoadjuvant Chemo-immunotherapy in Non-small Cell Lung Cancer 的 HRA005191（癌种：Non-small cell lung carcinoma）存在这些数据，共 22 个匹配文件（文件引用已脱敏）。	["CLINICAL_DATA_EXCEL", "METADATA_SAMPLE_INFO", "TABULAR_BIO_DATA"]	[]	["可视化与报告"]	["Clinical", "bulk_RNA"]		[{"semantic_format": "CLINICAL_DATA_EXCEL", "data_desc": "临床表型数据", "count": 2, "study": "HRA005191", "project_name": "Immune Correlates of Response and Resistance to Neoadjuvant Chemo-immunotherapy in Non-small Cell Lung Cancer", "tumor_subtype": "Non-small cell lung carcinoma"}, {"semantic_format": "METADATA_SAMPLE_INFO", "data_desc": "样本元数据", "count": 2, "study": "HRA005191", "project_name": "Immune Correlates of Response and Resistance to Neoadjuvant Chemo-immunotherapy in Non-small Cell Lung Cancer", "tumor_subtype": "Non-small cell lung carcinoma"}, {"semantic_format": "TABULAR_BIO_DATA", "data_desc": "基因表达矩阵/表格数据", "count": 18, "study": "HRA005191", "project_name": "Immune Correlates of Response and Resistance to Neoadjuvant Chemo-immunotherapy in Non-small Cell Lung Cancer", "tumor_subtype": "Non-small cell lung carcinoma"}]
class300440	class3_data_tool_recommend	single_tool	可视化与报告	T048	umap	HRA005191	Immune Correlates of Response and Resistance to Neoadjuvant Chemo-immunotherapy in Non-small Cell Lung Cancer	Non-small cell lung carcinoma	我想完成可视化与报告，需要什么数据、应该用什么工具？	完成可视化与报告需要数据：临床表型数据、样本元数据、基因表达矩阵/表格数据；推荐工具 umap。图谱中项目 Immune Correlates of Response and Resistance to Neoadjuvant Chemo-immunotherapy in Non-small Cell Lung Cancer 的 HRA005191（癌种：Non-small cell lung carcinoma）存在这些数据，共 22 个匹配文件（文件引用已脱敏）。	["CLINICAL_DATA_EXCEL", "METADATA_SAMPLE_INFO", "TABULAR_BIO_DATA"]	[]	["可视化与报告"]	["Clinical", "bulk_RNA"]		[{"semantic_format": "CLINICAL_DATA_EXCEL", "data_desc": "临床表型数据", "count": 2, "study": "HRA005191", "project_name": "Immune Correlates of Response and Resistance to Neoadjuvant Chemo-immunotherapy in Non-small Cell Lung Cancer", "tumor_subtype": "Non-small cell lung carcinoma"}, {"semantic_format": "METADATA_SAMPLE_INFO", "data_desc": "样本元数据", "count": 2, "study": "HRA005191", "project_name": "Immune Correlates of Response and Resistance to Neoadjuvant Chemo-immunotherapy in Non-small Cell Lung Cancer", "tumor_subtype": "Non-small cell lung carcinoma"}, {"semantic_format": "TABULAR_BIO_DATA", "data_desc": "基因表达矩阵/表格数据", "count": 18, "study": "HRA005191", "project_name": "Immune Correlates of Response and Resistance to Neoadjuvant Chemo-immunotherapy in Non-small Cell Lung Cancer", "tumor_subtype": "Non-small cell lung carcinoma"}]
class300441	class3_data_tool_recommend	single_tool	共表达网络分析	T050	wgcna_hub	HRA005191	Immune Correlates of Response and Resistance to Neoadjuvant Chemo-immunotherapy in Non-small Cell Lung Cancer	Non-small cell lung carcinoma	要完成共表达网络分析，需要准备哪些数据、推荐哪个工具？	完成共表达网络分析需要数据：临床表型数据、样本元数据、基因表达矩阵/表格数据；推荐工具 wgcna_hub。图谱中项目 Immune Correlates of Response and Resistance to Neoadjuvant Chemo-immunotherapy in Non-small Cell Lung Cancer 的 HRA005191（癌种：Non-small cell lung carcinoma）存在这些数据，共 22 个匹配文件（文件引用已脱敏）。	["CLINICAL_DATA_EXCEL", "METADATA_SAMPLE_INFO", "TABULAR_BIO_DATA"]	[]	["共表达网络分析"]	["Clinical", "bulk_RNA"]		[{"semantic_format": "CLINICAL_DATA_EXCEL", "data_desc": "临床表型数据", "count": 2, "study": "HRA005191", "project_name": "Immune Correlates of Response and Resistance to Neoadjuvant Chemo-immunotherapy in Non-small Cell Lung Cancer", "tumor_subtype": "Non-small cell lung carcinoma"}, {"semantic_format": "METADATA_SAMPLE_INFO", "data_desc": "样本元数据", "count": 2, "study": "HRA005191", "project_name": "Immune Correlates of Response and Resistance to Neoadjuvant Chemo-immunotherapy in Non-small Cell Lung Cancer", "tumor_subtype": "Non-small cell lung carcinoma"}, {"semantic_format": "TABULAR_BIO_DATA", "data_desc": "基因表达矩阵/表格数据", "count": 18, "study": "HRA005191", "project_name": "Immune Correlates of Response and Resistance to Neoadjuvant Chemo-immunotherapy in Non-small Cell Lung Cancer", "tumor_subtype": "Non-small cell lung carcinoma"}]
class300442	class3_data_tool_recommend	single_tool	共表达网络分析	T051	wgcna_module_trait	HRA005191	Immune Correlates of Response and Resistance to Neoadjuvant Chemo-immunotherapy in Non-small Cell Lung Cancer	Non-small cell lung carcinoma	项目Immune Correlates of Response and Resistance to Neoadjuvant Chemo-immunotherapy in Non-small Cell Lung Cancer中要做共表达网络分析，需要哪些数据、用什么工具？	完成共表达网络分析需要数据：临床表型数据、样本元数据、基因表达矩阵/表格数据；推荐工具 wgcna_module_trait。图谱中项目 Immune Correlates of Response and Resistance to Neoadjuvant Chemo-immunotherapy in Non-small Cell Lung Cancer 的 HRA005191（癌种：Non-small cell lung carcinoma）存在这些数据，共 22 个匹配文件（文件引用已脱敏）。	["CLINICAL_DATA_EXCEL", "METADATA_SAMPLE_INFO", "TABULAR_BIO_DATA"]	[]	["共表达网络分析"]	["Clinical", "bulk_RNA"]		[{"semantic_format": "CLINICAL_DATA_EXCEL", "data_desc": "临床表型数据", "count": 2, "study": "HRA005191", "project_name": "Immune Correlates of Response and Resistance to Neoadjuvant Chemo-immunotherapy in Non-small Cell Lung Cancer", "tumor_subtype": "Non-small cell lung carcinoma"}, {"semantic_format": "METADATA_SAMPLE_INFO", "data_desc": "样本元数据", "count": 2, "study": "HRA005191", "project_name": "Immune Correlates of Response and Resistance to Neoadjuvant Chemo-immunotherapy in Non-small Cell Lung Cancer", "tumor_subtype": "Non-small cell lung carcinoma"}, {"semantic_format": "TABULAR_BIO_DATA", "data_desc": "基因表达矩阵/表格数据", "count": 18, "study": "HRA005191", "project_name": "Immune Correlates of Response and Resistance to Neoadjuvant Chemo-immunotherapy in Non-small Cell Lung Cancer", "tumor_subtype": "Non-small cell lung carcinoma"}]
class300443	class3_data_tool_recommend	single_tool	结构变异检测	T053	manta_structural_variants	HRA016026	Multi-omics Landscape of Central Nervous System Tumors	Lung Cancer	目标是结构变异检测，应该选择什么数据和什么工具？	完成结构变异检测需要数据：基因组比对 BAM 数据；推荐工具 manta_structural_variants（另需公共参考资源：参考基因组 FASTA）。图谱中项目 Multi-omics Landscape of Central Nervous System Tumors 的 HRA016026（癌种：Lung Cancer）存在这些数据，共 700 个匹配文件（文件引用已脱敏）。	["DNA_GENOMIC_ALIGNMENT_BAM"]	["REFERENCE_GENOME_FASTA"]	["结构变异检测"]	["WES", "WGS"]		[{"semantic_format": "DNA_ALIGNMENT_BQSR_BAM", "data_desc": "碱基质量校正后的比对 BAM 数据", "count": 700, "study": "HRA016026", "project_name": "Multi-omics Landscape of Central Nervous System Tumors", "tumor_subtype": "Lung Cancer"}]
class300444	class3_data_tool_recommend	single_tool	基因融合检测	T054	star_fusion	HRA002693	Multi-center RNA sequencing analysis for acute myeloid leukemia	Acute Myeloid Leukemia	完成基因融合检测需要的数据和工具分别是什么？	完成基因融合检测需要数据：样本元数据、原始双端测序数据（R1）、原始双端测序数据（R2）；推荐工具 star_fusion。图谱中项目 Multi-center RNA sequencing analysis for acute myeloid leukemia 的 HRA002693（癌种：Acute Myeloid Leukemia）存在这些数据，共 1311 个匹配文件（文件引用已脱敏）。	["METADATA_SAMPLE_INFO", "RAW_PAIRED_END_R1_FASTQ", "RAW_PAIRED_END_R2_FASTQ"]	[]	["基因融合检测"]	["Clinical", "bulk_RNA"]		[{"semantic_format": "METADATA_SAMPLE_INFO", "data_desc": "样本元数据", "count": 1, "study": "HRA002693", "project_name": "Multi-center RNA sequencing analysis for acute myeloid leukemia", "tumor_subtype": "Acute Myeloid Leukemia"}, {"semantic_format": "RAW_PAIRED_END_R1_FASTQ", "data_desc": "原始双端测序数据（R1）", "count": 655, "study": "HRA002693", "project_name": "Multi-center RNA sequencing analysis for acute myeloid leukemia", "tumor_subtype": "Acute Myeloid Leukemia"}, {"semantic_format": "RAW_PAIRED_END_R2_FASTQ", "data_desc": "原始双端测序数据（R2）", "count": 655, "study": "HRA002693", "project_name": "Multi-center RNA sequencing analysis for acute myeloid leukemia", "tumor_subtype": "Acute Myeloid Leukemia"}]
class300445	class3_data_tool_recommend	single_tool	测序质量评估	T002	fastqc	HRA002693	Multi-center RNA sequencing analysis for acute myeloid leukemia	Acute Myeloid Leukemia	我想完成测序质量评估，需要什么数据、应该用什么工具？	完成测序质量评估需要数据：原始单端测序数据；推荐工具 fastqc。图谱中项目 Multi-center RNA sequencing analysis for acute myeloid leukemia 的 HRA002693（癌种：Acute Myeloid Leukemia）存在这些数据，共 1310 个匹配文件（文件引用已脱敏）。	["RAW_SINGLE_END_FASTQ"]	[]	["可视化与报告", "测序质量评估"]	["WES", "WGS", "bulk_RNA", "sc-RNA"]		[{"semantic_format": "RAW_PAIRED_END_R1_FASTQ", "data_desc": "原始双端测序数据（R1）", "count": 655, "study": "HRA002693", "project_name": "Multi-center RNA sequencing analysis for acute myeloid leukemia", "tumor_subtype": "Acute Myeloid Leukemia"}, {"semantic_format": "RAW_PAIRED_END_R2_FASTQ", "data_desc": "原始双端测序数据（R2）", "count": 655, "study": "HRA002693", "project_name": "Multi-center RNA sequencing analysis for acute myeloid leukemia", "tumor_subtype": "Acute Myeloid Leukemia"}]
class300446	class3_data_tool_recommend	single_tool	接头与低质量序列修剪	T004	trim_galore	HRA007413	Multi-omics research of acute myeloid leukemia	Acute Myeloid Leukemia	要完成接头与低质量序列修剪，需要准备哪些数据、推荐哪个工具？	完成接头与低质量序列修剪需要数据：原始双端测序数据（R1）、原始双端测序数据（R2）；推荐工具 trim_galore。图谱中项目 Multi-omics research of acute myeloid leukemia 的 HRA007413（癌种：Acute Myeloid Leukemia）存在这些数据，共 1468 个匹配文件（文件引用已脱敏）。	["RAW_PAIRED_END_R1_FASTQ", "RAW_PAIRED_END_R2_FASTQ"]	[]	["接头与低质量序列修剪"]	["bulk_RNA"]		[{"semantic_format": "RAW_PAIRED_END_R1_FASTQ", "data_desc": "原始双端测序数据（R1）", "count": 734, "study": "HRA007413", "project_name": "Multi-omics research of acute myeloid leukemia", "tumor_subtype": "Acute Myeloid Leukemia"}, {"semantic_format": "RAW_PAIRED_END_R2_FASTQ", "data_desc": "原始双端测序数据（R2）", "count": 734, "study": "HRA007413", "project_name": "Multi-omics research of acute myeloid leukemia", "tumor_subtype": "Acute Myeloid Leukemia"}]
class300447	class3_data_tool_recommend	single_tool	RNA序列比对	T005	star	HRA007413	Multi-omics research of acute myeloid leukemia	Acute Myeloid Leukemia	项目Multi-omics research of acute myeloid leukemia中要做RNA序列比对，需要哪些数据、用什么工具？	完成RNA序列比对需要数据：原始双端测序数据（R1）、原始双端测序数据（R2）；推荐工具 star（另需公共参考资源：参考基因组 FASTA）。图谱中项目 Multi-omics research of acute myeloid leukemia 的 HRA007413（癌种：Acute Myeloid Leukemia）存在这些数据，共 1468 个匹配文件（文件引用已脱敏）。	["RAW_PAIRED_END_R1_FASTQ", "RAW_PAIRED_END_R2_FASTQ"]	["REFERENCE_GENOME_FASTA"]	["RNA序列比对"]	["bulk_RNA"]		[{"semantic_format": "RAW_PAIRED_END_R1_FASTQ", "data_desc": "原始双端测序数据（R1）", "count": 734, "study": "HRA007413", "project_name": "Multi-omics research of acute myeloid leukemia", "tumor_subtype": "Acute Myeloid Leukemia"}, {"semantic_format": "RAW_PAIRED_END_R2_FASTQ", "data_desc": "原始双端测序数据（R2）", "count": 734, "study": "HRA007413", "project_name": "Multi-omics research of acute myeloid leukemia", "tumor_subtype": "Acute Myeloid Leukemia"}]
class300448	class3_data_tool_recommend	single_tool	比对后处理与去重	T007	samtools	HRA006499	Pharmacogenomic profiling of intra-tumor heterogeneity by a large organoid biobank of liver cancer	Liver Cancer	目标是比对后处理与去重，应该选择什么数据和什么工具？	完成比对后处理与去重需要数据：基因组比对 BAM 数据；推荐工具 samtools。图谱中项目 Pharmacogenomic profiling of intra-tumor heterogeneity by a large organoid biobank of liver cancer 的 HRA006499（癌种：Liver Cancer）存在这些数据，共 763 个匹配文件（文件引用已脱敏）。	["DNA_GENOMIC_ALIGNMENT_BAM"]	[]	["比对后处理与去重"]	["WES", "WGS", "bulk_RNA"]		[{"semantic_format": "DNA_ALIGNMENT_BQSR_BAM", "data_desc": "碱基质量校正后的比对 BAM 数据", "count": 763, "study": "HRA006499", "project_name": "Pharmacogenomic profiling of intra-tumor heterogeneity by a large organoid biobank of liver cancer", "tumor_subtype": "Liver Cancer"}]
class300449	class3_data_tool_recommend	single_tool	生存分析	T017	her2_pfs_survival	HRA006117	Aging and leukemia	Acute Myeloid Leukemia	完成生存分析需要的数据和工具分别是什么？	完成生存分析需要数据：临床表型数据、基因表达矩阵/表格数据；推荐工具 her2_pfs_survival。图谱中项目 Aging and leukemia 的 HRA006117（癌种：Acute Myeloid Leukemia）存在这些数据，共 4 个匹配文件（文件引用已脱敏）。	["CLINICAL_DATA_EXCEL", "TABULAR_BIO_DATA"]	[]	["可视化与报告", "生存分析"]	["Clinical", "bulk_RNA"]		[{"semantic_format": "CLINICAL_DATA_EXCEL", "data_desc": "临床表型数据", "count": 1, "study": "HRA006117", "project_name": "Aging and leukemia", "tumor_subtype": "Acute Myeloid Leukemia"}, {"semantic_format": "TABULAR_BIO_DATA", "data_desc": "基因表达矩阵/表格数据", "count": 3, "study": "HRA006117", "project_name": "Aging and leukemia", "tumor_subtype": "Acute Myeloid Leukemia"}]
class300450	class3_data_tool_recommend	single_tool	免疫浸润与微环境分析	T018	immune_infiltration_iobr	HRA006117	Aging and leukemia	Acute Myeloid Leukemia	我想完成免疫浸润与微环境分析，需要什么数据、应该用什么工具？	完成免疫浸润与微环境分析需要数据：临床表型数据、基因表达矩阵/表格数据；推荐工具 immune_infiltration_iobr。图谱中项目 Aging and leukemia 的 HRA006117（癌种：Acute Myeloid Leukemia）存在这些数据，共 4 个匹配文件（文件引用已脱敏）。	["CLINICAL_DATA_EXCEL", "TABULAR_BIO_DATA"]	[]	["免疫浸润与微环境分析", "可视化与报告"]	["Clinical", "bulk_RNA"]		[{"semantic_format": "CLINICAL_DATA_EXCEL", "data_desc": "临床表型数据", "count": 1, "study": "HRA006117", "project_name": "Aging and leukemia", "tumor_subtype": "Acute Myeloid Leukemia"}, {"semantic_format": "TABULAR_BIO_DATA", "data_desc": "基因表达矩阵/表格数据", "count": 3, "study": "HRA006117", "project_name": "Aging and leukemia", "tumor_subtype": "Acute Myeloid Leukemia"}]
class300451	class3_data_tool_recommend	tool_chain	测序质量评估	T001,T002	fastp -> fastqc	HRA000071	Chinese Glioma Genome Altas (CGGA) - WES dataset	Malignant Glioma	要完成测序质量评估，需要哪些数据、推荐哪条工具流程？	完成测序质量评估需要数据：原始双端测序数据（R1）；推荐工具链：fastp -> fastqc（流程：接头与低质量序列修剪）。项目 Chinese Glioma Genome Altas (CGGA) - WES dataset（HRA000071）中存在该数据（文件引用已脱敏）。	["RAW_PAIRED_END_R1_FASTQ", "RAW_PAIRED_END_R2_FASTQ"]	[]	"接头与低质量序列修剪"	[]		[{"study": "HRA000071", "project_name": "Chinese Glioma Genome Altas (CGGA) - WES dataset", "tumor_subtype": "Malignant Glioma", "semantic_format": "RAW_PAIRED_END_R1_FASTQ", "data_desc": "原始双端测序数据（R1）", "count": 572}]
class300452	class3_data_tool_recommend	tool_chain	RNA序列比对	T001,T005	fastp -> star	HRA000071	Chinese Glioma Genome Altas (CGGA) - WES dataset	Malignant Glioma	项目Chinese Glioma Genome Altas (CGGA) - WES dataset中要做RNA序列比对，需要哪些数据、用什么工具链？	完成RNA序列比对需要数据：原始双端测序数据（R1）；推荐工具链：fastp -> star（流程：接头与低质量序列修剪）。项目 Chinese Glioma Genome Altas (CGGA) - WES dataset（HRA000071）中存在该数据（文件引用已脱敏）。	["RAW_PAIRED_END_R1_FASTQ", "RAW_PAIRED_END_R2_FASTQ"]	[]	"接头与低质量序列修剪"	[]		[{"study": "HRA000071", "project_name": "Chinese Glioma Genome Altas (CGGA) - WES dataset", "tumor_subtype": "Malignant Glioma", "semantic_format": "RAW_PAIRED_END_R1_FASTQ", "data_desc": "原始双端测序数据（R1）", "count": 572}]
class300453	class3_data_tool_recommend	tool_chain	DNA序列比对	T001,T006	fastp -> bwa	HRA000071	Chinese Glioma Genome Altas (CGGA) - WES dataset	Malignant Glioma	我想完成DNA序列比对，需要什么数据、应该用什么工具链？	完成DNA序列比对需要数据：原始双端测序数据（R1）；推荐工具链：fastp -> bwa（流程：接头与低质量序列修剪）。项目 Chinese Glioma Genome Altas (CGGA) - WES dataset（HRA000071）中存在该数据（文件引用已脱敏）。	["RAW_PAIRED_END_R1_FASTQ", "RAW_PAIRED_END_R2_FASTQ"]	[]	"接头与低质量序列修剪"	[]		[{"study": "HRA000071", "project_name": "Chinese Glioma Genome Altas (CGGA) - WES dataset", "tumor_subtype": "Malignant Glioma", "semantic_format": "RAW_PAIRED_END_R1_FASTQ", "data_desc": "原始双端测序数据（R1）", "count": 572}]
class300454	class3_data_tool_recommend	tool_chain	测序质量评估	T001,T002	fastp -> fastqc	HRA000122	Integrated Genomic Analyses Identify High-Risk Factors Associated with Poor Outcomes of T-ALL	Acute T cell leukemia	要完成测序质量评估，需要哪些数据、推荐哪条工具流程？	完成测序质量评估需要数据：原始双端测序数据（R1）；推荐工具链：fastp -> fastqc（流程：接头与低质量序列修剪）。项目 Integrated Genomic Analyses Identify High-Risk Factors Associated with Poor Outcomes of T-ALL（HRA000122）中存在该数据（文件引用已脱敏）。	["RAW_PAIRED_END_R1_FASTQ", "RAW_PAIRED_END_R2_FASTQ"]	[]	"接头与低质量序列修剪"	[]		[{"study": "HRA000122", "project_name": "Integrated Genomic Analyses Identify High-Risk Factors Associated with Poor Outcomes of T-ALL", "tumor_subtype": "Acute T cell leukemia", "semantic_format": "RAW_PAIRED_END_R1_FASTQ", "data_desc": "原始双端测序数据（R1）", "count": 348}]
class300455	class3_data_tool_recommend	tool_chain	RNA序列比对	T001,T005	fastp -> star	HRA000122	Integrated Genomic Analyses Identify High-Risk Factors Associated with Poor Outcomes of T-ALL	Acute T cell leukemia	项目Integrated Genomic Analyses Identify High-Risk Factors Associated with Poor Outcomes of T-ALL中要做RNA序列比对，需要哪些数据、用什么工具链？	完成RNA序列比对需要数据：原始双端测序数据（R1）；推荐工具链：fastp -> star（流程：接头与低质量序列修剪）。项目 Integrated Genomic Analyses Identify High-Risk Factors Associated with Poor Outcomes of T-ALL（HRA000122）中存在该数据（文件引用已脱敏）。	["RAW_PAIRED_END_R1_FASTQ", "RAW_PAIRED_END_R2_FASTQ"]	[]	"接头与低质量序列修剪"	[]		[{"study": "HRA000122", "project_name": "Integrated Genomic Analyses Identify High-Risk Factors Associated with Poor Outcomes of T-ALL", "tumor_subtype": "Acute T cell leukemia", "semantic_format": "RAW_PAIRED_END_R1_FASTQ", "data_desc": "原始双端测序数据（R1）", "count": 348}]
class300456	class3_data_tool_recommend	tool_chain	DNA序列比对	T001,T006	fastp -> bwa	HRA000122	Integrated Genomic Analyses Identify High-Risk Factors Associated with Poor Outcomes of T-ALL	Acute T cell leukemia	我想完成DNA序列比对，需要什么数据、应该用什么工具链？	完成DNA序列比对需要数据：原始双端测序数据（R1）；推荐工具链：fastp -> bwa（流程：接头与低质量序列修剪）。项目 Integrated Genomic Analyses Identify High-Risk Factors Associated with Poor Outcomes of T-ALL（HRA000122）中存在该数据（文件引用已脱敏）。	["RAW_PAIRED_END_R1_FASTQ", "RAW_PAIRED_END_R2_FASTQ"]	[]	"接头与低质量序列修剪"	[]		[{"study": "HRA000122", "project_name": "Integrated Genomic Analyses Identify High-Risk Factors Associated with Poor Outcomes of T-ALL", "tumor_subtype": "Acute T cell leukemia", "semantic_format": "RAW_PAIRED_END_R1_FASTQ", "data_desc": "原始双端测序数据（R1）", "count": 348}]
class300457	class3_data_tool_recommend	tool_chain	测序质量评估	T001,T002	fastp -> fastqc	HRA000873	Whole  exome sequencing  of patients with CRC from the Changkang project	Colorectal Cancer	要完成测序质量评估，需要哪些数据、推荐哪条工具流程？	完成测序质量评估需要数据：原始双端测序数据（R1）；推荐工具链：fastp -> fastqc（流程：接头与低质量序列修剪）。项目 Whole  exome sequencing  of patients with CRC from the Changkang project（HRA000873）中存在该数据（文件引用已脱敏）。	["RAW_PAIRED_END_R1_FASTQ", "RAW_PAIRED_END_R2_FASTQ"]	[]	"接头与低质量序列修剪"	[]		[{"study": "HRA000873", "project_name": "Whole  exome sequencing  of patients with CRC from the Changkang project", "tumor_subtype": "Colorectal Cancer", "semantic_format": "RAW_PAIRED_END_R1_FASTQ", "data_desc": "原始双端测序数据（R1）", "count": 2030}]
class300458	class3_data_tool_recommend	tool_chain	RNA序列比对	T001,T005	fastp -> star	HRA000873	Whole  exome sequencing  of patients with CRC from the Changkang project	Colorectal Cancer	项目Whole  exome sequencing  of patients with CRC from the Changkang project中要做RNA序列比对，需要哪些数据、用什么工具链？	完成RNA序列比对需要数据：原始双端测序数据（R1）；推荐工具链：fastp -> star（流程：接头与低质量序列修剪）。项目 Whole  exome sequencing  of patients with CRC from the Changkang project（HRA000873）中存在该数据（文件引用已脱敏）。	["RAW_PAIRED_END_R1_FASTQ", "RAW_PAIRED_END_R2_FASTQ"]	[]	"接头与低质量序列修剪"	[]		[{"study": "HRA000873", "project_name": "Whole  exome sequencing  of patients with CRC from the Changkang project", "tumor_subtype": "Colorectal Cancer", "semantic_format": "RAW_PAIRED_END_R1_FASTQ", "data_desc": "原始双端测序数据（R1）", "count": 2030}]
class300459	class3_data_tool_recommend	tool_chain	DNA序列比对	T001,T006	fastp -> bwa	HRA000873	Whole  exome sequencing  of patients with CRC from the Changkang project	Colorectal Cancer	我想完成DNA序列比对，需要什么数据、应该用什么工具链？	完成DNA序列比对需要数据：原始双端测序数据（R1）；推荐工具链：fastp -> bwa（流程：接头与低质量序列修剪）。项目 Whole  exome sequencing  of patients with CRC from the Changkang project（HRA000873）中存在该数据（文件引用已脱敏）。	["RAW_PAIRED_END_R1_FASTQ", "RAW_PAIRED_END_R2_FASTQ"]	[]	"接头与低质量序列修剪"	[]		[{"study": "HRA000873", "project_name": "Whole  exome sequencing  of patients with CRC from the Changkang project", "tumor_subtype": "Colorectal Cancer", "semantic_format": "RAW_PAIRED_END_R1_FASTQ", "data_desc": "原始双端测序数据（R1）", "count": 2030}]
class300460	class3_data_tool_recommend	tool_chain	测序质量评估	T001,T002	fastp -> fastqc	HRA001272	Integrated genomic and transcriptomic profiling dissects spatiotemporal evolution of metastatic hepatocellular carcinoma	Hepatocellular carcinoma	要完成测序质量评估，需要哪些数据、推荐哪条工具流程？	完成测序质量评估需要数据：原始双端测序数据（R1）；推荐工具链：fastp -> fastqc（流程：接头与低质量序列修剪）。项目 Integrated genomic and transcriptomic profiling dissects spatiotemporal evolution of metastatic hepatocellular carcinoma（HRA001272）中存在该数据（文件引用已脱敏）。	["RAW_PAIRED_END_R1_FASTQ", "RAW_PAIRED_END_R2_FASTQ"]	[]	"接头与低质量序列修剪"	[]		[{"study": "HRA001272", "project_name": "Integrated genomic and transcriptomic profiling dissects spatiotemporal evolution of metastatic hepatocellular carcinoma", "tumor_subtype": "Hepatocellular carcinoma", "semantic_format": "RAW_PAIRED_END_R1_FASTQ", "data_desc": "原始双端测序数据（R1）", "count": 1180}]
class300461	class3_data_tool_recommend	tool_chain	RNA序列比对	T001,T005	fastp -> star	HRA001272	Integrated genomic and transcriptomic profiling dissects spatiotemporal evolution of metastatic hepatocellular carcinoma	Hepatocellular carcinoma	项目Integrated genomic and transcriptomic profiling dissects spatiotemporal evolution of metastatic hepatocellular carcinoma中要做RNA序列比对，需要哪些数据、用什么工具链？	完成RNA序列比对需要数据：原始双端测序数据（R1）；推荐工具链：fastp -> star（流程：接头与低质量序列修剪）。项目 Integrated genomic and transcriptomic profiling dissects spatiotemporal evolution of metastatic hepatocellular carcinoma（HRA001272）中存在该数据（文件引用已脱敏）。	["RAW_PAIRED_END_R1_FASTQ", "RAW_PAIRED_END_R2_FASTQ"]	[]	"接头与低质量序列修剪"	[]		[{"study": "HRA001272", "project_name": "Integrated genomic and transcriptomic profiling dissects spatiotemporal evolution of metastatic hepatocellular carcinoma", "tumor_subtype": "Hepatocellular carcinoma", "semantic_format": "RAW_PAIRED_END_R1_FASTQ", "data_desc": "原始双端测序数据（R1）", "count": 1180}]
class300462	class3_data_tool_recommend	tool_chain	DNA序列比对	T001,T006	fastp -> bwa	HRA001272	Integrated genomic and transcriptomic profiling dissects spatiotemporal evolution of metastatic hepatocellular carcinoma	Hepatocellular carcinoma	我想完成DNA序列比对，需要什么数据、应该用什么工具链？	完成DNA序列比对需要数据：原始双端测序数据（R1）；推荐工具链：fastp -> bwa（流程：接头与低质量序列修剪）。项目 Integrated genomic and transcriptomic profiling dissects spatiotemporal evolution of metastatic hepatocellular carcinoma（HRA001272）中存在该数据（文件引用已脱敏）。	["RAW_PAIRED_END_R1_FASTQ", "RAW_PAIRED_END_R2_FASTQ"]	[]	"接头与低质量序列修剪"	[]		[{"study": "HRA001272", "project_name": "Integrated genomic and transcriptomic profiling dissects spatiotemporal evolution of metastatic hepatocellular carcinoma", "tumor_subtype": "Hepatocellular carcinoma", "semantic_format": "RAW_PAIRED_END_R1_FASTQ", "data_desc": "原始双端测序数据（R1）", "count": 1180}]
class300463	class3_data_tool_recommend	tool_chain	测序质量评估	T001,T002	fastp -> fastqc	HRA001749	scRNA-seq of liver cancer	Liver Cancer	要完成测序质量评估，需要哪些数据、推荐哪条工具流程？	完成测序质量评估需要数据：原始双端测序数据（R1）；推荐工具链：fastp -> fastqc（流程：接头与低质量序列修剪）。项目 scRNA-seq of liver cancer（HRA001749）中存在该数据（文件引用已脱敏）。	["RAW_PAIRED_END_R1_FASTQ", "RAW_PAIRED_END_R2_FASTQ"]	[]	"接头与低质量序列修剪"	[]		[{"study": "HRA001749", "project_name": "scRNA-seq of liver cancer", "tumor_subtype": "Liver Cancer", "semantic_format": "RAW_PAIRED_END_R1_FASTQ", "data_desc": "原始双端测序数据（R1）", "count": 178}]
class300464	class3_data_tool_recommend	tool_chain	RNA序列比对	T001,T005	fastp -> star	HRA001749	scRNA-seq of liver cancer	Liver Cancer	项目scRNA-seq of liver cancer中要做RNA序列比对，需要哪些数据、用什么工具链？	完成RNA序列比对需要数据：原始双端测序数据（R1）；推荐工具链：fastp -> star（流程：接头与低质量序列修剪）。项目 scRNA-seq of liver cancer（HRA001749）中存在该数据（文件引用已脱敏）。	["RAW_PAIRED_END_R1_FASTQ", "RAW_PAIRED_END_R2_FASTQ"]	[]	"接头与低质量序列修剪"	[]		[{"study": "HRA001749", "project_name": "scRNA-seq of liver cancer", "tumor_subtype": "Liver Cancer", "semantic_format": "RAW_PAIRED_END_R1_FASTQ", "data_desc": "原始双端测序数据（R1）", "count": 178}]
class300465	class3_data_tool_recommend	tool_chain	DNA序列比对	T001,T006	fastp -> bwa	HRA001749	scRNA-seq of liver cancer	Liver Cancer	我想完成DNA序列比对，需要什么数据、应该用什么工具链？	完成DNA序列比对需要数据：原始双端测序数据（R1）；推荐工具链：fastp -> bwa（流程：接头与低质量序列修剪）。项目 scRNA-seq of liver cancer（HRA001749）中存在该数据（文件引用已脱敏）。	["RAW_PAIRED_END_R1_FASTQ", "RAW_PAIRED_END_R2_FASTQ"]	[]	"接头与低质量序列修剪"	[]		[{"study": "HRA001749", "project_name": "scRNA-seq of liver cancer", "tumor_subtype": "Liver Cancer", "semantic_format": "RAW_PAIRED_END_R1_FASTQ", "data_desc": "原始双端测序数据（R1）", "count": 178}]
class300466	class3_data_tool_recommend	tool_chain	测序质量评估	T001,T002	fastp -> fastqc	HRA006499	Pharmacogenomic profiling of intra-tumor heterogeneity by a large organoid biobank of liver cancer	Liver Cancer	要完成测序质量评估，需要哪些数据、推荐哪条工具流程？	完成测序质量评估需要数据：原始双端测序数据（R1）；推荐工具链：fastp -> fastqc（流程：接头与低质量序列修剪）。项目 Pharmacogenomic profiling of intra-tumor heterogeneity by a large organoid biobank of liver cancer（HRA006499）中存在该数据（文件引用已脱敏）。	["RAW_PAIRED_END_R1_FASTQ", "RAW_PAIRED_END_R2_FASTQ"]	[]	"接头与低质量序列修剪"	[]		[{"study": "HRA006499", "project_name": "Pharmacogenomic profiling of intra-tumor heterogeneity by a large organoid biobank of liver cancer", "tumor_subtype": "Liver Cancer", "semantic_format": "RAW_PAIRED_END_R1_FASTQ", "data_desc": "原始双端测序数据（R1）", "count": 763}]
class300467	class3_data_tool_recommend	tool_chain	RNA序列比对	T001,T005	fastp -> star	HRA006499	Pharmacogenomic profiling of intra-tumor heterogeneity by a large organoid biobank of liver cancer	Liver Cancer	项目Pharmacogenomic profiling of intra-tumor heterogeneity by a large organoid biobank of liver cancer中要做RNA序列比对，需要哪些数据、用什么工具链？	完成RNA序列比对需要数据：原始双端测序数据（R1）；推荐工具链：fastp -> star（流程：接头与低质量序列修剪）。项目 Pharmacogenomic profiling of intra-tumor heterogeneity by a large organoid biobank of liver cancer（HRA006499）中存在该数据（文件引用已脱敏）。	["RAW_PAIRED_END_R1_FASTQ", "RAW_PAIRED_END_R2_FASTQ"]	[]	"接头与低质量序列修剪"	[]		[{"study": "HRA006499", "project_name": "Pharmacogenomic profiling of intra-tumor heterogeneity by a large organoid biobank of liver cancer", "tumor_subtype": "Liver Cancer", "semantic_format": "RAW_PAIRED_END_R1_FASTQ", "data_desc": "原始双端测序数据（R1）", "count": 763}]
class300468	class3_data_tool_recommend	tool_chain	DNA序列比对	T001,T006	fastp -> bwa	HRA006499	Pharmacogenomic profiling of intra-tumor heterogeneity by a large organoid biobank of liver cancer	Liver Cancer	我想完成DNA序列比对，需要什么数据、应该用什么工具链？	完成DNA序列比对需要数据：原始双端测序数据（R1）；推荐工具链：fastp -> bwa（流程：接头与低质量序列修剪）。项目 Pharmacogenomic profiling of intra-tumor heterogeneity by a large organoid biobank of liver cancer（HRA006499）中存在该数据（文件引用已脱敏）。	["RAW_PAIRED_END_R1_FASTQ", "RAW_PAIRED_END_R2_FASTQ"]	[]	"接头与低质量序列修剪"	[]		[{"study": "HRA006499", "project_name": "Pharmacogenomic profiling of intra-tumor heterogeneity by a large organoid biobank of liver cancer", "tumor_subtype": "Liver Cancer", "semantic_format": "RAW_PAIRED_END_R1_FASTQ", "data_desc": "原始双端测序数据（R1）", "count": 763}]
class300469	class3_data_tool_recommend	tool_chain	测序质量评估	T001,T002	fastp -> fastqc	HRA007169	Multi-omics of acral melanoma	Acral melanoma	要完成测序质量评估，需要哪些数据、推荐哪条工具流程？	完成测序质量评估需要数据：原始双端测序数据（R1）；推荐工具链：fastp -> fastqc（流程：接头与低质量序列修剪）。项目 Multi-omics of acral melanoma（HRA007169）中存在该数据（文件引用已脱敏）。	["RAW_PAIRED_END_R1_FASTQ", "RAW_PAIRED_END_R2_FASTQ"]	[]	"接头与低质量序列修剪"	[]		[{"study": "HRA007169", "project_name": "Multi-omics of acral melanoma", "tumor_subtype": "Acral melanoma", "semantic_format": "RAW_PAIRED_END_R1_FASTQ", "data_desc": "原始双端测序数据（R1）", "count": 168}]
class300470	class3_data_tool_recommend	tool_chain	RNA序列比对	T001,T005	fastp -> star	HRA007169	Multi-omics of acral melanoma	Acral melanoma	项目Multi-omics of acral melanoma中要做RNA序列比对，需要哪些数据、用什么工具链？	完成RNA序列比对需要数据：原始双端测序数据（R1）；推荐工具链：fastp -> star（流程：接头与低质量序列修剪）。项目 Multi-omics of acral melanoma（HRA007169）中存在该数据（文件引用已脱敏）。	["RAW_PAIRED_END_R1_FASTQ", "RAW_PAIRED_END_R2_FASTQ"]	[]	"接头与低质量序列修剪"	[]		[{"study": "HRA007169", "project_name": "Multi-omics of acral melanoma", "tumor_subtype": "Acral melanoma", "semantic_format": "RAW_PAIRED_END_R1_FASTQ", "data_desc": "原始双端测序数据（R1）", "count": 168}]
class300471	class3_data_tool_recommend	tool_chain	DNA序列比对	T001,T006	fastp -> bwa	HRA007169	Multi-omics of acral melanoma	Acral melanoma	我想完成DNA序列比对，需要什么数据、应该用什么工具链？	完成DNA序列比对需要数据：原始双端测序数据（R1）；推荐工具链：fastp -> bwa（流程：接头与低质量序列修剪）。项目 Multi-omics of acral melanoma（HRA007169）中存在该数据（文件引用已脱敏）。	["RAW_PAIRED_END_R1_FASTQ", "RAW_PAIRED_END_R2_FASTQ"]	[]	"接头与低质量序列修剪"	[]		[{"study": "HRA007169", "project_name": "Multi-omics of acral melanoma", "tumor_subtype": "Acral melanoma", "semantic_format": "RAW_PAIRED_END_R1_FASTQ", "data_desc": "原始双端测序数据（R1）", "count": 168}]
class300472	class3_data_tool_recommend	tool_chain	测序质量评估	T001,T002	fastp -> fastqc	HRA007413	Multi-omics research of acute myeloid leukemia	Acute Myeloid Leukemia	要完成测序质量评估，需要哪些数据、推荐哪条工具流程？	完成测序质量评估需要数据：原始双端测序数据（R1）；推荐工具链：fastp -> fastqc（流程：接头与低质量序列修剪）。项目 Multi-omics research of acute myeloid leukemia（HRA007413）中存在该数据（文件引用已脱敏）。	["RAW_PAIRED_END_R1_FASTQ", "RAW_PAIRED_END_R2_FASTQ"]	[]	"接头与低质量序列修剪"	[]		[{"study": "HRA007413", "project_name": "Multi-omics research of acute myeloid leukemia", "tumor_subtype": "Acute Myeloid Leukemia", "semantic_format": "RAW_PAIRED_END_R1_FASTQ", "data_desc": "原始双端测序数据（R1）", "count": 734}]
class300473	class3_data_tool_recommend	tool_chain	RNA序列比对	T001,T005	fastp -> star	HRA007413	Multi-omics research of acute myeloid leukemia	Acute Myeloid Leukemia	项目Multi-omics research of acute myeloid leukemia中要做RNA序列比对，需要哪些数据、用什么工具链？	完成RNA序列比对需要数据：原始双端测序数据（R1）；推荐工具链：fastp -> star（流程：接头与低质量序列修剪）。项目 Multi-omics research of acute myeloid leukemia（HRA007413）中存在该数据（文件引用已脱敏）。	["RAW_PAIRED_END_R1_FASTQ", "RAW_PAIRED_END_R2_FASTQ"]	[]	"接头与低质量序列修剪"	[]		[{"study": "HRA007413", "project_name": "Multi-omics research of acute myeloid leukemia", "tumor_subtype": "Acute Myeloid Leukemia", "semantic_format": "RAW_PAIRED_END_R1_FASTQ", "data_desc": "原始双端测序数据（R1）", "count": 734}]
class300474	class3_data_tool_recommend	tool_chain	DNA序列比对	T001,T006	fastp -> bwa	HRA007413	Multi-omics research of acute myeloid leukemia	Acute Myeloid Leukemia	我想完成DNA序列比对，需要什么数据、应该用什么工具链？	完成DNA序列比对需要数据：原始双端测序数据（R1）；推荐工具链：fastp -> bwa（流程：接头与低质量序列修剪）。项目 Multi-omics research of acute myeloid leukemia（HRA007413）中存在该数据（文件引用已脱敏）。	["RAW_PAIRED_END_R1_FASTQ", "RAW_PAIRED_END_R2_FASTQ"]	[]	"接头与低质量序列修剪"	[]		[{"study": "HRA007413", "project_name": "Multi-omics research of acute myeloid leukemia", "tumor_subtype": "Acute Myeloid Leukemia", "semantic_format": "RAW_PAIRED_END_R1_FASTQ", "data_desc": "原始双端测序数据（R1）", "count": 734}]
class300475	class3_data_tool_recommend	tool_chain	测序质量评估	T001,T002	fastp -> fastqc	HRA016026	Multi-omics Landscape of Central Nervous System Tumors	Lung Cancer	要完成测序质量评估，需要哪些数据、推荐哪条工具流程？	完成测序质量评估需要数据：原始双端测序数据（R1）；推荐工具链：fastp -> fastqc（流程：接头与低质量序列修剪）。项目 Multi-omics Landscape of Central Nervous System Tumors（HRA016026）中存在该数据（文件引用已脱敏）。	["RAW_PAIRED_END_R1_FASTQ", "RAW_PAIRED_END_R2_FASTQ"]	[]	"接头与低质量序列修剪"	[]		[{"study": "HRA016026", "project_name": "Multi-omics Landscape of Central Nervous System Tumors", "tumor_subtype": "Lung Cancer", "semantic_format": "RAW_PAIRED_END_R1_FASTQ", "data_desc": "原始双端测序数据（R1）", "count": 1384}]
class300476	class3_data_tool_recommend	tool_chain	RNA序列比对	T001,T005	fastp -> star	HRA016026	Multi-omics Landscape of Central Nervous System Tumors	Lung Cancer	项目Multi-omics Landscape of Central Nervous System Tumors中要做RNA序列比对，需要哪些数据、用什么工具链？	完成RNA序列比对需要数据：原始双端测序数据（R1）；推荐工具链：fastp -> star（流程：接头与低质量序列修剪）。项目 Multi-omics Landscape of Central Nervous System Tumors（HRA016026）中存在该数据（文件引用已脱敏）。	["RAW_PAIRED_END_R1_FASTQ", "RAW_PAIRED_END_R2_FASTQ"]	[]	"接头与低质量序列修剪"	[]		[{"study": "HRA016026", "project_name": "Multi-omics Landscape of Central Nervous System Tumors", "tumor_subtype": "Lung Cancer", "semantic_format": "RAW_PAIRED_END_R1_FASTQ", "data_desc": "原始双端测序数据（R1）", "count": 1384}]
class300477	class3_data_tool_recommend	tool_chain	DNA序列比对	T001,T006	fastp -> bwa	HRA016026	Multi-omics Landscape of Central Nervous System Tumors	Lung Cancer	我想完成DNA序列比对，需要什么数据、应该用什么工具链？	完成DNA序列比对需要数据：原始双端测序数据（R1）；推荐工具链：fastp -> bwa（流程：接头与低质量序列修剪）。项目 Multi-omics Landscape of Central Nervous System Tumors（HRA016026）中存在该数据（文件引用已脱敏）。	["RAW_PAIRED_END_R1_FASTQ", "RAW_PAIRED_END_R2_FASTQ"]	[]	"接头与低质量序列修剪"	[]		[{"study": "HRA016026", "project_name": "Multi-omics Landscape of Central Nervous System Tumors", "tumor_subtype": "Lung Cancer", "semantic_format": "RAW_PAIRED_END_R1_FASTQ", "data_desc": "原始双端测序数据（R1）", "count": 1384}]
class300478	class3_data_tool_recommend	tool_chain	RNA序列比对	T004,T005	trim_galore -> star	HRA000073	Chinese Glioma Genome Altas (CGGA) - RNA-seq dataset (325)	Malignant Glioma	要完成RNA序列比对，需要哪些数据、推荐哪条工具流程？	完成RNA序列比对需要数据：原始双端测序数据（R1）；推荐工具链：trim_galore -> star（流程：接头与低质量序列修剪）。项目 Chinese Glioma Genome Altas (CGGA) - RNA-seq dataset (325)（HRA000073）中存在该数据（文件引用已脱敏）。	["RAW_PAIRED_END_R1_FASTQ", "RAW_PAIRED_END_R2_FASTQ"]	[]	"接头与低质量序列修剪"	[]		[{"study": "HRA000073", "project_name": "Chinese Glioma Genome Altas (CGGA) - RNA-seq dataset (325)", "tumor_subtype": "Malignant Glioma", "semantic_format": "RAW_PAIRED_END_R1_FASTQ", "data_desc": "原始双端测序数据（R1）", "count": 325}]
class300479	class3_data_tool_recommend	tool_chain	RNA序列比对	T004,T005	trim_galore -> star	HRA000074	Chinese Glioma Genome Altas (CGGA) - RNA-seq dataset (693)	High grade glioma	项目Chinese Glioma Genome Altas (CGGA) - RNA-seq dataset (693)中要做RNA序列比对，需要哪些数据、用什么工具链？	完成RNA序列比对需要数据：原始双端测序数据（R1）；推荐工具链：trim_galore -> star（流程：接头与低质量序列修剪）。项目 Chinese Glioma Genome Altas (CGGA) - RNA-seq dataset (693)（HRA000074）中存在该数据（文件引用已脱敏）。	["RAW_PAIRED_END_R1_FASTQ", "RAW_PAIRED_END_R2_FASTQ"]	[]	"接头与低质量序列修剪"	[]		[{"study": "HRA000074", "project_name": "Chinese Glioma Genome Altas (CGGA) - RNA-seq dataset (693)", "tumor_subtype": "High grade glioma", "semantic_format": "RAW_PAIRED_END_R1_FASTQ", "data_desc": "原始双端测序数据（R1）", "count": 693}]
class300480	class3_data_tool_recommend	tool_chain	RNA序列比对	T004,T005	trim_galore -> star	HRA000087	Single-cell RNA analysis reveals an epithelial-immune dual feature of tumor cells in nasopharyngeal carcinoma	Nasopharynx Carcinoma	我想完成RNA序列比对，需要什么数据、应该用什么工具链？	完成RNA序列比对需要数据：原始双端测序数据（R1）；推荐工具链：trim_galore -> star（流程：接头与低质量序列修剪）。项目 Single-cell RNA analysis reveals an epithelial-immune dual feature of tumor cells in nasopharyngeal carcinoma（HRA000087）中存在该数据（文件引用已脱敏）。	["RAW_PAIRED_END_R1_FASTQ", "RAW_PAIRED_END_R2_FASTQ"]	[]	"接头与低质量序列修剪"	[]		[{"study": "HRA000087", "project_name": "Single-cell RNA analysis reveals an epithelial-immune dual feature of tumor cells in nasopharyngeal carcinoma", "tumor_subtype": "Nasopharynx Carcinoma", "semantic_format": "RAW_PAIRED_END_R1_FASTQ", "data_desc": "原始双端测序数据（R1）", "count": 1553}]
class300481	class3_data_tool_recommend	tool_chain	RNA序列比对	T004,T005	trim_galore -> star	HRA000122	Integrated Genomic Analyses Identify High-Risk Factors Associated with Poor Outcomes of T-ALL	Acute T cell leukemia	要完成RNA序列比对，需要哪些数据、推荐哪条工具流程？	完成RNA序列比对需要数据：原始双端测序数据（R1）；推荐工具链：trim_galore -> star（流程：接头与低质量序列修剪）。项目 Integrated Genomic Analyses Identify High-Risk Factors Associated with Poor Outcomes of T-ALL（HRA000122）中存在该数据（文件引用已脱敏）。	["RAW_PAIRED_END_R1_FASTQ", "RAW_PAIRED_END_R2_FASTQ"]	[]	"接头与低质量序列修剪"	[]		[{"study": "HRA000122", "project_name": "Integrated Genomic Analyses Identify High-Risk Factors Associated with Poor Outcomes of T-ALL", "tumor_subtype": "Acute T cell leukemia", "semantic_format": "RAW_PAIRED_END_R1_FASTQ", "data_desc": "原始双端测序数据（R1）", "count": 348}]
class300482	class3_data_tool_recommend	tool_chain	RNA序列比对	T004,T005	trim_galore -> star	HRA001272	Integrated genomic and transcriptomic profiling dissects spatiotemporal evolution of metastatic hepatocellular carcinoma	Hepatocellular carcinoma	项目Integrated genomic and transcriptomic profiling dissects spatiotemporal evolution of metastatic hepatocellular carcinoma中要做RNA序列比对，需要哪些数据、用什么工具链？	完成RNA序列比对需要数据：原始双端测序数据（R1）；推荐工具链：trim_galore -> star（流程：接头与低质量序列修剪）。项目 Integrated genomic and transcriptomic profiling dissects spatiotemporal evolution of metastatic hepatocellular carcinoma（HRA001272）中存在该数据（文件引用已脱敏）。	["RAW_PAIRED_END_R1_FASTQ", "RAW_PAIRED_END_R2_FASTQ"]	[]	"接头与低质量序列修剪"	[]		[{"study": "HRA001272", "project_name": "Integrated genomic and transcriptomic profiling dissects spatiotemporal evolution of metastatic hepatocellular carcinoma", "tumor_subtype": "Hepatocellular carcinoma", "semantic_format": "RAW_PAIRED_END_R1_FASTQ", "data_desc": "原始双端测序数据（R1）", "count": 1180}]
class300483	class3_data_tool_recommend	tool_chain	RNA序列比对	T004,T005	trim_galore -> star	HRA002693	Multi-center RNA sequencing analysis for acute myeloid leukemia	Acute Myeloid Leukemia	我想完成RNA序列比对，需要什么数据、应该用什么工具链？	完成RNA序列比对需要数据：原始双端测序数据（R1）；推荐工具链：trim_galore -> star（流程：接头与低质量序列修剪）。项目 Multi-center RNA sequencing analysis for acute myeloid leukemia（HRA002693）中存在该数据（文件引用已脱敏）。	["RAW_PAIRED_END_R1_FASTQ", "RAW_PAIRED_END_R2_FASTQ"]	[]	"接头与低质量序列修剪"	[]		[{"study": "HRA002693", "project_name": "Multi-center RNA sequencing analysis for acute myeloid leukemia", "tumor_subtype": "Acute Myeloid Leukemia", "semantic_format": "RAW_PAIRED_END_R1_FASTQ", "data_desc": "原始双端测序数据（R1）", "count": 655}]
class300484	class3_data_tool_recommend	tool_chain	RNA序列比对	T004,T005	trim_galore -> star	HRA003107	Multi-omics integrative analysis of esophageal squamous carcinoma	Esophageal Squamous Cell Carcinoma	要完成RNA序列比对，需要哪些数据、推荐哪条工具流程？	完成RNA序列比对需要数据：原始双端测序数据（R1）；推荐工具链：trim_galore -> star（流程：接头与低质量序列修剪）。项目 Multi-omics integrative analysis of esophageal squamous carcinoma（HRA003107）中存在该数据（文件引用已脱敏）。	["RAW_PAIRED_END_R1_FASTQ", "RAW_PAIRED_END_R2_FASTQ"]	[]	"接头与低质量序列修剪"	[]		[{"study": "HRA003107", "project_name": "Multi-omics integrative analysis of esophageal squamous carcinoma", "tumor_subtype": "Esophageal Squamous Cell Carcinoma", "semantic_format": "RAW_PAIRED_END_R1_FASTQ", "data_desc": "原始双端测序数据（R1）", "count": 576}]
class300485	class3_data_tool_recommend	tool_chain	RNA序列比对	T004,T005	trim_galore -> star	HRA005191	Immune Correlates of Response and Resistance to Neoadjuvant Chemo-immunotherapy in Non-small Cell Lung Cancer	Non-small cell lung carcinoma	项目Immune Correlates of Response and Resistance to Neoadjuvant Chemo-immunotherapy in Non-small Cell Lung Cancer中要做RNA序列比对，需要哪些数据、用什么工具链？	完成RNA序列比对需要数据：原始双端测序数据（R1）；推荐工具链：trim_galore -> star（流程：接头与低质量序列修剪）。项目 Immune Correlates of Response and Resistance to Neoadjuvant Chemo-immunotherapy in Non-small Cell Lung Cancer（HRA005191）中存在该数据（文件引用已脱敏）。	["RAW_PAIRED_END_R1_FASTQ", "RAW_PAIRED_END_R2_FASTQ"]	[]	"接头与低质量序列修剪"	[]		[{"study": "HRA005191", "project_name": "Immune Correlates of Response and Resistance to Neoadjuvant Chemo-immunotherapy in Non-small Cell Lung Cancer", "tumor_subtype": "Non-small cell lung carcinoma", "semantic_format": "RAW_PAIRED_END_R1_FASTQ", "data_desc": "原始双端测序数据（R1）", "count": 485}]
class300486	class3_data_tool_recommend	tool_chain	RNA序列比对	T004,T005	trim_galore -> star	HRA006117	Aging and leukemia	Acute Myeloid Leukemia	我想完成RNA序列比对，需要什么数据、应该用什么工具链？	完成RNA序列比对需要数据：原始双端测序数据（R1）；推荐工具链：trim_galore -> star（流程：接头与低质量序列修剪）。项目 Aging and leukemia（HRA006117）中存在该数据（文件引用已脱敏）。	["RAW_PAIRED_END_R1_FASTQ", "RAW_PAIRED_END_R2_FASTQ"]	[]	"接头与低质量序列修剪"	[]		[{"study": "HRA006117", "project_name": "Aging and leukemia", "tumor_subtype": "Acute Myeloid Leukemia", "semantic_format": "RAW_PAIRED_END_R1_FASTQ", "data_desc": "原始双端测序数据（R1）", "count": 835}]
class300487	class3_data_tool_recommend	tool_chain	RNA序列比对	T004,T005	trim_galore -> star	HRA006499	Pharmacogenomic profiling of intra-tumor heterogeneity by a large organoid biobank of liver cancer	Liver Cancer	要完成RNA序列比对，需要哪些数据、推荐哪条工具流程？	完成RNA序列比对需要数据：原始双端测序数据（R1）；推荐工具链：trim_galore -> star（流程：接头与低质量序列修剪）。项目 Pharmacogenomic profiling of intra-tumor heterogeneity by a large organoid biobank of liver cancer（HRA006499）中存在该数据（文件引用已脱敏）。	["RAW_PAIRED_END_R1_FASTQ", "RAW_PAIRED_END_R2_FASTQ"]	[]	"接头与低质量序列修剪"	[]		[{"study": "HRA006499", "project_name": "Pharmacogenomic profiling of intra-tumor heterogeneity by a large organoid biobank of liver cancer", "tumor_subtype": "Liver Cancer", "semantic_format": "RAW_PAIRED_END_R1_FASTQ", "data_desc": "原始双端测序数据（R1）", "count": 763}]
class300488	class3_data_tool_recommend	tool_chain	RNA序列比对	T004,T005	trim_galore -> star	HRA007167	Multi-omics of acral melanoma	Acral melanoma	项目Multi-omics of acral melanoma中要做RNA序列比对，需要哪些数据、用什么工具链？	完成RNA序列比对需要数据：原始双端测序数据（R1）；推荐工具链：trim_galore -> star（流程：接头与低质量序列修剪）。项目 Multi-omics of acral melanoma（HRA007167）中存在该数据（文件引用已脱敏）。	["RAW_PAIRED_END_R1_FASTQ", "RAW_PAIRED_END_R2_FASTQ"]	[]	"接头与低质量序列修剪"	[]		[{"study": "HRA007167", "project_name": "Multi-omics of acral melanoma", "tumor_subtype": "Acral melanoma", "semantic_format": "RAW_PAIRED_END_R1_FASTQ", "data_desc": "原始双端测序数据（R1）", "count": 81}]
class300489	class3_data_tool_recommend	tool_chain	RNA序列比对	T004,T005	trim_galore -> star	HRA007413	Multi-omics research of acute myeloid leukemia	Acute Myeloid Leukemia	我想完成RNA序列比对，需要什么数据、应该用什么工具链？	完成RNA序列比对需要数据：原始双端测序数据（R1）；推荐工具链：trim_galore -> star（流程：接头与低质量序列修剪）。项目 Multi-omics research of acute myeloid leukemia（HRA007413）中存在该数据（文件引用已脱敏）。	["RAW_PAIRED_END_R1_FASTQ", "RAW_PAIRED_END_R2_FASTQ"]	[]	"接头与低质量序列修剪"	[]		[{"study": "HRA007413", "project_name": "Multi-omics research of acute myeloid leukemia", "tumor_subtype": "Acute Myeloid Leukemia", "semantic_format": "RAW_PAIRED_END_R1_FASTQ", "data_desc": "原始双端测序数据（R1）", "count": 734}]
class300490	class3_data_tool_recommend	tool_chain	RNA序列比对	T004,T005	trim_galore -> star	HRA016026	Multi-omics Landscape of Central Nervous System Tumors	Lung Cancer	要完成RNA序列比对，需要哪些数据、推荐哪条工具流程？	完成RNA序列比对需要数据：原始双端测序数据（R1）；推荐工具链：trim_galore -> star（流程：接头与低质量序列修剪）。项目 Multi-omics Landscape of Central Nervous System Tumors（HRA016026）中存在该数据（文件引用已脱敏）。	["RAW_PAIRED_END_R1_FASTQ", "RAW_PAIRED_END_R2_FASTQ"]	[]	"接头与低质量序列修剪"	[]		[{"study": "HRA016026", "project_name": "Multi-omics Landscape of Central Nervous System Tumors", "tumor_subtype": "Lung Cancer", "semantic_format": "RAW_PAIRED_END_R1_FASTQ", "data_desc": "原始双端测序数据（R1）", "count": 1384}]
class300491	class3_data_tool_recommend	tool_chain	表达定量	T005,T011	star -> rsem	HRA000073	Chinese Glioma Genome Altas (CGGA) - RNA-seq dataset (325)	Malignant Glioma	项目Chinese Glioma Genome Altas (CGGA) - RNA-seq dataset (325)中要做表达定量，需要哪些数据、用什么工具链？	完成表达定量需要数据：原始双端测序数据（R1）；推荐工具链：star -> rsem（流程：RNA序列比对）。项目 Chinese Glioma Genome Altas (CGGA) - RNA-seq dataset (325)（HRA000073）中存在该数据（文件引用已脱敏）。	["RAW_PAIRED_END_R1_FASTQ", "RAW_PAIRED_END_R2_FASTQ"]	["REFERENCE_GENOME_FASTA"]	"RNA序列比对"	[]		[{"study": "HRA000073", "project_name": "Chinese Glioma Genome Altas (CGGA) - RNA-seq dataset (325)", "tumor_subtype": "Malignant Glioma", "semantic_format": "RAW_PAIRED_END_R1_FASTQ", "data_desc": "原始双端测序数据（R1）", "count": 325}]
class300492	class3_data_tool_recommend	tool_chain	比对后处理与去重	T005,T007	star -> samtools	HRA000073	Chinese Glioma Genome Altas (CGGA) - RNA-seq dataset (325)	Malignant Glioma	我想完成比对后处理与去重，需要什么数据、应该用什么工具链？	完成比对后处理与去重需要数据：原始双端测序数据（R1）；推荐工具链：star -> samtools（流程：RNA序列比对）。项目 Chinese Glioma Genome Altas (CGGA) - RNA-seq dataset (325)（HRA000073）中存在该数据（文件引用已脱敏）。	["RAW_PAIRED_END_R1_FASTQ", "RAW_PAIRED_END_R2_FASTQ"]	["REFERENCE_GENOME_FASTA"]	"RNA序列比对"	[]		[{"study": "HRA000073", "project_name": "Chinese Glioma Genome Altas (CGGA) - RNA-seq dataset (325)", "tumor_subtype": "Malignant Glioma", "semantic_format": "RAW_PAIRED_END_R1_FASTQ", "data_desc": "原始双端测序数据（R1）", "count": 325}]
class300493	class3_data_tool_recommend	tool_chain	表达定量	T005,T011	star -> rsem	HRA000074	Chinese Glioma Genome Altas (CGGA) - RNA-seq dataset (693)	High grade glioma	要完成表达定量，需要哪些数据、推荐哪条工具流程？	完成表达定量需要数据：原始双端测序数据（R1）；推荐工具链：star -> rsem（流程：RNA序列比对）。项目 Chinese Glioma Genome Altas (CGGA) - RNA-seq dataset (693)（HRA000074）中存在该数据（文件引用已脱敏）。	["RAW_PAIRED_END_R1_FASTQ", "RAW_PAIRED_END_R2_FASTQ"]	["REFERENCE_GENOME_FASTA"]	"RNA序列比对"	[]		[{"study": "HRA000074", "project_name": "Chinese Glioma Genome Altas (CGGA) - RNA-seq dataset (693)", "tumor_subtype": "High grade glioma", "semantic_format": "RAW_PAIRED_END_R1_FASTQ", "data_desc": "原始双端测序数据（R1）", "count": 693}]
class300494	class3_data_tool_recommend	tool_chain	比对后处理与去重	T005,T007	star -> samtools	HRA000074	Chinese Glioma Genome Altas (CGGA) - RNA-seq dataset (693)	High grade glioma	项目Chinese Glioma Genome Altas (CGGA) - RNA-seq dataset (693)中要做比对后处理与去重，需要哪些数据、用什么工具链？	完成比对后处理与去重需要数据：原始双端测序数据（R1）；推荐工具链：star -> samtools（流程：RNA序列比对）。项目 Chinese Glioma Genome Altas (CGGA) - RNA-seq dataset (693)（HRA000074）中存在该数据（文件引用已脱敏）。	["RAW_PAIRED_END_R1_FASTQ", "RAW_PAIRED_END_R2_FASTQ"]	["REFERENCE_GENOME_FASTA"]	"RNA序列比对"	[]		[{"study": "HRA000074", "project_name": "Chinese Glioma Genome Altas (CGGA) - RNA-seq dataset (693)", "tumor_subtype": "High grade glioma", "semantic_format": "RAW_PAIRED_END_R1_FASTQ", "data_desc": "原始双端测序数据（R1）", "count": 693}]
class300495	class3_data_tool_recommend	tool_chain	表达定量	T005,T011	star -> rsem	HRA000087	Single-cell RNA analysis reveals an epithelial-immune dual feature of tumor cells in nasopharyngeal carcinoma	Nasopharynx Carcinoma	我想完成表达定量，需要什么数据、应该用什么工具链？	完成表达定量需要数据：原始双端测序数据（R1）；推荐工具链：star -> rsem（流程：RNA序列比对）。项目 Single-cell RNA analysis reveals an epithelial-immune dual feature of tumor cells in nasopharyngeal carcinoma（HRA000087）中存在该数据（文件引用已脱敏）。	["RAW_PAIRED_END_R1_FASTQ", "RAW_PAIRED_END_R2_FASTQ"]	["REFERENCE_GENOME_FASTA"]	"RNA序列比对"	[]		[{"study": "HRA000087", "project_name": "Single-cell RNA analysis reveals an epithelial-immune dual feature of tumor cells in nasopharyngeal carcinoma", "tumor_subtype": "Nasopharynx Carcinoma", "semantic_format": "RAW_PAIRED_END_R1_FASTQ", "data_desc": "原始双端测序数据（R1）", "count": 1553}]
class300496	class3_data_tool_recommend	tool_chain	比对后处理与去重	T005,T007	star -> samtools	HRA000087	Single-cell RNA analysis reveals an epithelial-immune dual feature of tumor cells in nasopharyngeal carcinoma	Nasopharynx Carcinoma	要完成比对后处理与去重，需要哪些数据、推荐哪条工具流程？	完成比对后处理与去重需要数据：原始双端测序数据（R1）；推荐工具链：star -> samtools（流程：RNA序列比对）。项目 Single-cell RNA analysis reveals an epithelial-immune dual feature of tumor cells in nasopharyngeal carcinoma（HRA000087）中存在该数据（文件引用已脱敏）。	["RAW_PAIRED_END_R1_FASTQ", "RAW_PAIRED_END_R2_FASTQ"]	["REFERENCE_GENOME_FASTA"]	"RNA序列比对"	[]		[{"study": "HRA000087", "project_name": "Single-cell RNA analysis reveals an epithelial-immune dual feature of tumor cells in nasopharyngeal carcinoma", "tumor_subtype": "Nasopharynx Carcinoma", "semantic_format": "RAW_PAIRED_END_R1_FASTQ", "data_desc": "原始双端测序数据（R1）", "count": 1553}]
class300497	class3_data_tool_recommend	tool_chain	表达定量	T005,T011	star -> rsem	HRA000122	Integrated Genomic Analyses Identify High-Risk Factors Associated with Poor Outcomes of T-ALL	Acute T cell leukemia	项目Integrated Genomic Analyses Identify High-Risk Factors Associated with Poor Outcomes of T-ALL中要做表达定量，需要哪些数据、用什么工具链？	完成表达定量需要数据：原始双端测序数据（R1）；推荐工具链：star -> rsem（流程：RNA序列比对）。项目 Integrated Genomic Analyses Identify High-Risk Factors Associated with Poor Outcomes of T-ALL（HRA000122）中存在该数据（文件引用已脱敏）。	["RAW_PAIRED_END_R1_FASTQ", "RAW_PAIRED_END_R2_FASTQ"]	["REFERENCE_GENOME_FASTA"]	"RNA序列比对"	[]		[{"study": "HRA000122", "project_name": "Integrated Genomic Analyses Identify High-Risk Factors Associated with Poor Outcomes of T-ALL", "tumor_subtype": "Acute T cell leukemia", "semantic_format": "RAW_PAIRED_END_R1_FASTQ", "data_desc": "原始双端测序数据（R1）", "count": 348}]
class300498	class3_data_tool_recommend	tool_chain	比对后处理与去重	T005,T007	star -> samtools	HRA000122	Integrated Genomic Analyses Identify High-Risk Factors Associated with Poor Outcomes of T-ALL	Acute T cell leukemia	我想完成比对后处理与去重，需要什么数据、应该用什么工具链？	完成比对后处理与去重需要数据：原始双端测序数据（R1）；推荐工具链：star -> samtools（流程：RNA序列比对）。项目 Integrated Genomic Analyses Identify High-Risk Factors Associated with Poor Outcomes of T-ALL（HRA000122）中存在该数据（文件引用已脱敏）。	["RAW_PAIRED_END_R1_FASTQ", "RAW_PAIRED_END_R2_FASTQ"]	["REFERENCE_GENOME_FASTA"]	"RNA序列比对"	[]		[{"study": "HRA000122", "project_name": "Integrated Genomic Analyses Identify High-Risk Factors Associated with Poor Outcomes of T-ALL", "tumor_subtype": "Acute T cell leukemia", "semantic_format": "RAW_PAIRED_END_R1_FASTQ", "data_desc": "原始双端测序数据（R1）", "count": 348}]
class300499	class3_data_tool_recommend	tool_chain	表达定量	T005,T011	star -> rsem	HRA001272	Integrated genomic and transcriptomic profiling dissects spatiotemporal evolution of metastatic hepatocellular carcinoma	Hepatocellular carcinoma	要完成表达定量，需要哪些数据、推荐哪条工具流程？	完成表达定量需要数据：原始双端测序数据（R1）；推荐工具链：star -> rsem（流程：RNA序列比对）。项目 Integrated genomic and transcriptomic profiling dissects spatiotemporal evolution of metastatic hepatocellular carcinoma（HRA001272）中存在该数据（文件引用已脱敏）。	["RAW_PAIRED_END_R1_FASTQ", "RAW_PAIRED_END_R2_FASTQ"]	["REFERENCE_GENOME_FASTA"]	"RNA序列比对"	[]		[{"study": "HRA001272", "project_name": "Integrated genomic and transcriptomic profiling dissects spatiotemporal evolution of metastatic hepatocellular carcinoma", "tumor_subtype": "Hepatocellular carcinoma", "semantic_format": "RAW_PAIRED_END_R1_FASTQ", "data_desc": "原始双端测序数据（R1）", "count": 1180}]
class300500	class3_data_tool_recommend	tool_chain	比对后处理与去重	T005,T007	star -> samtools	HRA001272	Integrated genomic and transcriptomic profiling dissects spatiotemporal evolution of metastatic hepatocellular carcinoma	Hepatocellular carcinoma	项目Integrated genomic and transcriptomic profiling dissects spatiotemporal evolution of metastatic hepatocellular carcinoma中要做比对后处理与去重，需要哪些数据、用什么工具链？	完成比对后处理与去重需要数据：原始双端测序数据（R1）；推荐工具链：star -> samtools（流程：RNA序列比对）。项目 Integrated genomic and transcriptomic profiling dissects spatiotemporal evolution of metastatic hepatocellular carcinoma（HRA001272）中存在该数据（文件引用已脱敏）。	["RAW_PAIRED_END_R1_FASTQ", "RAW_PAIRED_END_R2_FASTQ"]	["REFERENCE_GENOME_FASTA"]	"RNA序列比对"	[]		[{"study": "HRA001272", "project_name": "Integrated genomic and transcriptomic profiling dissects spatiotemporal evolution of metastatic hepatocellular carcinoma", "tumor_subtype": "Hepatocellular carcinoma", "semantic_format": "RAW_PAIRED_END_R1_FASTQ", "data_desc": "原始双端测序数据（R1）", "count": 1180}]
class300501	class3_data_tool_recommend	negative	相关分析	T013	multiqc				工具 multiqc 可以处理哪些数据？	工具 multiqc 未登记数据类必需输入，因此无法为它推荐合适的数据和工具。	[]	[]	[]	[]	no_matching_data	[]
class300502	class3_data_tool_recommend	negative	相关分析	T025	bootstrap_stability				工具 bootstrap_stability 可以处理哪些数据？	工具 bootstrap_stability 未登记数据类必需输入，因此无法为它推荐合适的数据和工具。	[]	[]	[]	[]	no_matching_data	[]
class300503	class3_data_tool_recommend	negative	相关分析	T037	hvg_pca_gmm				工具 hvg_pca_gmm 可以处理哪些数据？	工具 hvg_pca_gmm 未登记数据类必需输入，因此无法为它推荐合适的数据和工具。	[]	[]	[]	[]	no_matching_data	[]
class300504	class3_data_tool_recommend	negative	单细胞比对与定量	T003	cellranger_workflow	HRA000087	Single-cell RNA analysis reveals an epithelial-immune dual feature of tumor cells in nasopharyngeal carcinoma		要完成单细胞比对与定量，项目Single-cell RNA analysis reveals an epithelial-immune dual feature of tumor cells in nasopharyngeal carcinoma的数据和工具是否都齐备？	项目 Single-cell RNA analysis reveals an epithelial-immune dual feature of tumor cells in nasopharyngeal carcinoma（HRA000087）缺少完成单细胞比对与定量所必需的数据（基因组比对 BAM 数据），无法同时推荐可靠的数据和工具。	[]	[]	[]	[]	no_matching_data	[]
class300505	class3_data_tool_recommend	negative	单细胞比对与定量	T003	cellranger_workflow	HRA001748	scRNA-seq of liver cancer		项目scRNA-seq of liver cancer能否为单细胞比对与定量提供完整的数据和工具？	项目 scRNA-seq of liver cancer（HRA001748）缺少完成单细胞比对与定量所必需的数据（基因组比对 BAM 数据），无法同时推荐可靠的数据和工具。	[]	[]	[]	[]	no_matching_data	[]
class300506	class3_data_tool_recommend	negative	单细胞比对与定量	T003	cellranger_workflow	HRA005191	Immune Correlates of Response and Resistance to Neoadjuvant Chemo-immunotherapy in Non-small Cell Lung Cancer		要完成单细胞比对与定量，项目Immune Correlates of Response and Resistance to Neoadjuvant Chemo-immunotherapy in Non-small Cell Lung Cancer的数据和工具是否都齐备？	项目 Immune Correlates of Response and Resistance to Neoadjuvant Chemo-immunotherapy in Non-small Cell Lung Cancer（HRA005191）缺少完成单细胞比对与定量所必需的数据（基因组比对 BAM 数据），无法同时推荐可靠的数据和工具。	[]	[]	[]	[]	no_matching_data	[]
class300507	class3_data_tool_recommend	negative	单细胞比对与定量	T003	cellranger_workflow	HRA000001	CAS Precision Medicine Initiative, capital Initiative		项目CAS Precision Medicine Initiative, capital Initiative能否为单细胞比对与定量提供完整的数据和工具？	项目 CAS Precision Medicine Initiative, capital Initiative（HRA000001）缺少完成单细胞比对与定量所必需的数据（基因组比对 BAM 数据），无法同时推荐可靠的数据和工具。	[]	[]	[]	[]	no_matching_data	[]
class300508	class3_data_tool_recommend	negative	比对后处理与去重	T007	samtools	HRA000087	Single-cell RNA analysis reveals an epithelial-immune dual feature of tumor cells in nasopharyngeal carcinoma		要完成比对后处理与去重，项目Single-cell RNA analysis reveals an epithelial-immune dual feature of tumor cells in nasopharyngeal carcinoma的数据和工具是否都齐备？	项目 Single-cell RNA analysis reveals an epithelial-immune dual feature of tumor cells in nasopharyngeal carcinoma（HRA000087）缺少完成比对后处理与去重所必需的数据（基因组比对 BAM 数据），无法同时推荐可靠的数据和工具。	[]	[]	[]	[]	no_matching_data	[]
class300509	class3_data_tool_recommend	negative	比对后处理与去重	T007	samtools	HRA001748	scRNA-seq of liver cancer		项目scRNA-seq of liver cancer能否为比对后处理与去重提供完整的数据和工具？	项目 scRNA-seq of liver cancer（HRA001748）缺少完成比对后处理与去重所必需的数据（基因组比对 BAM 数据），无法同时推荐可靠的数据和工具。	[]	[]	[]	[]	no_matching_data	[]
class300510	class3_data_tool_recommend	negative	比对后处理与去重	T007	samtools	HRA005191	Immune Correlates of Response and Resistance to Neoadjuvant Chemo-immunotherapy in Non-small Cell Lung Cancer		要完成比对后处理与去重，项目Immune Correlates of Response and Resistance to Neoadjuvant Chemo-immunotherapy in Non-small Cell Lung Cancer的数据和工具是否都齐备？	项目 Immune Correlates of Response and Resistance to Neoadjuvant Chemo-immunotherapy in Non-small Cell Lung Cancer（HRA005191）缺少完成比对后处理与去重所必需的数据（基因组比对 BAM 数据），无法同时推荐可靠的数据和工具。	[]	[]	[]	[]	no_matching_data	[]
class300511	class3_data_tool_recommend	negative	比对后处理与去重	T007	samtools	HRA000001	CAS Precision Medicine Initiative, capital Initiative		项目CAS Precision Medicine Initiative, capital Initiative能否为比对后处理与去重提供完整的数据和工具？	项目 CAS Precision Medicine Initiative, capital Initiative（HRA000001）缺少完成比对后处理与去重所必需的数据（基因组比对 BAM 数据），无法同时推荐可靠的数据和工具。	[]	[]	[]	[]	no_matching_data	[]
class300512	class3_data_tool_recommend	negative	体细胞变异检测	T008	gatk	HRA000087	Single-cell RNA analysis reveals an epithelial-immune dual feature of tumor cells in nasopharyngeal carcinoma		要完成体细胞变异检测，项目Single-cell RNA analysis reveals an epithelial-immune dual feature of tumor cells in nasopharyngeal carcinoma的数据和工具是否都齐备？	项目 Single-cell RNA analysis reveals an epithelial-immune dual feature of tumor cells in nasopharyngeal carcinoma（HRA000087）缺少完成体细胞变异检测所必需的数据（基因组比对 BAM 数据），无法同时推荐可靠的数据和工具。	[]	[]	[]	[]	no_matching_data	[]
class300513	class3_data_tool_recommend	negative	体细胞变异检测	T008	gatk	HRA001748	scRNA-seq of liver cancer		项目scRNA-seq of liver cancer能否为体细胞变异检测提供完整的数据和工具？	项目 scRNA-seq of liver cancer（HRA001748）缺少完成体细胞变异检测所必需的数据（基因组比对 BAM 数据），无法同时推荐可靠的数据和工具。	[]	[]	[]	[]	no_matching_data	[]
class300514	class3_data_tool_recommend	negative	体细胞变异检测	T008	gatk	HRA005191	Immune Correlates of Response and Resistance to Neoadjuvant Chemo-immunotherapy in Non-small Cell Lung Cancer		要完成体细胞变异检测，项目Immune Correlates of Response and Resistance to Neoadjuvant Chemo-immunotherapy in Non-small Cell Lung Cancer的数据和工具是否都齐备？	项目 Immune Correlates of Response and Resistance to Neoadjuvant Chemo-immunotherapy in Non-small Cell Lung Cancer（HRA005191）缺少完成体细胞变异检测所必需的数据（基因组比对 BAM 数据），无法同时推荐可靠的数据和工具。	[]	[]	[]	[]	no_matching_data	[]
class300515	class3_data_tool_recommend	negative	体细胞变异检测	T008	gatk	HRA000001	CAS Precision Medicine Initiative, capital Initiative		项目CAS Precision Medicine Initiative, capital Initiative能否为体细胞变异检测提供完整的数据和工具？	项目 CAS Precision Medicine Initiative, capital Initiative（HRA000001）缺少完成体细胞变异检测所必需的数据（基因组比对 BAM 数据），无法同时推荐可靠的数据和工具。	[]	[]	[]	[]	no_matching_data	[]
class300516	class3_data_tool_recommend	negative	变异过滤与处理	T009	bcftools	HRA000021	Whole Genome Sequencing  in Esophageal Squamous Cell Carcinoma		要完成变异过滤与处理，项目Whole Genome Sequencing  in Esophageal Squamous Cell Carcinoma的数据和工具是否都齐备？	项目 Whole Genome Sequencing  in Esophageal Squamous Cell Carcinoma（HRA000021）缺少完成变异过滤与处理所必需的数据（VCF 索引数据、变异 VCF 数据），无法同时推荐可靠的数据和工具。	[]	[]	[]	[]	no_matching_data	[]
class300517	class3_data_tool_recommend	negative	变异过滤与处理	T009	bcftools	HRA000071	Chinese Glioma Genome Altas (CGGA) - WES dataset		项目Chinese Glioma Genome Altas (CGGA) - WES dataset能否为变异过滤与处理提供完整的数据和工具？	项目 Chinese Glioma Genome Altas (CGGA) - WES dataset（HRA000071）缺少完成变异过滤与处理所必需的数据（VCF 索引数据），无法同时推荐可靠的数据和工具。	[]	[]	[]	[]	no_matching_data	[]
class300518	class3_data_tool_recommend	negative	变异过滤与处理	T009	bcftools	HRA000073	Chinese Glioma Genome Altas (CGGA) - RNA-seq dataset (325)		要完成变异过滤与处理，项目Chinese Glioma Genome Altas (CGGA) - RNA-seq dataset (325)的数据和工具是否都齐备？	项目 Chinese Glioma Genome Altas (CGGA) - RNA-seq dataset (325)（HRA000073）缺少完成变异过滤与处理所必需的数据（VCF 索引数据、变异 VCF 数据），无法同时推荐可靠的数据和工具。	[]	[]	[]	[]	no_matching_data	[]
class300519	class3_data_tool_recommend	negative	变异过滤与处理	T009	bcftools	HRA000074	Chinese Glioma Genome Altas (CGGA) - RNA-seq dataset (693)		项目Chinese Glioma Genome Altas (CGGA) - RNA-seq dataset (693)能否为变异过滤与处理提供完整的数据和工具？	项目 Chinese Glioma Genome Altas (CGGA) - RNA-seq dataset (693)（HRA000074）缺少完成变异过滤与处理所必需的数据（VCF 索引数据、变异 VCF 数据），无法同时推荐可靠的数据和工具。	[]	[]	[]	[]	no_matching_data	[]
class300520	class3_data_tool_recommend	negative	变异过滤与处理	T009	bcftools	HRA000087	Single-cell RNA analysis reveals an epithelial-immune dual feature of tumor cells in nasopharyngeal carcinoma		要完成变异过滤与处理，项目Single-cell RNA analysis reveals an epithelial-immune dual feature of tumor cells in nasopharyngeal carcinoma的数据和工具是否都齐备？	项目 Single-cell RNA analysis reveals an epithelial-immune dual feature of tumor cells in nasopharyngeal carcinoma（HRA000087）缺少完成变异过滤与处理所必需的数据（VCF 索引数据、变异 VCF 数据），无法同时推荐可靠的数据和工具。	[]	[]	[]	[]	no_matching_data	[]
class300521	class3_data_tool_recommend	negative	变异过滤与处理	T009	bcftools	HRA000122	Integrated Genomic Analyses Identify High-Risk Factors Associated with Poor Outcomes of T-ALL		项目Integrated Genomic Analyses Identify High-Risk Factors Associated with Poor Outcomes of T-ALL能否为变异过滤与处理提供完整的数据和工具？	项目 Integrated Genomic Analyses Identify High-Risk Factors Associated with Poor Outcomes of T-ALL（HRA000122）缺少完成变异过滤与处理所必需的数据（VCF 索引数据、变异 VCF 数据），无法同时推荐可靠的数据和工具。	[]	[]	[]	[]	no_matching_data	[]
class300522	class3_data_tool_recommend	negative	变异过滤与处理	T009	bcftools	HRA001748	scRNA-seq of liver cancer		要完成变异过滤与处理，项目scRNA-seq of liver cancer的数据和工具是否都齐备？	项目 scRNA-seq of liver cancer（HRA001748）缺少完成变异过滤与处理所必需的数据（VCF 索引数据、变异 VCF 数据），无法同时推荐可靠的数据和工具。	[]	[]	[]	[]	no_matching_data	[]
class300523	class3_data_tool_recommend	negative	变异过滤与处理	T009	bcftools	HRA001749	scRNA-seq of liver cancer		项目scRNA-seq of liver cancer能否为变异过滤与处理提供完整的数据和工具？	项目 scRNA-seq of liver cancer（HRA001749）缺少完成变异过滤与处理所必需的数据（VCF 索引数据），无法同时推荐可靠的数据和工具。	[]	[]	[]	[]	no_matching_data	[]
class300524	class3_data_tool_recommend	negative	变异过滤与处理	T009	bcftools	HRA002693	Multi-center RNA sequencing analysis for acute myeloid leukemia		要完成变异过滤与处理，项目Multi-center RNA sequencing analysis for acute myeloid leukemia的数据和工具是否都齐备？	项目 Multi-center RNA sequencing analysis for acute myeloid leukemia（HRA002693）缺少完成变异过滤与处理所必需的数据（VCF 索引数据、变异 VCF 数据），无法同时推荐可靠的数据和工具。	[]	[]	[]	[]	no_matching_data	[]
class300525	class3_data_tool_recommend	negative	变异过滤与处理	T009	bcftools	HRA003107	Multi-omics integrative analysis of esophageal squamous carcinoma		项目Multi-omics integrative analysis of esophageal squamous carcinoma能否为变异过滤与处理提供完整的数据和工具？	项目 Multi-omics integrative analysis of esophageal squamous carcinoma（HRA003107）缺少完成变异过滤与处理所必需的数据（VCF 索引数据、变异 VCF 数据），无法同时推荐可靠的数据和工具。	[]	[]	[]	[]	no_matching_data	[]
class300526	class3_data_tool_recommend	negative	变异过滤与处理	T009	bcftools	HRA005191	Immune Correlates of Response and Resistance to Neoadjuvant Chemo-immunotherapy in Non-small Cell Lung Cancer		要完成变异过滤与处理，项目Immune Correlates of Response and Resistance to Neoadjuvant Chemo-immunotherapy in Non-small Cell Lung Cancer的数据和工具是否都齐备？	项目 Immune Correlates of Response and Resistance to Neoadjuvant Chemo-immunotherapy in Non-small Cell Lung Cancer（HRA005191）缺少完成变异过滤与处理所必需的数据（VCF 索引数据、变异 VCF 数据），无法同时推荐可靠的数据和工具。	[]	[]	[]	[]	no_matching_data	[]
class300527	class3_data_tool_recommend	negative	变异过滤与处理	T009	bcftools	HRA006117	Aging and leukemia		项目Aging and leukemia能否为变异过滤与处理提供完整的数据和工具？	项目 Aging and leukemia（HRA006117）缺少完成变异过滤与处理所必需的数据（VCF 索引数据、变异 VCF 数据），无法同时推荐可靠的数据和工具。	[]	[]	[]	[]	no_matching_data	[]
class300528	class3_data_tool_recommend	negative	变异过滤与处理	T009	bcftools	HRA007167	Multi-omics of acral melanoma		要完成变异过滤与处理，项目Multi-omics of acral melanoma的数据和工具是否都齐备？	项目 Multi-omics of acral melanoma（HRA007167）缺少完成变异过滤与处理所必需的数据（VCF 索引数据、变异 VCF 数据），无法同时推荐可靠的数据和工具。	[]	[]	[]	[]	no_matching_data	[]
class300529	class3_data_tool_recommend	negative	变异过滤与处理	T009	bcftools	HRA007413	Multi-omics research of acute myeloid leukemia		项目Multi-omics research of acute myeloid leukemia能否为变异过滤与处理提供完整的数据和工具？	项目 Multi-omics research of acute myeloid leukemia（HRA007413）缺少完成变异过滤与处理所必需的数据（VCF 索引数据、变异 VCF 数据），无法同时推荐可靠的数据和工具。	[]	[]	[]	[]	no_matching_data	[]
class300530	class3_data_tool_recommend	negative	变异过滤与处理	T009	bcftools	HRA000001	CAS Precision Medicine Initiative, capital Initiative		要完成变异过滤与处理，项目CAS Precision Medicine Initiative, capital Initiative的数据和工具是否都齐备？	项目 CAS Precision Medicine Initiative, capital Initiative（HRA000001）缺少完成变异过滤与处理所必需的数据（VCF 索引数据），无法同时推荐可靠的数据和工具。	[]	[]	[]	[]	no_matching_data	[]
class300531	class3_data_tool_recommend	negative	生存分析			HRA000071	Chinese Glioma Genome Altas (CGGA) - WES dataset		Chinese Glioma Genome Altas (CGGA) - WES dataset是否具备为生存分析推荐数据和工具的条件？	项目 Chinese Glioma Genome Altas (CGGA) - WES dataset 未登记癌种信息，无法为生存分析推荐合适的数据和工具。	[]	[]	[]	[]	missing_tumor_type	[]
class300532	class3_data_tool_recommend	negative	生存分析			HRA000073	Chinese Glioma Genome Altas (CGGA) - RNA-seq dataset (325)		项目Chinese Glioma Genome Altas (CGGA) - RNA-seq dataset (325)能否为生存分析推荐数据和工具？	项目 Chinese Glioma Genome Altas (CGGA) - RNA-seq dataset (325) 未登记癌种信息，无法为生存分析推荐合适的数据和工具。	[]	[]	[]	[]	missing_tumor_type	[]
class300533	class3_data_tool_recommend	negative	生存分析			HRA000087	Single-cell RNA analysis reveals an epithelial-immune dual feature of tumor cells in nasopharyngeal carcinoma		Single-cell RNA analysis reveals an epithelial-immune dual feature of tumor cells in nasopharyngeal carcinoma是否具备为生存分析推荐数据和工具的条件？	项目 Single-cell RNA analysis reveals an epithelial-immune dual feature of tumor cells in nasopharyngeal carcinoma 未登记癌种信息，无法为生存分析推荐合适的数据和工具。	[]	[]	[]	[]	missing_tumor_type	[]
class300534	class3_data_tool_recommend	negative	生存分析			HRA002693	Multi-center RNA sequencing analysis for acute myeloid leukemia		项目Multi-center RNA sequencing analysis for acute myeloid leukemia能否为生存分析推荐数据和工具？	项目 Multi-center RNA sequencing analysis for acute myeloid leukemia 未登记癌种信息，无法为生存分析推荐合适的数据和工具。	[]	[]	[]	[]	missing_tumor_type	[]
class300535	class3_data_tool_recommend	negative	生存分析			HRA006117	Aging and leukemia		Aging and leukemia是否具备为生存分析推荐数据和工具的条件？	项目 Aging and leukemia 未登记癌种信息，无法为生存分析推荐合适的数据和工具。	[]	[]	[]	[]	missing_tumor_type	[]
class300536	class3_data_tool_recommend	negative	生存分析			HRA007413	Multi-omics research of acute myeloid leukemia		项目Multi-omics research of acute myeloid leukemia能否为生存分析推荐数据和工具？	项目 Multi-omics research of acute myeloid leukemia 未登记癌种信息，无法为生存分析推荐合适的数据和工具。	[]	[]	[]	[]	missing_tumor_type	[]
class300537	class3_data_tool_recommend	negative	生存分析			HRA016026	Multi-omics Landscape of Central Nervous System Tumors		Multi-omics Landscape of Central Nervous System Tumors是否具备为生存分析推荐数据和工具的条件？	项目 Multi-omics Landscape of Central Nervous System Tumors 未登记癌种信息，无法为生存分析推荐合适的数据和工具。	[]	[]	[]	[]	missing_tumor_type	[]
class300538	class3_data_tool_recommend	negative	相关分析						我拿到了临床数据，应该用什么数据和工具分析？	图谱中未找到能处理 临床数据 的工具，无法为该数据推荐合适的数据和工具。	[]	[]	[]	[]	no_tool	[]
class300539	class3_data_tool_recommend	negative	相关分析						针对BAM 索引数据，有没有合适的数据和工具推荐？	图谱中未找到能处理 BAM 索引数据 的工具，无法为该数据推荐合适的数据和工具。	[]	[]	[]	[]	no_tool	[]
class300540	class3_data_tool_recommend	negative	相关分析						我拿到了变异统计报告数据，应该用什么数据和工具分析？	图谱中未找到能处理 变异统计报告数据 的工具，无法为该数据推荐合适的数据和工具。	[]	[]	[]	[]	no_tool	[]
class300541	class3_data_tool_recommend	negative	相关分析						针对个体元数据，有没有合适的数据和工具推荐？	图谱中未找到能处理 个体元数据 的工具，无法为该数据推荐合适的数据和工具。	[]	[]	[]	[]	no_tool	[]
class300542	class3_data_tool_recommend	negative	相关分析						我拿到了其他未分类数据，应该用什么数据和工具分析？	图谱中未找到能处理 其他未分类数据 的工具，无法为该数据推荐合适的数据和工具。	[]	[]	[]	[]	no_tool	[]
class300543	class3_data_tool_recommend	negative	相关分析						针对项目元数据，有没有合适的数据和工具推荐？	图谱中未找到能处理 项目元数据 的工具，无法为该数据推荐合适的数据和工具。	[]	[]	[]	[]	no_tool	[]
class300544	class3_data_tool_recommend	negative	相关分析						我拿到了剪接位点表格数据，应该用什么数据和工具分析？	图谱中未找到能处理 剪接位点表格数据 的工具，无法为该数据推荐合适的数据和工具。	[]	[]	[]	[]	no_tool	[]
class300545	class3_data_tool_recommend	negative	相关分析						针对样本元数据，有没有合适的数据和工具推荐？	图谱中未找到能处理 样本元数据 的工具，无法为该数据推荐合适的数据和工具。	[]	[]	[]	[]	no_tool	[]
class300546	class3_data_tool_recommend	negative	相关分析						我拿到了研究元数据，应该用什么数据和工具分析？	图谱中未找到能处理 研究元数据 的工具，无法为该数据推荐合适的数据和工具。	[]	[]	[]	[]	no_tool	[]
class300547	class3_data_tool_recommend	negative	相关分析						针对一级文件元数据，有没有合适的数据和工具推荐？	图谱中未找到能处理 一级文件元数据 的工具，无法为该数据推荐合适的数据和工具。	[]	[]	[]	[]	no_tool	[]
class300548	class3_data_tool_recommend	negative	变异注释	T010	snpeff	HRA000021	Whole Genome Sequencing  in Esophageal Squamous Cell Carcinoma		要完成变异注释，项目Whole Genome Sequencing  in Esophageal Squamous Cell Carcinoma的数据和工具是否都齐备？	项目 Whole Genome Sequencing  in Esophageal Squamous Cell Carcinoma（HRA000021）缺少完成变异注释所必需的数据（变异 VCF 数据），无法同时推荐可靠的数据和工具。	[]	[]	[]	[]	no_matching_data	[]
class300549	class3_data_tool_recommend	negative	变异注释	T010	snpeff	HRA000073	Chinese Glioma Genome Altas (CGGA) - RNA-seq dataset (325)		项目Chinese Glioma Genome Altas (CGGA) - RNA-seq dataset (325)能否为变异注释提供完整的数据和工具？	项目 Chinese Glioma Genome Altas (CGGA) - RNA-seq dataset (325)（HRA000073）缺少完成变异注释所必需的数据（变异 VCF 数据），无法同时推荐可靠的数据和工具。	[]	[]	[]	[]	no_matching_data	[]
class300550	class3_data_tool_recommend	negative	变异注释	T010	snpeff	HRA000074	Chinese Glioma Genome Altas (CGGA) - RNA-seq dataset (693)		要完成变异注释，项目Chinese Glioma Genome Altas (CGGA) - RNA-seq dataset (693)的数据和工具是否都齐备？	项目 Chinese Glioma Genome Altas (CGGA) - RNA-seq dataset (693)（HRA000074）缺少完成变异注释所必需的数据（变异 VCF 数据），无法同时推荐可靠的数据和工具。	[]	[]	[]	[]	no_matching_data	[]
