qa_id	qa_class	qa_type	goal	tool_id	tool_name	study	project_name	tumor_subtype	question	answer	required_inputs	reference_inputs	functions	applicable_modals	negative_type	data
class100001	class1_tool_recommend	single_tool	接头与低质量序列修剪	T001	fastp	HRA000071	Chinese Glioma Genome Altas (CGGA) - WES dataset	Malignant Glioma	项目Chinese Glioma Genome Altas (CGGA) - WES dataset中有原始双端测序数据（R1），要完成接头与低质量序列修剪，推荐使用哪个工具？	推荐工具 fastp（接头与低质量序列修剪）。该工具需要输入：原始双端测序数据（R1）、原始双端测序数据（R2）。图谱中项目 Chinese Glioma Genome Altas (CGGA) - WES dataset 的 HRA000071（癌种：Malignant Glioma）存在这些输入数据，共 1144 个匹配文件（文件引用已脱敏）。	["RAW_PAIRED_END_R1_FASTQ", "RAW_PAIRED_END_R2_FASTQ"]	[]	["接头与低质量序列修剪", "测序质量评估"]	["WES"]		[{"semantic_format": "RAW_PAIRED_END_R1_FASTQ", "data_desc": "原始双端测序数据（R1）", "count": 572, "study": "HRA000071", "project_name": "Chinese Glioma Genome Altas (CGGA) - WES dataset", "tumor_subtype": "Malignant Glioma"}, {"semantic_format": "RAW_PAIRED_END_R2_FASTQ", "data_desc": "原始双端测序数据（R2）", "count": 572, "study": "HRA000071", "project_name": "Chinese Glioma Genome Altas (CGGA) - WES dataset", "tumor_subtype": "Malignant Glioma"}]
class100002	class1_tool_recommend	single_tool	测序质量评估	T002	fastqc	HRA000001	CAS Precision Medicine Initiative, capital Initiative	Natural	我拿到了CAS Precision Medicine Initiative, capital Initiative的原始双端测序数据（R1），目标是测序质量评估，应该选哪个工具？	推荐工具 fastqc（测序质量评估）。该工具需要输入：原始单端测序数据。图谱中项目 CAS Precision Medicine Initiative, capital Initiative 的 HRA000001（癌种：Natural）存在这些输入数据，共 1114 个匹配文件（文件引用已脱敏）。	["RAW_SINGLE_END_FASTQ"]	[]	["可视化与报告", "测序质量评估"]	["WES", "WGS", "bulk_RNA", "sc-RNA"]		[{"semantic_format": "RAW_PAIRED_END_R1_FASTQ", "data_desc": "原始双端测序数据（R1）", "count": 557, "study": "HRA000001", "project_name": "CAS Precision Medicine Initiative, capital Initiative", "tumor_subtype": "Natural"}, {"semantic_format": "RAW_PAIRED_END_R2_FASTQ", "data_desc": "原始双端测序数据（R2）", "count": 557, "study": "HRA000001", "project_name": "CAS Precision Medicine Initiative, capital Initiative", "tumor_subtype": "Natural"}]
class100003	class1_tool_recommend	single_tool	单细胞比对与定量	T003	cellranger_workflow	HRA000073	Chinese Glioma Genome Altas (CGGA) - RNA-seq dataset (325)	Malignant Glioma	要完成单细胞比对与定量，手上有原始双端测序数据（R1），适合的工具是什么？	推荐工具 cellranger_workflow（单细胞比对与定量）。该工具需要输入：基因组比对 BAM 数据、原始单端测序数据。图谱中项目 Chinese Glioma Genome Altas (CGGA) - RNA-seq dataset (325) 的 HRA000073（癌种：Malignant Glioma）存在这些输入数据，共 975 个匹配文件（文件引用已脱敏）。	["DNA_GENOMIC_ALIGNMENT_BAM", "RAW_SINGLE_END_FASTQ"]	[]	["单细胞比对与定量", "可视化与报告", "测序质量评估"]	["bulk_RNA", "sc-RNA"]		[{"semantic_format": "RNA_TRANSCRIPTOME_ALIGNMENT_BAM", "data_desc": "转录组比对 BAM 数据", "count": 325, "study": "HRA000073", "project_name": "Chinese Glioma Genome Altas (CGGA) - RNA-seq dataset (325)", "tumor_subtype": "Malignant Glioma"}, {"semantic_format": "RAW_PAIRED_END_R1_FASTQ", "data_desc": "原始双端测序数据（R1）", "count": 325, "study": "HRA000073", "project_name": "Chinese Glioma Genome Altas (CGGA) - RNA-seq dataset (325)", "tumor_subtype": "Malignant Glioma"}, {"semantic_format": "RAW_PAIRED_END_R2_FASTQ", "data_desc": "原始双端测序数据（R2）", "count": 325, "study": "HRA000073", "project_name": "Chinese Glioma Genome Altas (CGGA) - RNA-seq dataset (325)", "tumor_subtype": "Malignant Glioma"}]
class100004	class1_tool_recommend	single_tool	接头与低质量序列修剪	T004	trim_galore	HRA000073	Chinese Glioma Genome Altas (CGGA) - RNA-seq dataset (325)	Malignant Glioma	基于Chinese Glioma Genome Altas (CGGA) - RNA-seq dataset (325)的原始双端测序数据（R1）做接头与低质量序列修剪，应该使用什么工具？	推荐工具 trim_galore（接头与低质量序列修剪）。该工具需要输入：原始双端测序数据（R1）、原始双端测序数据（R2）。图谱中项目 Chinese Glioma Genome Altas (CGGA) - RNA-seq dataset (325) 的 HRA000073（癌种：Malignant Glioma）存在这些输入数据，共 650 个匹配文件（文件引用已脱敏）。	["RAW_PAIRED_END_R1_FASTQ", "RAW_PAIRED_END_R2_FASTQ"]	[]	["接头与低质量序列修剪"]	["bulk_RNA"]		[{"semantic_format": "RAW_PAIRED_END_R1_FASTQ", "data_desc": "原始双端测序数据（R1）", "count": 325, "study": "HRA000073", "project_name": "Chinese Glioma Genome Altas (CGGA) - RNA-seq dataset (325)", "tumor_subtype": "Malignant Glioma"}, {"semantic_format": "RAW_PAIRED_END_R2_FASTQ", "data_desc": "原始双端测序数据（R2）", "count": 325, "study": "HRA000073", "project_name": "Chinese Glioma Genome Altas (CGGA) - RNA-seq dataset (325)", "tumor_subtype": "Malignant Glioma"}]
class100005	class1_tool_recommend	single_tool	RNA序列比对	T005	star	HRA000073	Chinese Glioma Genome Altas (CGGA) - RNA-seq dataset (325)	Malignant Glioma	我想对原始双端测序数据（R1）完成RNA序列比对，应该用什么工具？	推荐工具 star（RNA序列比对）。该工具需要输入：原始双端测序数据（R1）、原始双端测序数据（R2）（另需公共参考资源：参考基因组 FASTA）。图谱中项目 Chinese Glioma Genome Altas (CGGA) - RNA-seq dataset (325) 的 HRA000073（癌种：Malignant Glioma）存在这些输入数据，共 650 个匹配文件（文件引用已脱敏）。	["RAW_PAIRED_END_R1_FASTQ", "RAW_PAIRED_END_R2_FASTQ"]	["REFERENCE_GENOME_FASTA"]	["RNA序列比对"]	["bulk_RNA"]		[{"semantic_format": "RAW_PAIRED_END_R1_FASTQ", "data_desc": "原始双端测序数据（R1）", "count": 325, "study": "HRA000073", "project_name": "Chinese Glioma Genome Altas (CGGA) - RNA-seq dataset (325)", "tumor_subtype": "Malignant Glioma"}, {"semantic_format": "RAW_PAIRED_END_R2_FASTQ", "data_desc": "原始双端测序数据（R2）", "count": 325, "study": "HRA000073", "project_name": "Chinese Glioma Genome Altas (CGGA) - RNA-seq dataset (325)", "tumor_subtype": "Malignant Glioma"}]
class100006	class1_tool_recommend	single_tool	DNA序列比对	T006	bwa	HRA000071	Chinese Glioma Genome Altas (CGGA) - WES dataset	Malignant Glioma	项目Chinese Glioma Genome Altas (CGGA) - WES dataset中有原始双端测序数据（R1），要完成DNA序列比对，推荐使用哪个工具？	推荐工具 bwa（DNA序列比对）。该工具需要输入：原始双端测序数据（R1）、原始双端测序数据（R2）（另需公共参考资源：参考基因组 FASTA）。图谱中项目 Chinese Glioma Genome Altas (CGGA) - WES dataset 的 HRA000071（癌种：Malignant Glioma）存在这些输入数据，共 1144 个匹配文件（文件引用已脱敏）。	["RAW_PAIRED_END_R1_FASTQ", "RAW_PAIRED_END_R2_FASTQ"]	["REFERENCE_GENOME_FASTA"]	["DNA序列比对"]	["WES"]		[{"semantic_format": "RAW_PAIRED_END_R1_FASTQ", "data_desc": "原始双端测序数据（R1）", "count": 572, "study": "HRA000071", "project_name": "Chinese Glioma Genome Altas (CGGA) - WES dataset", "tumor_subtype": "Malignant Glioma"}, {"semantic_format": "RAW_PAIRED_END_R2_FASTQ", "data_desc": "原始双端测序数据（R2）", "count": 572, "study": "HRA000071", "project_name": "Chinese Glioma Genome Altas (CGGA) - WES dataset", "tumor_subtype": "Malignant Glioma"}]
class100007	class1_tool_recommend	single_tool	比对后处理与去重	T007	samtools	HRA000021	Whole Genome Sequencing  in Esophageal Squamous Cell Carcinoma	Esophageal Squamous Cell Carcinoma	我拿到了Whole Genome Sequencing  in Esophageal Squamous Cell Carcinoma的碱基质量校正后的比对 BAM 数据，目标是比对后处理与去重，应该选哪个工具？	推荐工具 samtools（比对后处理与去重）。该工具需要输入：基因组比对 BAM 数据。图谱中项目 Whole Genome Sequencing  in Esophageal Squamous Cell Carcinoma 的 HRA000021（癌种：Esophageal Squamous Cell Carcinoma）存在这些输入数据，共 1016 个匹配文件（文件引用已脱敏）。	["DNA_GENOMIC_ALIGNMENT_BAM"]	[]	["比对后处理与去重"]	["WES", "WGS", "bulk_RNA"]		[{"semantic_format": "DNA_ALIGNMENT_BQSR_BAM", "data_desc": "碱基质量校正后的比对 BAM 数据", "count": 1016, "study": "HRA000021", "project_name": "Whole Genome Sequencing  in Esophageal Squamous Cell Carcinoma", "tumor_subtype": "Esophageal Squamous Cell Carcinoma"}]
class100008	class1_tool_recommend	single_tool	体细胞变异检测	T008	gatk	HRA000071	Chinese Glioma Genome Altas (CGGA) - WES dataset	Malignant Glioma	要完成体细胞变异检测，手上有碱基质量校正后的比对 BAM 数据，适合的工具是什么？	推荐工具 gatk（体细胞变异检测）。该工具需要输入：基因组比对 BAM 数据（另需公共参考资源：参考基因组 FASTA、目标区间列表）。图谱中项目 Chinese Glioma Genome Altas (CGGA) - WES dataset 的 HRA000071（癌种：Malignant Glioma）存在这些输入数据，共 572 个匹配文件（文件引用已脱敏）。	["DNA_GENOMIC_ALIGNMENT_BAM"]	["REFERENCE_GENOME_FASTA", "TARGET_INTERVAL_LIST"]	["体细胞变异检测", "变异质量校正"]	["WES"]		[{"semantic_format": "DNA_ALIGNMENT_BQSR_BAM", "data_desc": "碱基质量校正后的比对 BAM 数据", "count": 572, "study": "HRA000071", "project_name": "Chinese Glioma Genome Altas (CGGA) - WES dataset", "tumor_subtype": "Malignant Glioma"}]
class100009	class1_tool_recommend	single_tool	变异过滤与处理	T009	bcftools	HRA000873	Whole  exome sequencing  of patients with CRC from the Changkang project	Colorectal Cancer	基于Whole  exome sequencing  of patients with CRC from the Changkang project的变异 VCF 数据做变异过滤与处理，应该使用什么工具？	推荐工具 bcftools（变异过滤与处理）。该工具需要输入：VCF 索引数据、变异 VCF 数据（另需公共参考资源：参考基因组 FASTA）。图谱中项目 Whole  exome sequencing  of patients with CRC from the Changkang project 的 HRA000873（癌种：Colorectal Cancer）存在这些输入数据，共 6090 个匹配文件（文件引用已脱敏）。	["DNA_VARIANT_INDEX_TBI", "DNA_VARIANT_VCF_GENERAL"]	["REFERENCE_GENOME_FASTA"]	["变异过滤与处理", "可视化与报告"]	["WES"]		[{"semantic_format": "DNA_VARIANT_INDEX_TBI", "data_desc": "VCF 索引数据", "count": 3045, "study": "HRA000873", "project_name": "Whole  exome sequencing  of patients with CRC from the Changkang project", "tumor_subtype": "Colorectal Cancer"}, {"semantic_format": "DNA_VARIANT_VCF_GENERAL", "data_desc": "变异 VCF 数据", "count": 3045, "study": "HRA000873", "project_name": "Whole  exome sequencing  of patients with CRC from the Changkang project", "tumor_subtype": "Colorectal Cancer"}]
class100010	class1_tool_recommend	single_tool	变异注释	T010	snpeff	HRA000001	CAS Precision Medicine Initiative, capital Initiative	Natural	我想对变异 VCF 数据完成变异注释，应该用什么工具？	推荐工具 snpeff（变异注释）。该工具需要输入：变异 VCF 数据（另需公共参考资源：参考基因组 FASTA）。图谱中项目 CAS Precision Medicine Initiative, capital Initiative 的 HRA000001（癌种：Natural）存在这些输入数据，共 4 个匹配文件（文件引用已脱敏）。	["DNA_VARIANT_VCF_GENERAL"]	["REFERENCE_GENOME_FASTA"]	["变异注释", "可视化与报告"]	["WES", "WGS"]		[{"semantic_format": "DNA_VARIANT_VCF_GENERAL", "data_desc": "变异 VCF 数据", "count": 4, "study": "HRA000001", "project_name": "CAS Precision Medicine Initiative, capital Initiative", "tumor_subtype": "Natural"}]
class100011	class1_tool_recommend	single_tool	表达定量	T011	rsem	HRA000073	Chinese Glioma Genome Altas (CGGA) - RNA-seq dataset (325)	Malignant Glioma	项目Chinese Glioma Genome Altas (CGGA) - RNA-seq dataset (325)中有转录组比对 BAM 数据，要完成表达定量，推荐使用哪个工具？	推荐工具 rsem（表达定量）。该工具需要输入：转录组比对 BAM 数据。图谱中项目 Chinese Glioma Genome Altas (CGGA) - RNA-seq dataset (325) 的 HRA000073（癌种：Malignant Glioma）存在这些输入数据，共 325 个匹配文件（文件引用已脱敏）。	["RNA_TRANSCRIPTOME_ALIGNMENT_BAM"]	[]	["表达定量"]	["bulk_RNA"]		[{"semantic_format": "RNA_TRANSCRIPTOME_ALIGNMENT_BAM", "data_desc": "转录组比对 BAM 数据", "count": 325, "study": "HRA000073", "project_name": "Chinese Glioma Genome Altas (CGGA) - RNA-seq dataset (325)", "tumor_subtype": "Malignant Glioma"}]
class100012	class1_tool_recommend	single_tool	表达定量	T012	featurecounts	HRA000073	Chinese Glioma Genome Altas (CGGA) - RNA-seq dataset (325)	Malignant Glioma	我拿到了Chinese Glioma Genome Altas (CGGA) - RNA-seq dataset (325)的转录组比对 BAM 数据，目标是表达定量，应该选哪个工具？	推荐工具 featurecounts（表达定量）。该工具需要输入：基因组比对 BAM 数据。图谱中项目 Chinese Glioma Genome Altas (CGGA) - RNA-seq dataset (325) 的 HRA000073（癌种：Malignant Glioma）存在这些输入数据，共 325 个匹配文件（文件引用已脱敏）。	["DNA_GENOMIC_ALIGNMENT_BAM"]	[]	["表达定量"]	["bulk_RNA"]		[{"semantic_format": "RNA_TRANSCRIPTOME_ALIGNMENT_BAM", "data_desc": "转录组比对 BAM 数据", "count": 325, "study": "HRA000073", "project_name": "Chinese Glioma Genome Altas (CGGA) - RNA-seq dataset (325)", "tumor_subtype": "Malignant Glioma"}]
class100013	class1_tool_recommend	single_tool	功能富集分析	T014	diff_expr_go	HRA000073	Chinese Glioma Genome Altas (CGGA) - RNA-seq dataset (325)	Malignant Glioma	要完成功能富集分析，手上有基因表达矩阵/表格数据，适合的工具是什么？	推荐工具 diff_expr_go（功能富集分析）。该工具需要输入：基因表达矩阵/表格数据。图谱中项目 Chinese Glioma Genome Altas (CGGA) - RNA-seq dataset (325) 的 HRA000073（癌种：Malignant Glioma）存在这些输入数据，共 3 个匹配文件（文件引用已脱敏）。	["TABULAR_BIO_DATA"]	[]	["功能富集分析", "差异表达分析"]	["bulk_RNA"]		[{"semantic_format": "TABULAR_BIO_DATA", "data_desc": "基因表达矩阵/表格数据", "count": 3, "study": "HRA000073", "project_name": "Chinese Glioma Genome Altas (CGGA) - RNA-seq dataset (325)", "tumor_subtype": "Malignant Glioma"}]
class100014	class1_tool_recommend	single_tool	功能富集分析	T015	diff_expr_kegg	HRA000073	Chinese Glioma Genome Altas (CGGA) - RNA-seq dataset (325)	Malignant Glioma	基于Chinese Glioma Genome Altas (CGGA) - RNA-seq dataset (325)的基因表达矩阵/表格数据做功能富集分析，应该使用什么工具？	推荐工具 diff_expr_kegg（功能富集分析）。该工具需要输入：基因表达矩阵/表格数据。图谱中项目 Chinese Glioma Genome Altas (CGGA) - RNA-seq dataset (325) 的 HRA000073（癌种：Malignant Glioma）存在这些输入数据，共 3 个匹配文件（文件引用已脱敏）。	["TABULAR_BIO_DATA"]	[]	["功能富集分析", "差异表达分析"]	["bulk_RNA"]		[{"semantic_format": "TABULAR_BIO_DATA", "data_desc": "基因表达矩阵/表格数据", "count": 3, "study": "HRA000073", "project_name": "Chinese Glioma Genome Altas (CGGA) - RNA-seq dataset (325)", "tumor_subtype": "Malignant Glioma"}]
class100015	class1_tool_recommend	single_tool	突变景观与可视化	T016	driver_gene_gender_analysis	HRA000071	Chinese Glioma Genome Altas (CGGA) - WES dataset	Malignant Glioma	我想对体细胞突变 MAF 数据完成突变景观与可视化，应该用什么工具？	推荐工具 driver_gene_gender_analysis（突变景观与可视化）。该工具需要输入：临床表型数据、体细胞突变 MAF 数据。图谱中项目 Chinese Glioma Genome Altas (CGGA) - WES dataset 的 HRA000071（癌种：Malignant Glioma）存在这些输入数据，共 2 个匹配文件（文件引用已脱敏）。	["CLINICAL_DATA_EXCEL", "MUTATION_ANNOTATION_FORMAT_MAF"]	[]	["可视化与报告", "突变景观与可视化"]	["Clinical", "WES"]		[{"semantic_format": "CLINICAL_DATA_EXCEL", "data_desc": "临床表型数据", "count": 1, "study": "HRA000071", "project_name": "Chinese Glioma Genome Altas (CGGA) - WES dataset", "tumor_subtype": "Malignant Glioma"}, {"semantic_format": "MUTATION_ANNOTATION_FORMAT_MAF", "data_desc": "体细胞突变 MAF 数据", "count": 1, "study": "HRA000071", "project_name": "Chinese Glioma Genome Altas (CGGA) - WES dataset", "tumor_subtype": "Malignant Glioma"}]
class100016	class1_tool_recommend	single_tool	生存分析	T017	her2_pfs_survival	HRA000071	Chinese Glioma Genome Altas (CGGA) - WES dataset	Malignant Glioma	项目Chinese Glioma Genome Altas (CGGA) - WES dataset中有体细胞拷贝数变异数据，要完成生存分析，推荐使用哪个工具？	推荐工具 her2_pfs_survival（生存分析）。该工具需要输入：临床表型数据、基因表达矩阵/表格数据。图谱中项目 Chinese Glioma Genome Altas (CGGA) - WES dataset 的 HRA000071（癌种：Malignant Glioma）存在这些输入数据，共 2 个匹配文件（文件引用已脱敏）。	["CLINICAL_DATA_EXCEL", "TABULAR_BIO_DATA"]	[]	["可视化与报告", "生存分析"]	["Clinical", "bulk_RNA"]		[{"semantic_format": "CLINICAL_DATA_EXCEL", "data_desc": "临床表型数据", "count": 1, "study": "HRA000071", "project_name": "Chinese Glioma Genome Altas (CGGA) - WES dataset", "tumor_subtype": "Malignant Glioma"}, {"semantic_format": "SOMATIC_CNV_TSV", "data_desc": "体细胞拷贝数变异数据", "count": 1, "study": "HRA000071", "project_name": "Chinese Glioma Genome Altas (CGGA) - WES dataset", "tumor_subtype": "Malignant Glioma"}]
class100017	class1_tool_recommend	single_tool	免疫浸润与微环境分析	T018	immune_infiltration_iobr	HRA000071	Chinese Glioma Genome Altas (CGGA) - WES dataset	Malignant Glioma	我拿到了Chinese Glioma Genome Altas (CGGA) - WES dataset的体细胞拷贝数变异数据，目标是免疫浸润与微环境分析，应该选哪个工具？	推荐工具 immune_infiltration_iobr（免疫浸润与微环境分析）。该工具需要输入：临床表型数据、基因表达矩阵/表格数据。图谱中项目 Chinese Glioma Genome Altas (CGGA) - WES dataset 的 HRA000071（癌种：Malignant Glioma）存在这些输入数据，共 2 个匹配文件（文件引用已脱敏）。	["CLINICAL_DATA_EXCEL", "TABULAR_BIO_DATA"]	[]	["免疫浸润与微环境分析", "可视化与报告"]	["Clinical", "bulk_RNA"]		[{"semantic_format": "CLINICAL_DATA_EXCEL", "data_desc": "临床表型数据", "count": 1, "study": "HRA000071", "project_name": "Chinese Glioma Genome Altas (CGGA) - WES dataset", "tumor_subtype": "Malignant Glioma"}, {"semantic_format": "SOMATIC_CNV_TSV", "data_desc": "体细胞拷贝数变异数据", "count": 1, "study": "HRA000071", "project_name": "Chinese Glioma Genome Altas (CGGA) - WES dataset", "tumor_subtype": "Malignant Glioma"}]
class100018	class1_tool_recommend	single_tool	序列格式转换	T019	paired_fastq_to_unmapped_bam	HRA000071	Chinese Glioma Genome Altas (CGGA) - WES dataset	Malignant Glioma	要完成序列格式转换，手上有原始双端测序数据（R1），适合的工具是什么？	推荐工具 paired_fastq_to_unmapped_bam（序列格式转换）。该工具需要输入：基因组比对 BAM 数据、原始双端测序数据（R1）、原始双端测序数据（R2）。图谱中项目 Chinese Glioma Genome Altas (CGGA) - WES dataset 的 HRA000071（癌种：Malignant Glioma）存在这些输入数据，共 1716 个匹配文件（文件引用已脱敏）。	["DNA_GENOMIC_ALIGNMENT_BAM", "RAW_PAIRED_END_R1_FASTQ", "RAW_PAIRED_END_R2_FASTQ"]	[]	["序列格式转换"]	["WES"]		[{"semantic_format": "DNA_ALIGNMENT_BQSR_BAM", "data_desc": "碱基质量校正后的比对 BAM 数据", "count": 572, "study": "HRA000071", "project_name": "Chinese Glioma Genome Altas (CGGA) - WES dataset", "tumor_subtype": "Malignant Glioma"}, {"semantic_format": "RAW_PAIRED_END_R1_FASTQ", "data_desc": "原始双端测序数据（R1）", "count": 572, "study": "HRA000071", "project_name": "Chinese Glioma Genome Altas (CGGA) - WES dataset", "tumor_subtype": "Malignant Glioma"}, {"semantic_format": "RAW_PAIRED_END_R2_FASTQ", "data_desc": "原始双端测序数据（R2）", "count": 572, "study": "HRA000071", "project_name": "Chinese Glioma Genome Altas (CGGA) - WES dataset", "tumor_subtype": "Malignant Glioma"}]
class100019	class1_tool_recommend	single_tool	无监督聚类分析	T020	rnaseq_unsupervised_cluster	HRA000073	Chinese Glioma Genome Altas (CGGA) - RNA-seq dataset (325)	Malignant Glioma	基于Chinese Glioma Genome Altas (CGGA) - RNA-seq dataset (325)的基因表达矩阵/表格数据做无监督聚类分析，应该使用什么工具？	推荐工具 rnaseq_unsupervised_cluster（无监督聚类分析）。该工具需要输入：基因表达矩阵/表格数据。图谱中项目 Chinese Glioma Genome Altas (CGGA) - RNA-seq dataset (325) 的 HRA000073（癌种：Malignant Glioma）存在这些输入数据，共 3 个匹配文件（文件引用已脱敏）。	["TABULAR_BIO_DATA"]	[]	["可视化与报告", "无监督聚类分析"]	["bulk_RNA"]		[{"semantic_format": "TABULAR_BIO_DATA", "data_desc": "基因表达矩阵/表格数据", "count": 3, "study": "HRA000073", "project_name": "Chinese Glioma Genome Altas (CGGA) - RNA-seq dataset (325)", "tumor_subtype": "Malignant Glioma"}]
class100020	class1_tool_recommend	single_tool	生存分析	T021	survival_analysis	HRA000071	Chinese Glioma Genome Altas (CGGA) - WES dataset	Malignant Glioma	我想对体细胞突变 MAF 数据完成生存分析，应该用什么工具？	推荐工具 survival_analysis（生存分析）。该工具需要输入：临床表型数据、体细胞突变 MAF 数据。图谱中项目 Chinese Glioma Genome Altas (CGGA) - WES dataset 的 HRA000071（癌种：Malignant Glioma）存在这些输入数据，共 2 个匹配文件（文件引用已脱敏）。	["CLINICAL_DATA_EXCEL", "MUTATION_ANNOTATION_FORMAT_MAF"]	[]	["生存分析"]	["Clinical", "WES"]		[{"semantic_format": "CLINICAL_DATA_EXCEL", "data_desc": "临床表型数据", "count": 1, "study": "HRA000071", "project_name": "Chinese Glioma Genome Altas (CGGA) - WES dataset", "tumor_subtype": "Malignant Glioma"}, {"semantic_format": "MUTATION_ANNOTATION_FORMAT_MAF", "data_desc": "体细胞突变 MAF 数据", "count": 1, "study": "HRA000071", "project_name": "Chinese Glioma Genome Altas (CGGA) - WES dataset", "tumor_subtype": "Malignant Glioma"}]
class100021	class1_tool_recommend	single_tool	生存分析	T022	tmb_survival_analysis	HRA000071	Chinese Glioma Genome Altas (CGGA) - WES dataset	Malignant Glioma	项目Chinese Glioma Genome Altas (CGGA) - WES dataset中有体细胞突变 MAF 数据，要完成生存分析，推荐使用哪个工具？	推荐工具 tmb_survival_analysis（生存分析）。该工具需要输入：临床表型数据、体细胞突变 MAF 数据。图谱中项目 Chinese Glioma Genome Altas (CGGA) - WES dataset 的 HRA000071（癌种：Malignant Glioma）存在这些输入数据，共 2 个匹配文件（文件引用已脱敏）。	["CLINICAL_DATA_EXCEL", "MUTATION_ANNOTATION_FORMAT_MAF"]	[]	["生存分析", "突变景观与可视化"]	["Clinical", "WES"]		[{"semantic_format": "CLINICAL_DATA_EXCEL", "data_desc": "临床表型数据", "count": 1, "study": "HRA000071", "project_name": "Chinese Glioma Genome Altas (CGGA) - WES dataset", "tumor_subtype": "Malignant Glioma"}, {"semantic_format": "MUTATION_ANNOTATION_FORMAT_MAF", "data_desc": "体细胞突变 MAF 数据", "count": 1, "study": "HRA000071", "project_name": "Chinese Glioma Genome Altas (CGGA) - WES dataset", "tumor_subtype": "Malignant Glioma"}]
class100022	class1_tool_recommend	single_tool	突变景观与可视化	T023	wes_somatic_maf_landscape	HRA000071	Chinese Glioma Genome Altas (CGGA) - WES dataset	Malignant Glioma	我拿到了Chinese Glioma Genome Altas (CGGA) - WES dataset的体细胞突变 MAF 数据，目标是突变景观与可视化，应该选哪个工具？	推荐工具 wes_somatic_maf_landscape（突变景观与可视化）。该工具需要输入：体细胞突变 MAF 数据。图谱中项目 Chinese Glioma Genome Altas (CGGA) - WES dataset 的 HRA000071（癌种：Malignant Glioma）存在这些输入数据，共 1 个匹配文件（文件引用已脱敏）。	["MUTATION_ANNOTATION_FORMAT_MAF"]	[]	["突变景观与可视化"]	["WES"]		[{"semantic_format": "MUTATION_ANNOTATION_FORMAT_MAF", "data_desc": "体细胞突变 MAF 数据", "count": 1, "study": "HRA000071", "project_name": "Chinese Glioma Genome Altas (CGGA) - WES dataset", "tumor_subtype": "Malignant Glioma"}]
class100023	class1_tool_recommend	single_tool	共表达网络分析	T024	wgcna	HRA000071	Chinese Glioma Genome Altas (CGGA) - WES dataset	Malignant Glioma	要完成共表达网络分析，手上有体细胞拷贝数变异数据，适合的工具是什么？	推荐工具 wgcna（共表达网络分析）。该工具需要输入：临床表型数据、基因表达矩阵/表格数据。图谱中项目 Chinese Glioma Genome Altas (CGGA) - WES dataset 的 HRA000071（癌种：Malignant Glioma）存在这些输入数据，共 2 个匹配文件（文件引用已脱敏）。	["CLINICAL_DATA_EXCEL", "TABULAR_BIO_DATA"]	[]	["共表达网络分析"]	["Clinical", "bulk_RNA"]		[{"semantic_format": "CLINICAL_DATA_EXCEL", "data_desc": "临床表型数据", "count": 1, "study": "HRA000071", "project_name": "Chinese Glioma Genome Altas (CGGA) - WES dataset", "tumor_subtype": "Malignant Glioma"}, {"semantic_format": "SOMATIC_CNV_TSV", "data_desc": "体细胞拷贝数变异数据", "count": 1, "study": "HRA000071", "project_name": "Chinese Glioma Genome Altas (CGGA) - WES dataset", "tumor_subtype": "Malignant Glioma"}]
class100024	class1_tool_recommend	single_tool	细胞通讯分析	T026	breast_cellchat	HRA000087	Single-cell RNA analysis reveals an epithelial-immune dual feature of tumor cells in nasopharyngeal carcinoma	Nasopharynx Carcinoma	基于Single-cell RNA analysis reveals an epithelial-immune dual feature of tumor cells in nasopharyngeal carcinoma的单细胞/复杂分析对象数据做细胞通讯分析，应该使用什么工具？	推荐工具 breast_cellchat（细胞通讯分析）。该工具需要输入：单细胞分析对象（RDS）数据（另需公共参考资源：参考基因组 FASTA）。图谱中项目 Single-cell RNA analysis reveals an epithelial-immune dual feature of tumor cells in nasopharyngeal carcinoma 的 HRA000087（癌种：Nasopharynx Carcinoma）存在这些输入数据，共 2 个匹配文件（文件引用已脱敏）。	["SCRNA_OBJECT_RDS"]	["REFERENCE_GENOME_FASTA"]	["细胞通讯分析"]	["bulk_RNA", "sc-RNA"]		[{"semantic_format": "BIO_DATA_CONTAINER_OBJECT", "data_desc": "单细胞/复杂分析对象数据", "count": 2, "study": "HRA000087", "project_name": "Single-cell RNA analysis reveals an epithelial-immune dual feature of tumor cells in nasopharyngeal carcinoma", "tumor_subtype": "Nasopharynx Carcinoma"}]
class100025	class1_tool_recommend	single_tool	差异表达分析	T027	celltype_case_control_de	HRA000087	Single-cell RNA analysis reveals an epithelial-immune dual feature of tumor cells in nasopharyngeal carcinoma	Nasopharynx Carcinoma	我想对单细胞/复杂分析对象数据完成差异表达分析，应该用什么工具？	推荐工具 celltype_case_control_de（差异表达分析）。该工具需要输入：单细胞分析对象（RDS）数据、基因表达矩阵/表格数据（另需公共参考资源：参考基因组 FASTA）。图谱中项目 Single-cell RNA analysis reveals an epithelial-immune dual feature of tumor cells in nasopharyngeal carcinoma 的 HRA000087（癌种：Nasopharynx Carcinoma）存在这些输入数据，共 11 个匹配文件（文件引用已脱敏）。	["SCRNA_OBJECT_RDS", "TABULAR_BIO_DATA"]	["REFERENCE_GENOME_FASTA"]	["差异表达分析"]	["bulk_RNA", "sc-RNA"]		[{"semantic_format": "BIO_DATA_CONTAINER_OBJECT", "data_desc": "单细胞/复杂分析对象数据", "count": 2, "study": "HRA000087", "project_name": "Single-cell RNA analysis reveals an epithelial-immune dual feature of tumor cells in nasopharyngeal carcinoma", "tumor_subtype": "Nasopharynx Carcinoma"}, {"semantic_format": "TABULAR_BIO_DATA", "data_desc": "基因表达矩阵/表格数据", "count": 9, "study": "HRA000087", "project_name": "Single-cell RNA analysis reveals an epithelial-immune dual feature of tumor cells in nasopharyngeal carcinoma", "tumor_subtype": "Nasopharynx Carcinoma"}]
class100026	class1_tool_recommend	single_tool	拷贝数变异分析	T028	cnvkit_cnv_clinical	HRA000021	Whole Genome Sequencing  in Esophageal Squamous Cell Carcinoma	Esophageal Squamous Cell Carcinoma	项目Whole Genome Sequencing  in Esophageal Squamous Cell Carcinoma中有碱基质量校正后的比对 BAM 数据，要完成拷贝数变异分析，推荐使用哪个工具？	推荐工具 cnvkit_cnv_clinical（拷贝数变异分析）。该工具需要输入：基因组比对 BAM 数据。图谱中项目 Whole Genome Sequencing  in Esophageal Squamous Cell Carcinoma 的 HRA000021（癌种：Esophageal Squamous Cell Carcinoma）存在这些输入数据，共 1016 个匹配文件（文件引用已脱敏）。	["DNA_GENOMIC_ALIGNMENT_BAM"]	[]	["可视化与报告", "拷贝数变异分析"]	["Clinical", "WES", "WGS"]		[{"semantic_format": "DNA_ALIGNMENT_BQSR_BAM", "data_desc": "碱基质量校正后的比对 BAM 数据", "count": 1016, "study": "HRA000021", "project_name": "Whole Genome Sequencing  in Esophageal Squamous Cell Carcinoma", "tumor_subtype": "Esophageal Squamous Cell Carcinoma"}]
class100027	class1_tool_recommend	single_tool	生存分析	T029	cox_model	HRA000071	Chinese Glioma Genome Altas (CGGA) - WES dataset	Malignant Glioma	我拿到了Chinese Glioma Genome Altas (CGGA) - WES dataset的体细胞拷贝数变异数据，目标是生存分析，应该选哪个工具？	推荐工具 cox_model（生存分析）。该工具需要输入：临床表型数据、样本元数据、基因表达矩阵/表格数据。图谱中项目 Chinese Glioma Genome Altas (CGGA) - WES dataset 的 HRA000071（癌种：Malignant Glioma）存在这些输入数据，共 3 个匹配文件（文件引用已脱敏）。	["CLINICAL_DATA_EXCEL", "METADATA_SAMPLE_INFO", "TABULAR_BIO_DATA"]	[]	["生存分析"]	["Clinical", "bulk_RNA"]		[{"semantic_format": "CLINICAL_DATA_EXCEL", "data_desc": "临床表型数据", "count": 1, "study": "HRA000071", "project_name": "Chinese Glioma Genome Altas (CGGA) - WES dataset", "tumor_subtype": "Malignant Glioma"}, {"semantic_format": "METADATA_SAMPLE_INFO", "data_desc": "样本元数据", "count": 1, "study": "HRA000071", "project_name": "Chinese Glioma Genome Altas (CGGA) - WES dataset", "tumor_subtype": "Malignant Glioma"}, {"semantic_format": "SOMATIC_CNV_TSV", "data_desc": "体细胞拷贝数变异数据", "count": 1, "study": "HRA000071", "project_name": "Chinese Glioma Genome Altas (CGGA) - WES dataset", "tumor_subtype": "Malignant Glioma"}]
class100028	class1_tool_recommend	single_tool	单细胞下游分析	T030	dataset_downstream	HRA000087	Single-cell RNA analysis reveals an epithelial-immune dual feature of tumor cells in nasopharyngeal carcinoma	Nasopharynx Carcinoma	要完成单细胞下游分析，手上有单细胞/复杂分析对象数据，适合的工具是什么？	推荐工具 dataset_downstream（单细胞下游分析）。该工具需要输入：单细胞分析对象（RDS）数据、基因表达矩阵/表格数据（另需公共参考资源：参考基因组 FASTA）。图谱中项目 Single-cell RNA analysis reveals an epithelial-immune dual feature of tumor cells in nasopharyngeal carcinoma 的 HRA000087（癌种：Nasopharynx Carcinoma）存在这些输入数据，共 11 个匹配文件（文件引用已脱敏）。	["SCRNA_OBJECT_RDS", "TABULAR_BIO_DATA"]	["REFERENCE_GENOME_FASTA"]	["单细胞下游分析", "差异表达分析"]	["sc-RNA"]		[{"semantic_format": "BIO_DATA_CONTAINER_OBJECT", "data_desc": "单细胞/复杂分析对象数据", "count": 2, "study": "HRA000087", "project_name": "Single-cell RNA analysis reveals an epithelial-immune dual feature of tumor cells in nasopharyngeal carcinoma", "tumor_subtype": "Nasopharynx Carcinoma"}, {"semantic_format": "TABULAR_BIO_DATA", "data_desc": "基因表达矩阵/表格数据", "count": 9, "study": "HRA000087", "project_name": "Single-cell RNA analysis reveals an epithelial-immune dual feature of tumor cells in nasopharyngeal carcinoma", "tumor_subtype": "Nasopharynx Carcinoma"}]
class100029	class1_tool_recommend	single_tool	单细胞下游分析	T031	dataset_matrix_annotation	HRA000087	Single-cell RNA analysis reveals an epithelial-immune dual feature of tumor cells in nasopharyngeal carcinoma	Nasopharynx Carcinoma	基于Single-cell RNA analysis reveals an epithelial-immune dual feature of tumor cells in nasopharyngeal carcinoma的单细胞/复杂分析对象数据做单细胞下游分析，应该使用什么工具？	推荐工具 dataset_matrix_annotation（单细胞下游分析）。该工具需要输入：单细胞分析对象（RDS）数据、基因表达矩阵/表格数据（另需公共参考资源：参考基因组 FASTA）。图谱中项目 Single-cell RNA analysis reveals an epithelial-immune dual feature of tumor cells in nasopharyngeal carcinoma 的 HRA000087（癌种：Nasopharynx Carcinoma）存在这些输入数据，共 11 个匹配文件（文件引用已脱敏）。	["SCRNA_OBJECT_RDS", "TABULAR_BIO_DATA"]	["REFERENCE_GENOME_FASTA"]	["单细胞下游分析"]	["sc-RNA"]		[{"semantic_format": "BIO_DATA_CONTAINER_OBJECT", "data_desc": "单细胞/复杂分析对象数据", "count": 2, "study": "HRA000087", "project_name": "Single-cell RNA analysis reveals an epithelial-immune dual feature of tumor cells in nasopharyngeal carcinoma", "tumor_subtype": "Nasopharynx Carcinoma"}, {"semantic_format": "TABULAR_BIO_DATA", "data_desc": "基因表达矩阵/表格数据", "count": 9, "study": "HRA000087", "project_name": "Single-cell RNA analysis reveals an epithelial-immune dual feature of tumor cells in nasopharyngeal carcinoma", "tumor_subtype": "Nasopharynx Carcinoma"}]
class100030	class1_tool_recommend	single_tool	功能富集分析	T032	de_enrichment	HRA000071	Chinese Glioma Genome Altas (CGGA) - WES dataset	Malignant Glioma	我想对体细胞拷贝数变异数据完成功能富集分析，应该用什么工具？	推荐工具 de_enrichment（功能富集分析）。该工具需要输入：临床表型数据、样本元数据、基因表达矩阵/表格数据。图谱中项目 Chinese Glioma Genome Altas (CGGA) - WES dataset 的 HRA000071（癌种：Malignant Glioma）存在这些输入数据，共 3 个匹配文件（文件引用已脱敏）。	["CLINICAL_DATA_EXCEL", "METADATA_SAMPLE_INFO", "TABULAR_BIO_DATA"]	[]	["功能富集分析", "可视化与报告", "差异表达分析"]	["Clinical", "bulk_RNA"]		[{"semantic_format": "CLINICAL_DATA_EXCEL", "data_desc": "临床表型数据", "count": 1, "study": "HRA000071", "project_name": "Chinese Glioma Genome Altas (CGGA) - WES dataset", "tumor_subtype": "Malignant Glioma"}, {"semantic_format": "METADATA_SAMPLE_INFO", "data_desc": "样本元数据", "count": 1, "study": "HRA000071", "project_name": "Chinese Glioma Genome Altas (CGGA) - WES dataset", "tumor_subtype": "Malignant Glioma"}, {"semantic_format": "SOMATIC_CNV_TSV", "data_desc": "体细胞拷贝数变异数据", "count": 1, "study": "HRA000071", "project_name": "Chinese Glioma Genome Altas (CGGA) - WES dataset", "tumor_subtype": "Malignant Glioma"}]
class100031	class1_tool_recommend	single_tool	功能富集分析	T033	deg_enrichment	HRA000071	Chinese Glioma Genome Altas (CGGA) - WES dataset	Malignant Glioma	项目Chinese Glioma Genome Altas (CGGA) - WES dataset中有体细胞拷贝数变异数据，要完成功能富集分析，推荐使用哪个工具？	推荐工具 deg_enrichment（功能富集分析）。该工具需要输入：临床表型数据、样本元数据、基因表达矩阵/表格数据。图谱中项目 Chinese Glioma Genome Altas (CGGA) - WES dataset 的 HRA000071（癌种：Malignant Glioma）存在这些输入数据，共 3 个匹配文件（文件引用已脱敏）。	["CLINICAL_DATA_EXCEL", "METADATA_SAMPLE_INFO", "TABULAR_BIO_DATA"]	[]	["功能富集分析", "差异表达分析"]	["Clinical", "bulk_RNA"]		[{"semantic_format": "CLINICAL_DATA_EXCEL", "data_desc": "临床表型数据", "count": 1, "study": "HRA000071", "project_name": "Chinese Glioma Genome Altas (CGGA) - WES dataset", "tumor_subtype": "Malignant Glioma"}, {"semantic_format": "METADATA_SAMPLE_INFO", "data_desc": "样本元数据", "count": 1, "study": "HRA000071", "project_name": "Chinese Glioma Genome Altas (CGGA) - WES dataset", "tumor_subtype": "Malignant Glioma"}, {"semantic_format": "SOMATIC_CNV_TSV", "data_desc": "体细胞拷贝数变异数据", "count": 1, "study": "HRA000071", "project_name": "Chinese Glioma Genome Altas (CGGA) - WES dataset", "tumor_subtype": "Malignant Glioma"}]
class100032	class1_tool_recommend	single_tool	差异表达分析	T034	deg_trend	HRA000071	Chinese Glioma Genome Altas (CGGA) - WES dataset	Malignant Glioma	我拿到了Chinese Glioma Genome Altas (CGGA) - WES dataset的体细胞拷贝数变异数据，目标是差异表达分析，应该选哪个工具？	推荐工具 deg_trend（差异表达分析）。该工具需要输入：临床表型数据、样本元数据、基因表达矩阵/表格数据。图谱中项目 Chinese Glioma Genome Altas (CGGA) - WES dataset 的 HRA000071（癌种：Malignant Glioma）存在这些输入数据，共 3 个匹配文件（文件引用已脱敏）。	["CLINICAL_DATA_EXCEL", "METADATA_SAMPLE_INFO", "TABULAR_BIO_DATA"]	[]	["可视化与报告", "差异表达分析"]	["Clinical", "bulk_RNA"]		[{"semantic_format": "CLINICAL_DATA_EXCEL", "data_desc": "临床表型数据", "count": 1, "study": "HRA000071", "project_name": "Chinese Glioma Genome Altas (CGGA) - WES dataset", "tumor_subtype": "Malignant Glioma"}, {"semantic_format": "METADATA_SAMPLE_INFO", "data_desc": "样本元数据", "count": 1, "study": "HRA000071", "project_name": "Chinese Glioma Genome Altas (CGGA) - WES dataset", "tumor_subtype": "Malignant Glioma"}, {"semantic_format": "SOMATIC_CNV_TSV", "data_desc": "体细胞拷贝数变异数据", "count": 1, "study": "HRA000071", "project_name": "Chinese Glioma Genome Altas (CGGA) - WES dataset", "tumor_subtype": "Malignant Glioma"}]
class100033	class1_tool_recommend	single_tool	可视化与报告	T035	gene_boxplot	HRA000071	Chinese Glioma Genome Altas (CGGA) - WES dataset	Malignant Glioma	要完成可视化与报告，手上有体细胞拷贝数变异数据，适合的工具是什么？	推荐工具 gene_boxplot（可视化与报告）。该工具需要输入：临床表型数据、样本元数据、基因表达矩阵/表格数据。图谱中项目 Chinese Glioma Genome Altas (CGGA) - WES dataset 的 HRA000071（癌种：Malignant Glioma）存在这些输入数据，共 3 个匹配文件（文件引用已脱敏）。	["CLINICAL_DATA_EXCEL", "METADATA_SAMPLE_INFO", "TABULAR_BIO_DATA"]	[]	["可视化与报告"]	["Clinical", "bulk_RNA"]		[{"semantic_format": "CLINICAL_DATA_EXCEL", "data_desc": "临床表型数据", "count": 1, "study": "HRA000071", "project_name": "Chinese Glioma Genome Altas (CGGA) - WES dataset", "tumor_subtype": "Malignant Glioma"}, {"semantic_format": "METADATA_SAMPLE_INFO", "data_desc": "样本元数据", "count": 1, "study": "HRA000071", "project_name": "Chinese Glioma Genome Altas (CGGA) - WES dataset", "tumor_subtype": "Malignant Glioma"}, {"semantic_format": "SOMATIC_CNV_TSV", "data_desc": "体细胞拷贝数变异数据", "count": 1, "study": "HRA000071", "project_name": "Chinese Glioma Genome Altas (CGGA) - WES dataset", "tumor_subtype": "Malignant Glioma"}]
class100034	class1_tool_recommend	single_tool	功能富集分析	T036	gsea_pathway_enrichment	HRA000071	Chinese Glioma Genome Altas (CGGA) - WES dataset	Malignant Glioma	基于Chinese Glioma Genome Altas (CGGA) - WES dataset的体细胞拷贝数变异数据做功能富集分析，应该使用什么工具？	推荐工具 gsea_pathway_enrichment（功能富集分析）。该工具需要输入：基因表达矩阵/表格数据。图谱中项目 Chinese Glioma Genome Altas (CGGA) - WES dataset 的 HRA000071（癌种：Malignant Glioma）存在这些输入数据，共 1 个匹配文件（文件引用已脱敏）。	["TABULAR_BIO_DATA"]	[]	["功能富集分析"]	["Clinical", "bulk_RNA"]		[{"semantic_format": "SOMATIC_CNV_TSV", "data_desc": "体细胞拷贝数变异数据", "count": 1, "study": "HRA000071", "project_name": "Chinese Glioma Genome Altas (CGGA) - WES dataset", "tumor_subtype": "Malignant Glioma"}]
class100035	class1_tool_recommend	single_tool	细胞通讯分析	T038	immunotherapy_cellchat	HRA000087	Single-cell RNA analysis reveals an epithelial-immune dual feature of tumor cells in nasopharyngeal carcinoma	Nasopharynx Carcinoma	我想对单细胞/复杂分析对象数据完成细胞通讯分析，应该用什么工具？	推荐工具 immunotherapy_cellchat（细胞通讯分析）。该工具需要输入：单细胞分析对象（RDS）数据（另需公共参考资源：参考基因组 FASTA）。图谱中项目 Single-cell RNA analysis reveals an epithelial-immune dual feature of tumor cells in nasopharyngeal carcinoma 的 HRA000087（癌种：Nasopharynx Carcinoma）存在这些输入数据，共 2 个匹配文件（文件引用已脱敏）。	["SCRNA_OBJECT_RDS"]	["REFERENCE_GENOME_FASTA"]	["细胞通讯分析"]	["sc-RNA"]		[{"semantic_format": "BIO_DATA_CONTAINER_OBJECT", "data_desc": "单细胞/复杂分析对象数据", "count": 2, "study": "HRA000087", "project_name": "Single-cell RNA analysis reveals an epithelial-immune dual feature of tumor cells in nasopharyngeal carcinoma", "tumor_subtype": "Nasopharynx Carcinoma"}]
class100036	class1_tool_recommend	single_tool	单细胞下游分析	T039	ipf_trajectory_regulon	HRA000087	Single-cell RNA analysis reveals an epithelial-immune dual feature of tumor cells in nasopharyngeal carcinoma	Nasopharynx Carcinoma	项目Single-cell RNA analysis reveals an epithelial-immune dual feature of tumor cells in nasopharyngeal carcinoma中有单细胞/复杂分析对象数据，要完成单细胞下游分析，推荐使用哪个工具？	推荐工具 ipf_trajectory_regulon（单细胞下游分析）。该工具需要输入：样本元数据、单细胞分析对象（RDS）数据（另需公共参考资源：参考基因组 FASTA）。图谱中项目 Single-cell RNA analysis reveals an epithelial-immune dual feature of tumor cells in nasopharyngeal carcinoma 的 HRA000087（癌种：Nasopharynx Carcinoma）存在这些输入数据，共 3 个匹配文件（文件引用已脱敏）。	["METADATA_SAMPLE_INFO", "SCRNA_OBJECT_RDS"]	["REFERENCE_GENOME_FASTA"]	["单细胞下游分析", "轨迹推断"]	["bulk_RNA", "sc-RNA"]		[{"semantic_format": "METADATA_SAMPLE_INFO", "data_desc": "样本元数据", "count": 1, "study": "HRA000087", "project_name": "Single-cell RNA analysis reveals an epithelial-immune dual feature of tumor cells in nasopharyngeal carcinoma", "tumor_subtype": "Nasopharynx Carcinoma"}, {"semantic_format": "BIO_DATA_CONTAINER_OBJECT", "data_desc": "单细胞/复杂分析对象数据", "count": 2, "study": "HRA000087", "project_name": "Single-cell RNA analysis reveals an epithelial-immune dual feature of tumor cells in nasopharyngeal carcinoma", "tumor_subtype": "Nasopharynx Carcinoma"}]
class100037	class1_tool_recommend	single_tool	生存分析	T040	km_survival	HRA000071	Chinese Glioma Genome Altas (CGGA) - WES dataset	Malignant Glioma	我拿到了Chinese Glioma Genome Altas (CGGA) - WES dataset的体细胞拷贝数变异数据，目标是生存分析，应该选哪个工具？	推荐工具 km_survival（生存分析）。该工具需要输入：临床表型数据、样本元数据、基因表达矩阵/表格数据。图谱中项目 Chinese Glioma Genome Altas (CGGA) - WES dataset 的 HRA000071（癌种：Malignant Glioma）存在这些输入数据，共 3 个匹配文件（文件引用已脱敏）。	["CLINICAL_DATA_EXCEL", "METADATA_SAMPLE_INFO", "TABULAR_BIO_DATA"]	[]	["可视化与报告", "生存分析"]	["Clinical", "bulk_RNA"]		[{"semantic_format": "CLINICAL_DATA_EXCEL", "data_desc": "临床表型数据", "count": 1, "study": "HRA000071", "project_name": "Chinese Glioma Genome Altas (CGGA) - WES dataset", "tumor_subtype": "Malignant Glioma"}, {"semantic_format": "METADATA_SAMPLE_INFO", "data_desc": "样本元数据", "count": 1, "study": "HRA000071", "project_name": "Chinese Glioma Genome Altas (CGGA) - WES dataset", "tumor_subtype": "Malignant Glioma"}, {"semantic_format": "SOMATIC_CNV_TSV", "data_desc": "体细胞拷贝数变异数据", "count": 1, "study": "HRA000071", "project_name": "Chinese Glioma Genome Altas (CGGA) - WES dataset", "tumor_subtype": "Malignant Glioma"}]
class100038	class1_tool_recommend	single_tool	免疫浸润与微环境分析	T041	lung_tme_annotation_cnv	HRA000087	Single-cell RNA analysis reveals an epithelial-immune dual feature of tumor cells in nasopharyngeal carcinoma	Nasopharynx Carcinoma	要完成免疫浸润与微环境分析，手上有单细胞/复杂分析对象数据，适合的工具是什么？	推荐工具 lung_tme_annotation_cnv（免疫浸润与微环境分析）。该工具需要输入：单细胞分析对象（RDS）数据、基因表达矩阵/表格数据（另需公共参考资源：参考基因组 FASTA）。图谱中项目 Single-cell RNA analysis reveals an epithelial-immune dual feature of tumor cells in nasopharyngeal carcinoma 的 HRA000087（癌种：Nasopharynx Carcinoma）存在这些输入数据，共 11 个匹配文件（文件引用已脱敏）。	["SCRNA_OBJECT_RDS", "TABULAR_BIO_DATA"]	["REFERENCE_GENOME_FASTA"]	["免疫浸润与微环境分析", "单细胞下游分析", "拷贝数变异分析"]	["sc-RNA"]		[{"semantic_format": "BIO_DATA_CONTAINER_OBJECT", "data_desc": "单细胞/复杂分析对象数据", "count": 2, "study": "HRA000087", "project_name": "Single-cell RNA analysis reveals an epithelial-immune dual feature of tumor cells in nasopharyngeal carcinoma", "tumor_subtype": "Nasopharynx Carcinoma"}, {"semantic_format": "TABULAR_BIO_DATA", "data_desc": "基因表达矩阵/表格数据", "count": 9, "study": "HRA000087", "project_name": "Single-cell RNA analysis reveals an epithelial-immune dual feature of tumor cells in nasopharyngeal carcinoma", "tumor_subtype": "Nasopharynx Carcinoma"}]
class100039	class1_tool_recommend	single_tool	表达矩阵预处理与归一化	T042	preprocess_counts	HRA000073	Chinese Glioma Genome Altas (CGGA) - RNA-seq dataset (325)	Malignant Glioma	基于Chinese Glioma Genome Altas (CGGA) - RNA-seq dataset (325)的基因表达矩阵/表格数据做表达矩阵预处理与归一化，应该使用什么工具？	推荐工具 preprocess_counts（表达矩阵预处理与归一化）。该工具需要输入：基因表达矩阵/表格数据。图谱中项目 Chinese Glioma Genome Altas (CGGA) - RNA-seq dataset (325) 的 HRA000073（癌种：Malignant Glioma）存在这些输入数据，共 3 个匹配文件（文件引用已脱敏）。	["TABULAR_BIO_DATA"]	[]	["表达矩阵预处理与归一化"]	["bulk_RNA"]		[{"semantic_format": "TABULAR_BIO_DATA", "data_desc": "基因表达矩阵/表格数据", "count": 3, "study": "HRA000073", "project_name": "Chinese Glioma Genome Altas (CGGA) - RNA-seq dataset (325)", "tumor_subtype": "Malignant Glioma"}]
class100040	class1_tool_recommend	single_tool	可变剪接分析	T043	rmats_alternative_splicing	HRA000073	Chinese Glioma Genome Altas (CGGA) - RNA-seq dataset (325)	Malignant Glioma	我想对转录组比对 BAM 数据完成可变剪接分析，应该用什么工具？	推荐工具 rmats_alternative_splicing（可变剪接分析）。该工具需要输入：转录组比对 BAM 数据（另需公共参考资源：参考基因组 FASTA）。图谱中项目 Chinese Glioma Genome Altas (CGGA) - RNA-seq dataset (325) 的 HRA000073（癌种：Malignant Glioma）存在这些输入数据，共 325 个匹配文件（文件引用已脱敏）。	["RNA_TRANSCRIPTOME_ALIGNMENT_BAM"]	["REFERENCE_GENOME_FASTA"]	["可变剪接分析"]	["bulk_RNA"]		[{"semantic_format": "RNA_TRANSCRIPTOME_ALIGNMENT_BAM", "data_desc": "转录组比对 BAM 数据", "count": 325, "study": "HRA000073", "project_name": "Chinese Glioma Genome Altas (CGGA) - RNA-seq dataset (325)", "tumor_subtype": "Malignant Glioma"}]
class100041	class1_tool_recommend	single_tool	RNA序列比对	T044	rnaseq_singletask	HRA000073	Chinese Glioma Genome Altas (CGGA) - RNA-seq dataset (325)	Malignant Glioma	项目Chinese Glioma Genome Altas (CGGA) - RNA-seq dataset (325)中有原始双端测序数据（R1），要完成RNA序列比对，推荐使用哪个工具？	推荐工具 rnaseq_singletask（RNA序列比对）。该工具需要输入：原始双端测序数据（R1）、原始双端测序数据（R2）（另需公共参考资源：参考基因组 FASTA）。图谱中项目 Chinese Glioma Genome Altas (CGGA) - RNA-seq dataset (325) 的 HRA000073（癌种：Malignant Glioma）存在这些输入数据，共 650 个匹配文件（文件引用已脱敏）。	["RAW_PAIRED_END_R1_FASTQ", "RAW_PAIRED_END_R2_FASTQ"]	["REFERENCE_GENOME_FASTA"]	["RNA序列比对", "接头与低质量序列修剪", "测序质量评估", "表达定量"]	["bulk_RNA"]		[{"semantic_format": "RAW_PAIRED_END_R1_FASTQ", "data_desc": "原始双端测序数据（R1）", "count": 325, "study": "HRA000073", "project_name": "Chinese Glioma Genome Altas (CGGA) - RNA-seq dataset (325)", "tumor_subtype": "Malignant Glioma"}, {"semantic_format": "RAW_PAIRED_END_R2_FASTQ", "data_desc": "原始双端测序数据（R2）", "count": 325, "study": "HRA000073", "project_name": "Chinese Glioma Genome Altas (CGGA) - RNA-seq dataset (325)", "tumor_subtype": "Malignant Glioma"}]
class100042	class1_tool_recommend	single_tool	细胞通讯分析	T045	scrna_cell_communication	HRA000087	Single-cell RNA analysis reveals an epithelial-immune dual feature of tumor cells in nasopharyngeal carcinoma	Nasopharynx Carcinoma	我拿到了Single-cell RNA analysis reveals an epithelial-immune dual feature of tumor cells in nasopharyngeal carcinoma的单细胞/复杂分析对象数据，目标是细胞通讯分析，应该选哪个工具？	推荐工具 scrna_cell_communication（细胞通讯分析）。该工具需要输入：样本元数据、单细胞分析对象（RDS）数据、基因表达矩阵/表格数据。图谱中项目 Single-cell RNA analysis reveals an epithelial-immune dual feature of tumor cells in nasopharyngeal carcinoma 的 HRA000087（癌种：Nasopharynx Carcinoma）存在这些输入数据，共 12 个匹配文件（文件引用已脱敏）。	["METADATA_SAMPLE_INFO", "SCRNA_OBJECT_RDS", "TABULAR_BIO_DATA"]	[]	["细胞通讯分析"]	["bulk_RNA", "sc-RNA"]		[{"semantic_format": "METADATA_SAMPLE_INFO", "data_desc": "样本元数据", "count": 1, "study": "HRA000087", "project_name": "Single-cell RNA analysis reveals an epithelial-immune dual feature of tumor cells in nasopharyngeal carcinoma", "tumor_subtype": "Nasopharynx Carcinoma"}, {"semantic_format": "BIO_DATA_CONTAINER_OBJECT", "data_desc": "单细胞/复杂分析对象数据", "count": 2, "study": "HRA000087", "project_name": "Single-cell RNA analysis reveals an epithelial-immune dual feature of tumor cells in nasopharyngeal carcinoma", "tumor_subtype": "Nasopharynx Carcinoma"}, {"semantic_format": "TABULAR_BIO_DATA", "data_desc": "基因表达矩阵/表格数据", "count": 9, "study": "HRA000087", "project_name": "Single-cell RNA analysis reveals an epithelial-immune dual feature of tumor cells in nasopharyngeal carcinoma", "tumor_subtype": "Nasopharynx Carcinoma"}]
class100043	class1_tool_recommend	single_tool	可视化与报告	T046	stage_heatmap	HRA000071	Chinese Glioma Genome Altas (CGGA) - WES dataset	Malignant Glioma	要完成可视化与报告，手上有体细胞拷贝数变异数据，适合的工具是什么？	推荐工具 stage_heatmap（可视化与报告）。该工具需要输入：临床表型数据、样本元数据、基因表达矩阵/表格数据。图谱中项目 Chinese Glioma Genome Altas (CGGA) - WES dataset 的 HRA000071（癌种：Malignant Glioma）存在这些输入数据，共 3 个匹配文件（文件引用已脱敏）。	["CLINICAL_DATA_EXCEL", "METADATA_SAMPLE_INFO", "TABULAR_BIO_DATA"]	[]	["可视化与报告"]	["Clinical", "bulk_RNA"]		[{"semantic_format": "CLINICAL_DATA_EXCEL", "data_desc": "临床表型数据", "count": 1, "study": "HRA000071", "project_name": "Chinese Glioma Genome Altas (CGGA) - WES dataset", "tumor_subtype": "Malignant Glioma"}, {"semantic_format": "METADATA_SAMPLE_INFO", "data_desc": "样本元数据", "count": 1, "study": "HRA000071", "project_name": "Chinese Glioma Genome Altas (CGGA) - WES dataset", "tumor_subtype": "Malignant Glioma"}, {"semantic_format": "SOMATIC_CNV_TSV", "data_desc": "体细胞拷贝数变异数据", "count": 1, "study": "HRA000071", "project_name": "Chinese Glioma Genome Altas (CGGA) - WES dataset", "tumor_subtype": "Malignant Glioma"}]
class100044	class1_tool_recommend	single_tool	差异表达分析	T047	tcell_intervention	HRA000087	Single-cell RNA analysis reveals an epithelial-immune dual feature of tumor cells in nasopharyngeal carcinoma	Nasopharynx Carcinoma	基于Single-cell RNA analysis reveals an epithelial-immune dual feature of tumor cells in nasopharyngeal carcinoma的单细胞/复杂分析对象数据做差异表达分析，应该使用什么工具？	推荐工具 tcell_intervention（差异表达分析）。该工具需要输入：样本元数据、单细胞分析对象（RDS）数据、基因表达矩阵/表格数据（另需公共参考资源：参考基因组 FASTA）。图谱中项目 Single-cell RNA analysis reveals an epithelial-immune dual feature of tumor cells in nasopharyngeal carcinoma 的 HRA000087（癌种：Nasopharynx Carcinoma）存在这些输入数据，共 12 个匹配文件（文件引用已脱敏）。	["METADATA_SAMPLE_INFO", "SCRNA_OBJECT_RDS", "TABULAR_BIO_DATA"]	["REFERENCE_GENOME_FASTA"]	["差异表达分析"]	["bulk_RNA", "sc-RNA"]		[{"semantic_format": "METADATA_SAMPLE_INFO", "data_desc": "样本元数据", "count": 1, "study": "HRA000087", "project_name": "Single-cell RNA analysis reveals an epithelial-immune dual feature of tumor cells in nasopharyngeal carcinoma", "tumor_subtype": "Nasopharynx Carcinoma"}, {"semantic_format": "BIO_DATA_CONTAINER_OBJECT", "data_desc": "单细胞/复杂分析对象数据", "count": 2, "study": "HRA000087", "project_name": "Single-cell RNA analysis reveals an epithelial-immune dual feature of tumor cells in nasopharyngeal carcinoma", "tumor_subtype": "Nasopharynx Carcinoma"}, {"semantic_format": "TABULAR_BIO_DATA", "data_desc": "基因表达矩阵/表格数据", "count": 9, "study": "HRA000087", "project_name": "Single-cell RNA analysis reveals an epithelial-immune dual feature of tumor cells in nasopharyngeal carcinoma", "tumor_subtype": "Nasopharynx Carcinoma"}]
class100045	class1_tool_recommend	single_tool	可视化与报告	T048	umap	HRA000071	Chinese Glioma Genome Altas (CGGA) - WES dataset	Malignant Glioma	我想对体细胞拷贝数变异数据完成可视化与报告，应该用什么工具？	推荐工具 umap（可视化与报告）。该工具需要输入：临床表型数据、样本元数据、基因表达矩阵/表格数据。图谱中项目 Chinese Glioma Genome Altas (CGGA) - WES dataset 的 HRA000071（癌种：Malignant Glioma）存在这些输入数据，共 3 个匹配文件（文件引用已脱敏）。	["CLINICAL_DATA_EXCEL", "METADATA_SAMPLE_INFO", "TABULAR_BIO_DATA"]	[]	["可视化与报告"]	["Clinical", "bulk_RNA"]		[{"semantic_format": "CLINICAL_DATA_EXCEL", "data_desc": "临床表型数据", "count": 1, "study": "HRA000071", "project_name": "Chinese Glioma Genome Altas (CGGA) - WES dataset", "tumor_subtype": "Malignant Glioma"}, {"semantic_format": "METADATA_SAMPLE_INFO", "data_desc": "样本元数据", "count": 1, "study": "HRA000071", "project_name": "Chinese Glioma Genome Altas (CGGA) - WES dataset", "tumor_subtype": "Malignant Glioma"}, {"semantic_format": "SOMATIC_CNV_TSV", "data_desc": "体细胞拷贝数变异数据", "count": 1, "study": "HRA000071", "project_name": "Chinese Glioma Genome Altas (CGGA) - WES dataset", "tumor_subtype": "Malignant Glioma"}]
class100046	class1_tool_recommend	single_tool	DNA序列比对	T049	wes_somatic_pair	HRA000001	CAS Precision Medicine Initiative, capital Initiative	Natural	项目CAS Precision Medicine Initiative, capital Initiative中有原始双端测序数据（R1），要完成DNA序列比对，推荐使用哪个工具？	推荐工具 wes_somatic_pair（DNA序列比对）。该工具需要输入：变异 VCF 数据、原始双端测序数据（R1）、原始双端测序数据（R2）（另需公共参考资源：参考基因组 FASTA、目标区间列表）。图谱中项目 CAS Precision Medicine Initiative, capital Initiative 的 HRA000001（癌种：Natural）存在这些输入数据，共 1118 个匹配文件（文件引用已脱敏）。	["DNA_VARIANT_VCF_GENERAL", "RAW_PAIRED_END_R1_FASTQ", "RAW_PAIRED_END_R2_FASTQ"]	["REFERENCE_GENOME_FASTA", "TARGET_INTERVAL_LIST"]	["DNA序列比对", "体细胞变异检测", "变异注释", "变异质量校正", "可视化与报告", "测序质量评估"]	["WES", "WGS"]		[{"semantic_format": "DNA_VARIANT_VCF_GENERAL", "data_desc": "变异 VCF 数据", "count": 4, "study": "HRA000001", "project_name": "CAS Precision Medicine Initiative, capital Initiative", "tumor_subtype": "Natural"}, {"semantic_format": "RAW_PAIRED_END_R1_FASTQ", "data_desc": "原始双端测序数据（R1）", "count": 557, "study": "HRA000001", "project_name": "CAS Precision Medicine Initiative, capital Initiative", "tumor_subtype": "Natural"}, {"semantic_format": "RAW_PAIRED_END_R2_FASTQ", "data_desc": "原始双端测序数据（R2）", "count": 557, "study": "HRA000001", "project_name": "CAS Precision Medicine Initiative, capital Initiative", "tumor_subtype": "Natural"}]
class100047	class1_tool_recommend	single_tool	共表达网络分析	T050	wgcna_hub	HRA000071	Chinese Glioma Genome Altas (CGGA) - WES dataset	Malignant Glioma	我拿到了Chinese Glioma Genome Altas (CGGA) - WES dataset的体细胞拷贝数变异数据，目标是共表达网络分析，应该选哪个工具？	推荐工具 wgcna_hub（共表达网络分析）。该工具需要输入：临床表型数据、样本元数据、基因表达矩阵/表格数据。图谱中项目 Chinese Glioma Genome Altas (CGGA) - WES dataset 的 HRA000071（癌种：Malignant Glioma）存在这些输入数据，共 3 个匹配文件（文件引用已脱敏）。	["CLINICAL_DATA_EXCEL", "METADATA_SAMPLE_INFO", "TABULAR_BIO_DATA"]	[]	["共表达网络分析"]	["Clinical", "bulk_RNA"]		[{"semantic_format": "CLINICAL_DATA_EXCEL", "data_desc": "临床表型数据", "count": 1, "study": "HRA000071", "project_name": "Chinese Glioma Genome Altas (CGGA) - WES dataset", "tumor_subtype": "Malignant Glioma"}, {"semantic_format": "METADATA_SAMPLE_INFO", "data_desc": "样本元数据", "count": 1, "study": "HRA000071", "project_name": "Chinese Glioma Genome Altas (CGGA) - WES dataset", "tumor_subtype": "Malignant Glioma"}, {"semantic_format": "SOMATIC_CNV_TSV", "data_desc": "体细胞拷贝数变异数据", "count": 1, "study": "HRA000071", "project_name": "Chinese Glioma Genome Altas (CGGA) - WES dataset", "tumor_subtype": "Malignant Glioma"}]
class100048	class1_tool_recommend	single_tool	共表达网络分析	T051	wgcna_module_trait	HRA000071	Chinese Glioma Genome Altas (CGGA) - WES dataset	Malignant Glioma	要完成共表达网络分析，手上有体细胞拷贝数变异数据，适合的工具是什么？	推荐工具 wgcna_module_trait（共表达网络分析）。该工具需要输入：临床表型数据、样本元数据、基因表达矩阵/表格数据。图谱中项目 Chinese Glioma Genome Altas (CGGA) - WES dataset 的 HRA000071（癌种：Malignant Glioma）存在这些输入数据，共 3 个匹配文件（文件引用已脱敏）。	["CLINICAL_DATA_EXCEL", "METADATA_SAMPLE_INFO", "TABULAR_BIO_DATA"]	[]	["共表达网络分析"]	["Clinical", "bulk_RNA"]		[{"semantic_format": "CLINICAL_DATA_EXCEL", "data_desc": "临床表型数据", "count": 1, "study": "HRA000071", "project_name": "Chinese Glioma Genome Altas (CGGA) - WES dataset", "tumor_subtype": "Malignant Glioma"}, {"semantic_format": "METADATA_SAMPLE_INFO", "data_desc": "样本元数据", "count": 1, "study": "HRA000071", "project_name": "Chinese Glioma Genome Altas (CGGA) - WES dataset", "tumor_subtype": "Malignant Glioma"}, {"semantic_format": "SOMATIC_CNV_TSV", "data_desc": "体细胞拷贝数变异数据", "count": 1, "study": "HRA000071", "project_name": "Chinese Glioma Genome Altas (CGGA) - WES dataset", "tumor_subtype": "Malignant Glioma"}]
class100049	class1_tool_recommend	single_tool	变异过滤与处理	T052	gatk_germline_cohort	HRA000873	Whole  exome sequencing  of patients with CRC from the Changkang project	Colorectal Cancer	基于Whole  exome sequencing  of patients with CRC from the Changkang project的碱基质量校正后的比对 BAM 数据做变异过滤与处理，应该使用什么工具？	推荐工具 gatk_germline_cohort（变异过滤与处理）。该工具需要输入：临床表型数据、基因组比对 BAM 数据、VCF 索引数据、变异 VCF 数据、样本元数据（另需公共参考资源：参考基因组 FASTA、目标区间列表）。图谱中项目 Whole  exome sequencing  of patients with CRC from the Changkang project 的 HRA000873（癌种：Colorectal Cancer）存在这些输入数据，共 8122 个匹配文件（文件引用已脱敏）。	["CLINICAL_DATA_EXCEL", "DNA_GENOMIC_ALIGNMENT_BAM", "DNA_VARIANT_INDEX_TBI", "DNA_VARIANT_VCF_GENERAL", "METADATA_SAMPLE_INFO"]	["REFERENCE_GENOME_FASTA", "TARGET_INTERVAL_LIST"]	["变异过滤与处理", "胚系变异检测"]	["Clinical", "WES", "WGS"]		[{"semantic_format": "CLINICAL_DATA_EXCEL", "data_desc": "临床表型数据", "count": 1, "study": "HRA000873", "project_name": "Whole  exome sequencing  of patients with CRC from the Changkang project", "tumor_subtype": "Colorectal Cancer"}, {"semantic_format": "DNA_ALIGNMENT_BQSR_BAM", "data_desc": "碱基质量校正后的比对 BAM 数据", "count": 2030, "study": "HRA000873", "project_name": "Whole  exome sequencing  of patients with CRC from the Changkang project", "tumor_subtype": "Colorectal Cancer"}, {"semantic_format": "DNA_VARIANT_INDEX_TBI", "data_desc": "VCF 索引数据", "count": 3045, "study": "HRA000873", "project_name": "Whole  exome sequencing  of patients with CRC from the Changkang project", "tumor_subtype": "Colorectal Cancer"}, {"semantic_format": "DNA_VARIANT_VCF_GENERAL", "data_desc": "变异 VCF 数据", "count": 3045, "study": "HRA000873", "project_name": "Whole  exome sequencing  of patients with CRC from the Changkang project", "tumor_subtype": "Colorectal Cancer"}, {"semantic_format": "METADATA_SAMPLE_INFO", "data_desc": "样本元数据", "count": 1, "study": "HRA000873", "project_name": "Whole  exome sequencing  of patients with CRC from the Changkang project", "tumor_subtype": "Colorectal Cancer"}]
class100050	class1_tool_recommend	single_tool	结构变异检测	T053	manta_structural_variants	HRA000021	Whole Genome Sequencing  in Esophageal Squamous Cell Carcinoma	Esophageal Squamous Cell Carcinoma	我想对碱基质量校正后的比对 BAM 数据完成结构变异检测，应该用什么工具？	推荐工具 manta_structural_variants（结构变异检测）。该工具需要输入：基因组比对 BAM 数据（另需公共参考资源：参考基因组 FASTA）。图谱中项目 Whole Genome Sequencing  in Esophageal Squamous Cell Carcinoma 的 HRA000021（癌种：Esophageal Squamous Cell Carcinoma）存在这些输入数据，共 1016 个匹配文件（文件引用已脱敏）。	["DNA_GENOMIC_ALIGNMENT_BAM"]	["REFERENCE_GENOME_FASTA"]	["结构变异检测"]	["WES", "WGS"]		[{"semantic_format": "DNA_ALIGNMENT_BQSR_BAM", "data_desc": "碱基质量校正后的比对 BAM 数据", "count": 1016, "study": "HRA000021", "project_name": "Whole Genome Sequencing  in Esophageal Squamous Cell Carcinoma", "tumor_subtype": "Esophageal Squamous Cell Carcinoma"}]
class100051	class1_tool_recommend	single_tool	基因融合检测	T054	star_fusion	HRA000021	Whole Genome Sequencing  in Esophageal Squamous Cell Carcinoma	Esophageal Squamous Cell Carcinoma	项目Whole Genome Sequencing  in Esophageal Squamous Cell Carcinoma中有原始双端测序数据（R1），要完成基因融合检测，推荐使用哪个工具？	推荐工具 star_fusion（基因融合检测）。该工具需要输入：样本元数据、原始双端测序数据（R1）、原始双端测序数据（R2）。图谱中项目 Whole Genome Sequencing  in Esophageal Squamous Cell Carcinoma 的 HRA000021（癌种：Esophageal Squamous Cell Carcinoma）存在这些输入数据，共 1631 个匹配文件（文件引用已脱敏）。	["METADATA_SAMPLE_INFO", "RAW_PAIRED_END_R1_FASTQ", "RAW_PAIRED_END_R2_FASTQ"]	[]	["基因融合检测"]	["Clinical", "bulk_RNA"]		[{"semantic_format": "METADATA_SAMPLE_INFO", "data_desc": "样本元数据", "count": 1, "study": "HRA000021", "project_name": "Whole Genome Sequencing  in Esophageal Squamous Cell Carcinoma", "tumor_subtype": "Esophageal Squamous Cell Carcinoma"}, {"semantic_format": "RAW_PAIRED_END_R1_FASTQ", "data_desc": "原始双端测序数据（R1）", "count": 815, "study": "HRA000021", "project_name": "Whole Genome Sequencing  in Esophageal Squamous Cell Carcinoma", "tumor_subtype": "Esophageal Squamous Cell Carcinoma"}, {"semantic_format": "RAW_PAIRED_END_R2_FASTQ", "data_desc": "原始双端测序数据（R2）", "count": 815, "study": "HRA000021", "project_name": "Whole Genome Sequencing  in Esophageal Squamous Cell Carcinoma", "tumor_subtype": "Esophageal Squamous Cell Carcinoma"}]
class100052	class1_tool_recommend	single_tool	肿瘤演化与克隆推断	T055	tumor_evolution_inference	HRA001272	Integrated genomic and transcriptomic profiling dissects spatiotemporal evolution of metastatic hepatocellular carcinoma	Hepatocellular carcinoma	我拿到了Integrated genomic and transcriptomic profiling dissects spatiotemporal evolution of metastatic hepatocellular carcinoma的基因表达矩阵/表格数据，目标是肿瘤演化与克隆推断，应该选哪个工具？	推荐工具 tumor_evolution_inference（肿瘤演化与克隆推断）。该工具需要输入：基因组比对 BAM 数据、变异 VCF 数据、基因表达矩阵/表格数据。图谱中项目 Integrated genomic and transcriptomic profiling dissects spatiotemporal evolution of metastatic hepatocellular carcinoma 的 HRA001272（癌种：Hepatocellular carcinoma）存在这些输入数据，共 3524 个匹配文件（文件引用已脱敏）。	["DNA_GENOMIC_ALIGNMENT_BAM", "DNA_VARIANT_VCF_GENERAL", "TABULAR_BIO_DATA"]	[]	["肿瘤演化与克隆推断"]	["WGS", "bulk_RNA", "sc-RNA"]		[{"semantic_format": "DNA_ALIGNMENT_BQSR_BAM", "data_desc": "碱基质量校正后的比对 BAM 数据", "count": 750, "study": "HRA001272", "project_name": "Integrated genomic and transcriptomic profiling dissects spatiotemporal evolution of metastatic hepatocellular carcinoma", "tumor_subtype": "Hepatocellular carcinoma"}, {"semantic_format": "RNA_TRANSCRIPTOME_ALIGNMENT_BAM", "data_desc": "转录组比对 BAM 数据", "count": 430, "study": "HRA001272", "project_name": "Integrated genomic and transcriptomic profiling dissects spatiotemporal evolution of metastatic hepatocellular carcinoma", "tumor_subtype": "Hepatocellular carcinoma"}, {"semantic_format": "DNA_VARIANT_VCF_GENERAL", "data_desc": "变异 VCF 数据", "count": 1909, "study": "HRA001272", "project_name": "Integrated genomic and transcriptomic profiling dissects spatiotemporal evolution of metastatic hepatocellular carcinoma", "tumor_subtype": "Hepatocellular carcinoma"}, {"semantic_format": "SOMATIC_CNV_TSV", "data_desc": "体细胞拷贝数变异数据", "count": 1, "study": "HRA001272", "project_name": "Integrated genomic and transcriptomic profiling dissects spatiotemporal evolution of metastatic hepatocellular carcinoma", "tumor_subtype": "Hepatocellular carcinoma"}, {"semantic_format": "TABULAR_BIO_DATA", "data_desc": "基因表达矩阵/表格数据", "count": 434, "study": "HRA001272", "project_name": "Integrated genomic and transcriptomic profiling dissects spatiotemporal evolution of metastatic hepatocellular carcinoma", "tumor_subtype": "Hepatocellular carcinoma"}]
class100053	class1_tool_recommend	single_tool	接头与低质量序列修剪	T001	fastp	HRA000122	Integrated Genomic Analyses Identify High-Risk Factors Associated with Poor Outcomes of T-ALL	Acute T cell leukemia	要完成接头与低质量序列修剪，手上有原始双端测序数据（R1），适合的工具是什么？	推荐工具 fastp（接头与低质量序列修剪）。该工具需要输入：原始双端测序数据（R1）、原始双端测序数据（R2）。图谱中项目 Integrated Genomic Analyses Identify High-Risk Factors Associated with Poor Outcomes of T-ALL 的 HRA000122（癌种：Acute T cell leukemia）存在这些输入数据，共 696 个匹配文件（文件引用已脱敏）。	["RAW_PAIRED_END_R1_FASTQ", "RAW_PAIRED_END_R2_FASTQ"]	[]	["接头与低质量序列修剪", "测序质量评估"]	["WES"]		[{"semantic_format": "RAW_PAIRED_END_R1_FASTQ", "data_desc": "原始双端测序数据（R1）", "count": 348, "study": "HRA000122", "project_name": "Integrated Genomic Analyses Identify High-Risk Factors Associated with Poor Outcomes of T-ALL", "tumor_subtype": "Acute T cell leukemia"}, {"semantic_format": "RAW_PAIRED_END_R2_FASTQ", "data_desc": "原始双端测序数据（R2）", "count": 348, "study": "HRA000122", "project_name": "Integrated Genomic Analyses Identify High-Risk Factors Associated with Poor Outcomes of T-ALL", "tumor_subtype": "Acute T cell leukemia"}]
class100054	class1_tool_recommend	single_tool	测序质量评估	T002	fastqc	HRA000021	Whole Genome Sequencing  in Esophageal Squamous Cell Carcinoma	Esophageal Squamous Cell Carcinoma	基于Whole Genome Sequencing  in Esophageal Squamous Cell Carcinoma的原始双端测序数据（R1）做测序质量评估，应该使用什么工具？	推荐工具 fastqc（测序质量评估）。该工具需要输入：原始单端测序数据。图谱中项目 Whole Genome Sequencing  in Esophageal Squamous Cell Carcinoma 的 HRA000021（癌种：Esophageal Squamous Cell Carcinoma）存在这些输入数据，共 1630 个匹配文件（文件引用已脱敏）。	["RAW_SINGLE_END_FASTQ"]	[]	["可视化与报告", "测序质量评估"]	["WES", "WGS", "bulk_RNA", "sc-RNA"]		[{"semantic_format": "RAW_PAIRED_END_R1_FASTQ", "data_desc": "原始双端测序数据（R1）", "count": 815, "study": "HRA000021", "project_name": "Whole Genome Sequencing  in Esophageal Squamous Cell Carcinoma", "tumor_subtype": "Esophageal Squamous Cell Carcinoma"}, {"semantic_format": "RAW_PAIRED_END_R2_FASTQ", "data_desc": "原始双端测序数据（R2）", "count": 815, "study": "HRA000021", "project_name": "Whole Genome Sequencing  in Esophageal Squamous Cell Carcinoma", "tumor_subtype": "Esophageal Squamous Cell Carcinoma"}]
class100055	class1_tool_recommend	single_tool	单细胞比对与定量	T003	cellranger_workflow	HRA000074	Chinese Glioma Genome Altas (CGGA) - RNA-seq dataset (693)	High grade glioma	我想对原始双端测序数据（R1）完成单细胞比对与定量，应该用什么工具？	推荐工具 cellranger_workflow（单细胞比对与定量）。该工具需要输入：基因组比对 BAM 数据、原始单端测序数据。图谱中项目 Chinese Glioma Genome Altas (CGGA) - RNA-seq dataset (693) 的 HRA000074（癌种：High grade glioma）存在这些输入数据，共 2079 个匹配文件（文件引用已脱敏）。	["DNA_GENOMIC_ALIGNMENT_BAM", "RAW_SINGLE_END_FASTQ"]	[]	["单细胞比对与定量", "可视化与报告", "测序质量评估"]	["bulk_RNA", "sc-RNA"]		[{"semantic_format": "RNA_TRANSCRIPTOME_ALIGNMENT_BAM", "data_desc": "转录组比对 BAM 数据", "count": 693, "study": "HRA000074", "project_name": "Chinese Glioma Genome Altas (CGGA) - RNA-seq dataset (693)", "tumor_subtype": "High grade glioma"}, {"semantic_format": "RAW_PAIRED_END_R1_FASTQ", "data_desc": "原始双端测序数据（R1）", "count": 693, "study": "HRA000074", "project_name": "Chinese Glioma Genome Altas (CGGA) - RNA-seq dataset (693)", "tumor_subtype": "High grade glioma"}, {"semantic_format": "RAW_PAIRED_END_R2_FASTQ", "data_desc": "原始双端测序数据（R2）", "count": 693, "study": "HRA000074", "project_name": "Chinese Glioma Genome Altas (CGGA) - RNA-seq dataset (693)", "tumor_subtype": "High grade glioma"}]
class100056	class1_tool_recommend	single_tool	接头与低质量序列修剪	T004	trim_galore	HRA000074	Chinese Glioma Genome Altas (CGGA) - RNA-seq dataset (693)	High grade glioma	项目Chinese Glioma Genome Altas (CGGA) - RNA-seq dataset (693)中有原始双端测序数据（R1），要完成接头与低质量序列修剪，推荐使用哪个工具？	推荐工具 trim_galore（接头与低质量序列修剪）。该工具需要输入：原始双端测序数据（R1）、原始双端测序数据（R2）。图谱中项目 Chinese Glioma Genome Altas (CGGA) - RNA-seq dataset (693) 的 HRA000074（癌种：High grade glioma）存在这些输入数据，共 1386 个匹配文件（文件引用已脱敏）。	["RAW_PAIRED_END_R1_FASTQ", "RAW_PAIRED_END_R2_FASTQ"]	[]	["接头与低质量序列修剪"]	["bulk_RNA"]		[{"semantic_format": "RAW_PAIRED_END_R1_FASTQ", "data_desc": "原始双端测序数据（R1）", "count": 693, "study": "HRA000074", "project_name": "Chinese Glioma Genome Altas (CGGA) - RNA-seq dataset (693)", "tumor_subtype": "High grade glioma"}, {"semantic_format": "RAW_PAIRED_END_R2_FASTQ", "data_desc": "原始双端测序数据（R2）", "count": 693, "study": "HRA000074", "project_name": "Chinese Glioma Genome Altas (CGGA) - RNA-seq dataset (693)", "tumor_subtype": "High grade glioma"}]
class100057	class1_tool_recommend	single_tool	RNA序列比对	T005	star	HRA000074	Chinese Glioma Genome Altas (CGGA) - RNA-seq dataset (693)	High grade glioma	我拿到了Chinese Glioma Genome Altas (CGGA) - RNA-seq dataset (693)的原始双端测序数据（R1），目标是RNA序列比对，应该选哪个工具？	推荐工具 star（RNA序列比对）。该工具需要输入：原始双端测序数据（R1）、原始双端测序数据（R2）（另需公共参考资源：参考基因组 FASTA）。图谱中项目 Chinese Glioma Genome Altas (CGGA) - RNA-seq dataset (693) 的 HRA000074（癌种：High grade glioma）存在这些输入数据，共 1386 个匹配文件（文件引用已脱敏）。	["RAW_PAIRED_END_R1_FASTQ", "RAW_PAIRED_END_R2_FASTQ"]	["REFERENCE_GENOME_FASTA"]	["RNA序列比对"]	["bulk_RNA"]		[{"semantic_format": "RAW_PAIRED_END_R1_FASTQ", "data_desc": "原始双端测序数据（R1）", "count": 693, "study": "HRA000074", "project_name": "Chinese Glioma Genome Altas (CGGA) - RNA-seq dataset (693)", "tumor_subtype": "High grade glioma"}, {"semantic_format": "RAW_PAIRED_END_R2_FASTQ", "data_desc": "原始双端测序数据（R2）", "count": 693, "study": "HRA000074", "project_name": "Chinese Glioma Genome Altas (CGGA) - RNA-seq dataset (693)", "tumor_subtype": "High grade glioma"}]
class100058	class1_tool_recommend	single_tool	DNA序列比对	T006	bwa	HRA000122	Integrated Genomic Analyses Identify High-Risk Factors Associated with Poor Outcomes of T-ALL	Acute T cell leukemia	要完成DNA序列比对，手上有原始双端测序数据（R1），适合的工具是什么？	推荐工具 bwa（DNA序列比对）。该工具需要输入：原始双端测序数据（R1）、原始双端测序数据（R2）（另需公共参考资源：参考基因组 FASTA）。图谱中项目 Integrated Genomic Analyses Identify High-Risk Factors Associated with Poor Outcomes of T-ALL 的 HRA000122（癌种：Acute T cell leukemia）存在这些输入数据，共 696 个匹配文件（文件引用已脱敏）。	["RAW_PAIRED_END_R1_FASTQ", "RAW_PAIRED_END_R2_FASTQ"]	["REFERENCE_GENOME_FASTA"]	["DNA序列比对"]	["WES"]		[{"semantic_format": "RAW_PAIRED_END_R1_FASTQ", "data_desc": "原始双端测序数据（R1）", "count": 348, "study": "HRA000122", "project_name": "Integrated Genomic Analyses Identify High-Risk Factors Associated with Poor Outcomes of T-ALL", "tumor_subtype": "Acute T cell leukemia"}, {"semantic_format": "RAW_PAIRED_END_R2_FASTQ", "data_desc": "原始双端测序数据（R2）", "count": 348, "study": "HRA000122", "project_name": "Integrated Genomic Analyses Identify High-Risk Factors Associated with Poor Outcomes of T-ALL", "tumor_subtype": "Acute T cell leukemia"}]
class100059	class1_tool_recommend	single_tool	比对后处理与去重	T007	samtools	HRA000071	Chinese Glioma Genome Altas (CGGA) - WES dataset	Malignant Glioma	基于Chinese Glioma Genome Altas (CGGA) - WES dataset的碱基质量校正后的比对 BAM 数据做比对后处理与去重，应该使用什么工具？	推荐工具 samtools（比对后处理与去重）。该工具需要输入：基因组比对 BAM 数据。图谱中项目 Chinese Glioma Genome Altas (CGGA) - WES dataset 的 HRA000071（癌种：Malignant Glioma）存在这些输入数据，共 572 个匹配文件（文件引用已脱敏）。	["DNA_GENOMIC_ALIGNMENT_BAM"]	[]	["比对后处理与去重"]	["WES", "WGS", "bulk_RNA"]		[{"semantic_format": "DNA_ALIGNMENT_BQSR_BAM", "data_desc": "碱基质量校正后的比对 BAM 数据", "count": 572, "study": "HRA000071", "project_name": "Chinese Glioma Genome Altas (CGGA) - WES dataset", "tumor_subtype": "Malignant Glioma"}]
class100060	class1_tool_recommend	single_tool	体细胞变异检测	T008	gatk	HRA000122	Integrated Genomic Analyses Identify High-Risk Factors Associated with Poor Outcomes of T-ALL	Acute T cell leukemia	我想对转录组比对 BAM 数据完成体细胞变异检测，应该用什么工具？	推荐工具 gatk（体细胞变异检测）。该工具需要输入：基因组比对 BAM 数据（另需公共参考资源：参考基因组 FASTA、目标区间列表）。图谱中项目 Integrated Genomic Analyses Identify High-Risk Factors Associated with Poor Outcomes of T-ALL 的 HRA000122（癌种：Acute T cell leukemia）存在这些输入数据，共 124 个匹配文件（文件引用已脱敏）。	["DNA_GENOMIC_ALIGNMENT_BAM"]	["REFERENCE_GENOME_FASTA", "TARGET_INTERVAL_LIST"]	["体细胞变异检测", "变异质量校正"]	["WES"]		[{"semantic_format": "RNA_TRANSCRIPTOME_ALIGNMENT_BAM", "data_desc": "转录组比对 BAM 数据", "count": 124, "study": "HRA000122", "project_name": "Integrated Genomic Analyses Identify High-Risk Factors Associated with Poor Outcomes of T-ALL", "tumor_subtype": "Acute T cell leukemia"}]
class100061	class1_tool_recommend	single_tool	变异过滤与处理	T009	bcftools	HRA001272	Integrated genomic and transcriptomic profiling dissects spatiotemporal evolution of metastatic hepatocellular carcinoma	Hepatocellular carcinoma	项目Integrated genomic and transcriptomic profiling dissects spatiotemporal evolution of metastatic hepatocellular carcinoma中有变异 VCF 数据，要完成变异过滤与处理，推荐使用哪个工具？	推荐工具 bcftools（变异过滤与处理）。该工具需要输入：VCF 索引数据、变异 VCF 数据（另需公共参考资源：参考基因组 FASTA）。图谱中项目 Integrated genomic and transcriptomic profiling dissects spatiotemporal evolution of metastatic hepatocellular carcinoma 的 HRA001272（癌种：Hepatocellular carcinoma）存在这些输入数据，共 2436 个匹配文件（文件引用已脱敏）。	["DNA_VARIANT_INDEX_TBI", "DNA_VARIANT_VCF_GENERAL"]	["REFERENCE_GENOME_FASTA"]	["变异过滤与处理", "可视化与报告"]	["WES"]		[{"semantic_format": "DNA_VARIANT_INDEX_TBI", "data_desc": "VCF 索引数据", "count": 527, "study": "HRA001272", "project_name": "Integrated genomic and transcriptomic profiling dissects spatiotemporal evolution of metastatic hepatocellular carcinoma", "tumor_subtype": "Hepatocellular carcinoma"}, {"semantic_format": "DNA_VARIANT_VCF_GENERAL", "data_desc": "变异 VCF 数据", "count": 1909, "study": "HRA001272", "project_name": "Integrated genomic and transcriptomic profiling dissects spatiotemporal evolution of metastatic hepatocellular carcinoma", "tumor_subtype": "Hepatocellular carcinoma"}]
class100062	class1_tool_recommend	single_tool	变异注释	T010	snpeff	HRA000071	Chinese Glioma Genome Altas (CGGA) - WES dataset	Malignant Glioma	我拿到了Chinese Glioma Genome Altas (CGGA) - WES dataset的变异 VCF 数据，目标是变异注释，应该选哪个工具？	推荐工具 snpeff（变异注释）。该工具需要输入：变异 VCF 数据（另需公共参考资源：参考基因组 FASTA）。图谱中项目 Chinese Glioma Genome Altas (CGGA) - WES dataset 的 HRA000071（癌种：Malignant Glioma）存在这些输入数据，共 858 个匹配文件（文件引用已脱敏）。	["DNA_VARIANT_VCF_GENERAL"]	["REFERENCE_GENOME_FASTA"]	["变异注释", "可视化与报告"]	["WES", "WGS"]		[{"semantic_format": "DNA_SOMATIC_SV_VCF", "data_desc": "体细胞结构变异 VCF 数据", "count": 286, "study": "HRA000071", "project_name": "Chinese Glioma Genome Altas (CGGA) - WES dataset", "tumor_subtype": "Malignant Glioma"}, {"semantic_format": "DNA_VARIANT_VCF_GENERAL", "data_desc": "变异 VCF 数据", "count": 572, "study": "HRA000071", "project_name": "Chinese Glioma Genome Altas (CGGA) - WES dataset", "tumor_subtype": "Malignant Glioma"}]
class100063	class1_tool_recommend	single_tool	表达定量	T011	rsem	HRA000074	Chinese Glioma Genome Altas (CGGA) - RNA-seq dataset (693)	High grade glioma	要完成表达定量，手上有转录组比对 BAM 数据，适合的工具是什么？	推荐工具 rsem（表达定量）。该工具需要输入：转录组比对 BAM 数据。图谱中项目 Chinese Glioma Genome Altas (CGGA) - RNA-seq dataset (693) 的 HRA000074（癌种：High grade glioma）存在这些输入数据，共 693 个匹配文件（文件引用已脱敏）。	["RNA_TRANSCRIPTOME_ALIGNMENT_BAM"]	[]	["表达定量"]	["bulk_RNA"]		[{"semantic_format": "RNA_TRANSCRIPTOME_ALIGNMENT_BAM", "data_desc": "转录组比对 BAM 数据", "count": 693, "study": "HRA000074", "project_name": "Chinese Glioma Genome Altas (CGGA) - RNA-seq dataset (693)", "tumor_subtype": "High grade glioma"}]
class100064	class1_tool_recommend	single_tool	表达定量	T012	featurecounts	HRA000074	Chinese Glioma Genome Altas (CGGA) - RNA-seq dataset (693)	High grade glioma	基于Chinese Glioma Genome Altas (CGGA) - RNA-seq dataset (693)的转录组比对 BAM 数据做表达定量，应该使用什么工具？	推荐工具 featurecounts（表达定量）。该工具需要输入：基因组比对 BAM 数据。图谱中项目 Chinese Glioma Genome Altas (CGGA) - RNA-seq dataset (693) 的 HRA000074（癌种：High grade glioma）存在这些输入数据，共 693 个匹配文件（文件引用已脱敏）。	["DNA_GENOMIC_ALIGNMENT_BAM"]	[]	["表达定量"]	["bulk_RNA"]		[{"semantic_format": "RNA_TRANSCRIPTOME_ALIGNMENT_BAM", "data_desc": "转录组比对 BAM 数据", "count": 693, "study": "HRA000074", "project_name": "Chinese Glioma Genome Altas (CGGA) - RNA-seq dataset (693)", "tumor_subtype": "High grade glioma"}]
class100065	class1_tool_recommend	single_tool	功能富集分析	T014	diff_expr_go	HRA000074	Chinese Glioma Genome Altas (CGGA) - RNA-seq dataset (693)	High grade glioma	我想对基因表达矩阵/表格数据完成功能富集分析，应该用什么工具？	推荐工具 diff_expr_go（功能富集分析）。该工具需要输入：基因表达矩阵/表格数据。图谱中项目 Chinese Glioma Genome Altas (CGGA) - RNA-seq dataset (693) 的 HRA000074（癌种：High grade glioma）存在这些输入数据，共 3 个匹配文件（文件引用已脱敏）。	["TABULAR_BIO_DATA"]	[]	["功能富集分析", "差异表达分析"]	["bulk_RNA"]		[{"semantic_format": "TABULAR_BIO_DATA", "data_desc": "基因表达矩阵/表格数据", "count": 3, "study": "HRA000074", "project_name": "Chinese Glioma Genome Altas (CGGA) - RNA-seq dataset (693)", "tumor_subtype": "High grade glioma"}]
class100066	class1_tool_recommend	single_tool	功能富集分析	T015	diff_expr_kegg	HRA000074	Chinese Glioma Genome Altas (CGGA) - RNA-seq dataset (693)	High grade glioma	项目Chinese Glioma Genome Altas (CGGA) - RNA-seq dataset (693)中有基因表达矩阵/表格数据，要完成功能富集分析，推荐使用哪个工具？	推荐工具 diff_expr_kegg（功能富集分析）。该工具需要输入：基因表达矩阵/表格数据。图谱中项目 Chinese Glioma Genome Altas (CGGA) - RNA-seq dataset (693) 的 HRA000074（癌种：High grade glioma）存在这些输入数据，共 3 个匹配文件（文件引用已脱敏）。	["TABULAR_BIO_DATA"]	[]	["功能富集分析", "差异表达分析"]	["bulk_RNA"]		[{"semantic_format": "TABULAR_BIO_DATA", "data_desc": "基因表达矩阵/表格数据", "count": 3, "study": "HRA000074", "project_name": "Chinese Glioma Genome Altas (CGGA) - RNA-seq dataset (693)", "tumor_subtype": "High grade glioma"}]
class100067	class1_tool_recommend	single_tool	突变景观与可视化	T016	driver_gene_gender_analysis	HRA000873	Whole  exome sequencing  of patients with CRC from the Changkang project	Colorectal Cancer	我拿到了Whole  exome sequencing  of patients with CRC from the Changkang project的体细胞突变 MAF 数据，目标是突变景观与可视化，应该选哪个工具？	推荐工具 driver_gene_gender_analysis（突变景观与可视化）。该工具需要输入：临床表型数据、体细胞突变 MAF 数据。图谱中项目 Whole  exome sequencing  of patients with CRC from the Changkang project 的 HRA000873（癌种：Colorectal Cancer）存在这些输入数据，共 1017 个匹配文件（文件引用已脱敏）。	["CLINICAL_DATA_EXCEL", "MUTATION_ANNOTATION_FORMAT_MAF"]	[]	["可视化与报告", "突变景观与可视化"]	["Clinical", "WES"]		[{"semantic_format": "CLINICAL_DATA_EXCEL", "data_desc": "临床表型数据", "count": 1, "study": "HRA000873", "project_name": "Whole  exome sequencing  of patients with CRC from the Changkang project", "tumor_subtype": "Colorectal Cancer"}, {"semantic_format": "MUTATION_ANNOTATION_FORMAT_MAF", "data_desc": "体细胞突变 MAF 数据", "count": 1016, "study": "HRA000873", "project_name": "Whole  exome sequencing  of patients with CRC from the Changkang project", "tumor_subtype": "Colorectal Cancer"}]
class100068	class1_tool_recommend	single_tool	生存分析	T017	her2_pfs_survival	HRA000073	Chinese Glioma Genome Altas (CGGA) - RNA-seq dataset (325)	Malignant Glioma	要完成生存分析，手上有基因表达矩阵/表格数据，适合的工具是什么？	推荐工具 her2_pfs_survival（生存分析）。该工具需要输入：临床表型数据、基因表达矩阵/表格数据。图谱中项目 Chinese Glioma Genome Altas (CGGA) - RNA-seq dataset (325) 的 HRA000073（癌种：Malignant Glioma）存在这些输入数据，共 4 个匹配文件（文件引用已脱敏）。	["CLINICAL_DATA_EXCEL", "TABULAR_BIO_DATA"]	[]	["可视化与报告", "生存分析"]	["Clinical", "bulk_RNA"]		[{"semantic_format": "CLINICAL_DATA_EXCEL", "data_desc": "临床表型数据", "count": 1, "study": "HRA000073", "project_name": "Chinese Glioma Genome Altas (CGGA) - RNA-seq dataset (325)", "tumor_subtype": "Malignant Glioma"}, {"semantic_format": "TABULAR_BIO_DATA", "data_desc": "基因表达矩阵/表格数据", "count": 3, "study": "HRA000073", "project_name": "Chinese Glioma Genome Altas (CGGA) - RNA-seq dataset (325)", "tumor_subtype": "Malignant Glioma"}]
class100069	class1_tool_recommend	single_tool	免疫浸润与微环境分析	T018	immune_infiltration_iobr	HRA000073	Chinese Glioma Genome Altas (CGGA) - RNA-seq dataset (325)	Malignant Glioma	基于Chinese Glioma Genome Altas (CGGA) - RNA-seq dataset (325)的基因表达矩阵/表格数据做免疫浸润与微环境分析，应该使用什么工具？	推荐工具 immune_infiltration_iobr（免疫浸润与微环境分析）。该工具需要输入：临床表型数据、基因表达矩阵/表格数据。图谱中项目 Chinese Glioma Genome Altas (CGGA) - RNA-seq dataset (325) 的 HRA000073（癌种：Malignant Glioma）存在这些输入数据，共 4 个匹配文件（文件引用已脱敏）。	["CLINICAL_DATA_EXCEL", "TABULAR_BIO_DATA"]	[]	["免疫浸润与微环境分析", "可视化与报告"]	["Clinical", "bulk_RNA"]		[{"semantic_format": "CLINICAL_DATA_EXCEL", "data_desc": "临床表型数据", "count": 1, "study": "HRA000073", "project_name": "Chinese Glioma Genome Altas (CGGA) - RNA-seq dataset (325)", "tumor_subtype": "Malignant Glioma"}, {"semantic_format": "TABULAR_BIO_DATA", "data_desc": "基因表达矩阵/表格数据", "count": 3, "study": "HRA000073", "project_name": "Chinese Glioma Genome Altas (CGGA) - RNA-seq dataset (325)", "tumor_subtype": "Malignant Glioma"}]
class100070	class1_tool_recommend	single_tool	序列格式转换	T019	paired_fastq_to_unmapped_bam	HRA000122	Integrated Genomic Analyses Identify High-Risk Factors Associated with Poor Outcomes of T-ALL	Acute T cell leukemia	我想对原始双端测序数据（R1）完成序列格式转换，应该用什么工具？	推荐工具 paired_fastq_to_unmapped_bam（序列格式转换）。该工具需要输入：基因组比对 BAM 数据、原始双端测序数据（R1）、原始双端测序数据（R2）。图谱中项目 Integrated Genomic Analyses Identify High-Risk Factors Associated with Poor Outcomes of T-ALL 的 HRA000122（癌种：Acute T cell leukemia）存在这些输入数据，共 820 个匹配文件（文件引用已脱敏）。	["DNA_GENOMIC_ALIGNMENT_BAM", "RAW_PAIRED_END_R1_FASTQ", "RAW_PAIRED_END_R2_FASTQ"]	[]	["序列格式转换"]	["WES"]		[{"semantic_format": "RNA_TRANSCRIPTOME_ALIGNMENT_BAM", "data_desc": "转录组比对 BAM 数据", "count": 124, "study": "HRA000122", "project_name": "Integrated Genomic Analyses Identify High-Risk Factors Associated with Poor Outcomes of T-ALL", "tumor_subtype": "Acute T cell leukemia"}, {"semantic_format": "RAW_PAIRED_END_R1_FASTQ", "data_desc": "原始双端测序数据（R1）", "count": 348, "study": "HRA000122", "project_name": "Integrated Genomic Analyses Identify High-Risk Factors Associated with Poor Outcomes of T-ALL", "tumor_subtype": "Acute T cell leukemia"}, {"semantic_format": "RAW_PAIRED_END_R2_FASTQ", "data_desc": "原始双端测序数据（R2）", "count": 348, "study": "HRA000122", "project_name": "Integrated Genomic Analyses Identify High-Risk Factors Associated with Poor Outcomes of T-ALL", "tumor_subtype": "Acute T cell leukemia"}]
class100071	class1_tool_recommend	single_tool	无监督聚类分析	T020	rnaseq_unsupervised_cluster	HRA000074	Chinese Glioma Genome Altas (CGGA) - RNA-seq dataset (693)	High grade glioma	项目Chinese Glioma Genome Altas (CGGA) - RNA-seq dataset (693)中有基因表达矩阵/表格数据，要完成无监督聚类分析，推荐使用哪个工具？	推荐工具 rnaseq_unsupervised_cluster（无监督聚类分析）。该工具需要输入：基因表达矩阵/表格数据。图谱中项目 Chinese Glioma Genome Altas (CGGA) - RNA-seq dataset (693) 的 HRA000074（癌种：High grade glioma）存在这些输入数据，共 3 个匹配文件（文件引用已脱敏）。	["TABULAR_BIO_DATA"]	[]	["可视化与报告", "无监督聚类分析"]	["bulk_RNA"]		[{"semantic_format": "TABULAR_BIO_DATA", "data_desc": "基因表达矩阵/表格数据", "count": 3, "study": "HRA000074", "project_name": "Chinese Glioma Genome Altas (CGGA) - RNA-seq dataset (693)", "tumor_subtype": "High grade glioma"}]
class100072	class1_tool_recommend	single_tool	生存分析	T021	survival_analysis	HRA000873	Whole  exome sequencing  of patients with CRC from the Changkang project	Colorectal Cancer	我拿到了Whole  exome sequencing  of patients with CRC from the Changkang project的体细胞突变 MAF 数据，目标是生存分析，应该选哪个工具？	推荐工具 survival_analysis（生存分析）。该工具需要输入：临床表型数据、体细胞突变 MAF 数据。图谱中项目 Whole  exome sequencing  of patients with CRC from the Changkang project 的 HRA000873（癌种：Colorectal Cancer）存在这些输入数据，共 1017 个匹配文件（文件引用已脱敏）。	["CLINICAL_DATA_EXCEL", "MUTATION_ANNOTATION_FORMAT_MAF"]	[]	["生存分析"]	["Clinical", "WES"]		[{"semantic_format": "CLINICAL_DATA_EXCEL", "data_desc": "临床表型数据", "count": 1, "study": "HRA000873", "project_name": "Whole  exome sequencing  of patients with CRC from the Changkang project", "tumor_subtype": "Colorectal Cancer"}, {"semantic_format": "MUTATION_ANNOTATION_FORMAT_MAF", "data_desc": "体细胞突变 MAF 数据", "count": 1016, "study": "HRA000873", "project_name": "Whole  exome sequencing  of patients with CRC from the Changkang project", "tumor_subtype": "Colorectal Cancer"}]
class100073	class1_tool_recommend	single_tool	生存分析	T022	tmb_survival_analysis	HRA000873	Whole  exome sequencing  of patients with CRC from the Changkang project	Colorectal Cancer	要完成生存分析，手上有体细胞突变 MAF 数据，适合的工具是什么？	推荐工具 tmb_survival_analysis（生存分析）。该工具需要输入：临床表型数据、体细胞突变 MAF 数据。图谱中项目 Whole  exome sequencing  of patients with CRC from the Changkang project 的 HRA000873（癌种：Colorectal Cancer）存在这些输入数据，共 1017 个匹配文件（文件引用已脱敏）。	["CLINICAL_DATA_EXCEL", "MUTATION_ANNOTATION_FORMAT_MAF"]	[]	["生存分析", "突变景观与可视化"]	["Clinical", "WES"]		[{"semantic_format": "CLINICAL_DATA_EXCEL", "data_desc": "临床表型数据", "count": 1, "study": "HRA000873", "project_name": "Whole  exome sequencing  of patients with CRC from the Changkang project", "tumor_subtype": "Colorectal Cancer"}, {"semantic_format": "MUTATION_ANNOTATION_FORMAT_MAF", "data_desc": "体细胞突变 MAF 数据", "count": 1016, "study": "HRA000873", "project_name": "Whole  exome sequencing  of patients with CRC from the Changkang project", "tumor_subtype": "Colorectal Cancer"}]
class100074	class1_tool_recommend	single_tool	突变景观与可视化	T023	wes_somatic_maf_landscape	HRA000873	Whole  exome sequencing  of patients with CRC from the Changkang project	Colorectal Cancer	基于Whole  exome sequencing  of patients with CRC from the Changkang project的体细胞突变 MAF 数据做突变景观与可视化，应该使用什么工具？	推荐工具 wes_somatic_maf_landscape（突变景观与可视化）。该工具需要输入：体细胞突变 MAF 数据。图谱中项目 Whole  exome sequencing  of patients with CRC from the Changkang project 的 HRA000873（癌种：Colorectal Cancer）存在这些输入数据，共 1016 个匹配文件（文件引用已脱敏）。	["MUTATION_ANNOTATION_FORMAT_MAF"]	[]	["突变景观与可视化"]	["WES"]		[{"semantic_format": "MUTATION_ANNOTATION_FORMAT_MAF", "data_desc": "体细胞突变 MAF 数据", "count": 1016, "study": "HRA000873", "project_name": "Whole  exome sequencing  of patients with CRC from the Changkang project", "tumor_subtype": "Colorectal Cancer"}]
class100075	class1_tool_recommend	single_tool	共表达网络分析	T024	wgcna	HRA000073	Chinese Glioma Genome Altas (CGGA) - RNA-seq dataset (325)	Malignant Glioma	我想对基因表达矩阵/表格数据完成共表达网络分析，应该用什么工具？	推荐工具 wgcna（共表达网络分析）。该工具需要输入：临床表型数据、基因表达矩阵/表格数据。图谱中项目 Chinese Glioma Genome Altas (CGGA) - RNA-seq dataset (325) 的 HRA000073（癌种：Malignant Glioma）存在这些输入数据，共 4 个匹配文件（文件引用已脱敏）。	["CLINICAL_DATA_EXCEL", "TABULAR_BIO_DATA"]	[]	["共表达网络分析"]	["Clinical", "bulk_RNA"]		[{"semantic_format": "CLINICAL_DATA_EXCEL", "data_desc": "临床表型数据", "count": 1, "study": "HRA000073", "project_name": "Chinese Glioma Genome Altas (CGGA) - RNA-seq dataset (325)", "tumor_subtype": "Malignant Glioma"}, {"semantic_format": "TABULAR_BIO_DATA", "data_desc": "基因表达矩阵/表格数据", "count": 3, "study": "HRA000073", "project_name": "Chinese Glioma Genome Altas (CGGA) - RNA-seq dataset (325)", "tumor_subtype": "Malignant Glioma"}]
class100076	class1_tool_recommend	single_tool	细胞通讯分析	T026	breast_cellchat	HRA001748	scRNA-seq of liver cancer	Liver Cancer	项目scRNA-seq of liver cancer中有单细胞表达矩阵 H5 数据，要完成细胞通讯分析，推荐使用哪个工具？	推荐工具 breast_cellchat（细胞通讯分析）。该工具需要输入：单细胞分析对象（RDS）数据（另需公共参考资源：参考基因组 FASTA）。图谱中项目 scRNA-seq of liver cancer 的 HRA001748（癌种：Liver Cancer）存在这些输入数据，共 171 个匹配文件（文件引用已脱敏）。	["SCRNA_OBJECT_RDS"]	["REFERENCE_GENOME_FASTA"]	["细胞通讯分析"]	["bulk_RNA", "sc-RNA"]		[{"semantic_format": "BIO_DATA_CONTAINER_OBJECT", "data_desc": "单细胞/复杂分析对象数据", "count": 10, "study": "HRA001748", "project_name": "scRNA-seq of liver cancer", "tumor_subtype": "Liver Cancer"}, {"semantic_format": "SCRNA_MATRIX_H5", "data_desc": "单细胞表达矩阵 H5 数据", "count": 160, "study": "HRA001748", "project_name": "scRNA-seq of liver cancer", "tumor_subtype": "Liver Cancer"}, {"semantic_format": "SCRNA_MATRIX_H5_ZIP", "data_desc": "单细胞表达矩阵压缩包数据", "count": 1, "study": "HRA001748", "project_name": "scRNA-seq of liver cancer", "tumor_subtype": "Liver Cancer"}]
class100077	class1_tool_recommend	single_tool	差异表达分析	T027	celltype_case_control_de	HRA001748	scRNA-seq of liver cancer	Liver Cancer	我拿到了scRNA-seq of liver cancer的单细胞表达矩阵 H5 数据，目标是差异表达分析，应该选哪个工具？	推荐工具 celltype_case_control_de（差异表达分析）。该工具需要输入：单细胞分析对象（RDS）数据、基因表达矩阵/表格数据（另需公共参考资源：参考基因组 FASTA）。图谱中项目 scRNA-seq of liver cancer 的 HRA001748（癌种：Liver Cancer）存在这些输入数据，共 202 个匹配文件（文件引用已脱敏）。	["SCRNA_OBJECT_RDS", "TABULAR_BIO_DATA"]	["REFERENCE_GENOME_FASTA"]	["差异表达分析"]	["bulk_RNA", "sc-RNA"]		[{"semantic_format": "BIO_DATA_CONTAINER_OBJECT", "data_desc": "单细胞/复杂分析对象数据", "count": 10, "study": "HRA001748", "project_name": "scRNA-seq of liver cancer", "tumor_subtype": "Liver Cancer"}, {"semantic_format": "SCRNA_MATRIX_H5", "data_desc": "单细胞表达矩阵 H5 数据", "count": 160, "study": "HRA001748", "project_name": "scRNA-seq of liver cancer", "tumor_subtype": "Liver Cancer"}, {"semantic_format": "SCRNA_MATRIX_H5_ZIP", "data_desc": "单细胞表达矩阵压缩包数据", "count": 1, "study": "HRA001748", "project_name": "scRNA-seq of liver cancer", "tumor_subtype": "Liver Cancer"}, {"semantic_format": "TABULAR_BIO_DATA", "data_desc": "基因表达矩阵/表格数据", "count": 31, "study": "HRA001748", "project_name": "scRNA-seq of liver cancer", "tumor_subtype": "Liver Cancer"}]
class100078	class1_tool_recommend	single_tool	拷贝数变异分析	T028	cnvkit_cnv_clinical	HRA000071	Chinese Glioma Genome Altas (CGGA) - WES dataset	Malignant Glioma	要完成拷贝数变异分析，手上有碱基质量校正后的比对 BAM 数据，适合的工具是什么？	推荐工具 cnvkit_cnv_clinical（拷贝数变异分析）。该工具需要输入：基因组比对 BAM 数据。图谱中项目 Chinese Glioma Genome Altas (CGGA) - WES dataset 的 HRA000071（癌种：Malignant Glioma）存在这些输入数据，共 572 个匹配文件（文件引用已脱敏）。	["DNA_GENOMIC_ALIGNMENT_BAM"]	[]	["可视化与报告", "拷贝数变异分析"]	["Clinical", "WES", "WGS"]		[{"semantic_format": "DNA_ALIGNMENT_BQSR_BAM", "data_desc": "碱基质量校正后的比对 BAM 数据", "count": 572, "study": "HRA000071", "project_name": "Chinese Glioma Genome Altas (CGGA) - WES dataset", "tumor_subtype": "Malignant Glioma"}]
class100079	class1_tool_recommend	single_tool	生存分析	T029	cox_model	HRA000073	Chinese Glioma Genome Altas (CGGA) - RNA-seq dataset (325)	Malignant Glioma	基于Chinese Glioma Genome Altas (CGGA) - RNA-seq dataset (325)的基因表达矩阵/表格数据做生存分析，应该使用什么工具？	推荐工具 cox_model（生存分析）。该工具需要输入：临床表型数据、样本元数据、基因表达矩阵/表格数据。图谱中项目 Chinese Glioma Genome Altas (CGGA) - RNA-seq dataset (325) 的 HRA000073（癌种：Malignant Glioma）存在这些输入数据，共 5 个匹配文件（文件引用已脱敏）。	["CLINICAL_DATA_EXCEL", "METADATA_SAMPLE_INFO", "TABULAR_BIO_DATA"]	[]	["生存分析"]	["Clinical", "bulk_RNA"]		[{"semantic_format": "CLINICAL_DATA_EXCEL", "data_desc": "临床表型数据", "count": 1, "study": "HRA000073", "project_name": "Chinese Glioma Genome Altas (CGGA) - RNA-seq dataset (325)", "tumor_subtype": "Malignant Glioma"}, {"semantic_format": "METADATA_SAMPLE_INFO", "data_desc": "样本元数据", "count": 1, "study": "HRA000073", "project_name": "Chinese Glioma Genome Altas (CGGA) - RNA-seq dataset (325)", "tumor_subtype": "Malignant Glioma"}, {"semantic_format": "TABULAR_BIO_DATA", "data_desc": "基因表达矩阵/表格数据", "count": 3, "study": "HRA000073", "project_name": "Chinese Glioma Genome Altas (CGGA) - RNA-seq dataset (325)", "tumor_subtype": "Malignant Glioma"}]
class100080	class1_tool_recommend	single_tool	单细胞下游分析	T030	dataset_downstream	HRA001748	scRNA-seq of liver cancer	Liver Cancer	我想对单细胞表达矩阵 H5 数据完成单细胞下游分析，应该用什么工具？	推荐工具 dataset_downstream（单细胞下游分析）。该工具需要输入：单细胞分析对象（RDS）数据、基因表达矩阵/表格数据（另需公共参考资源：参考基因组 FASTA）。图谱中项目 scRNA-seq of liver cancer 的 HRA001748（癌种：Liver Cancer）存在这些输入数据，共 202 个匹配文件（文件引用已脱敏）。	["SCRNA_OBJECT_RDS", "TABULAR_BIO_DATA"]	["REFERENCE_GENOME_FASTA"]	["单细胞下游分析", "差异表达分析"]	["sc-RNA"]		[{"semantic_format": "BIO_DATA_CONTAINER_OBJECT", "data_desc": "单细胞/复杂分析对象数据", "count": 10, "study": "HRA001748", "project_name": "scRNA-seq of liver cancer", "tumor_subtype": "Liver Cancer"}, {"semantic_format": "SCRNA_MATRIX_H5", "data_desc": "单细胞表达矩阵 H5 数据", "count": 160, "study": "HRA001748", "project_name": "scRNA-seq of liver cancer", "tumor_subtype": "Liver Cancer"}, {"semantic_format": "SCRNA_MATRIX_H5_ZIP", "data_desc": "单细胞表达矩阵压缩包数据", "count": 1, "study": "HRA001748", "project_name": "scRNA-seq of liver cancer", "tumor_subtype": "Liver Cancer"}, {"semantic_format": "TABULAR_BIO_DATA", "data_desc": "基因表达矩阵/表格数据", "count": 31, "study": "HRA001748", "project_name": "scRNA-seq of liver cancer", "tumor_subtype": "Liver Cancer"}]
class100081	class1_tool_recommend	single_tool	单细胞下游分析	T031	dataset_matrix_annotation	HRA001748	scRNA-seq of liver cancer	Liver Cancer	项目scRNA-seq of liver cancer中有单细胞表达矩阵 H5 数据，要完成单细胞下游分析，推荐使用哪个工具？	推荐工具 dataset_matrix_annotation（单细胞下游分析）。该工具需要输入：单细胞分析对象（RDS）数据、基因表达矩阵/表格数据（另需公共参考资源：参考基因组 FASTA）。图谱中项目 scRNA-seq of liver cancer 的 HRA001748（癌种：Liver Cancer）存在这些输入数据，共 202 个匹配文件（文件引用已脱敏）。	["SCRNA_OBJECT_RDS", "TABULAR_BIO_DATA"]	["REFERENCE_GENOME_FASTA"]	["单细胞下游分析"]	["sc-RNA"]		[{"semantic_format": "BIO_DATA_CONTAINER_OBJECT", "data_desc": "单细胞/复杂分析对象数据", "count": 10, "study": "HRA001748", "project_name": "scRNA-seq of liver cancer", "tumor_subtype": "Liver Cancer"}, {"semantic_format": "SCRNA_MATRIX_H5", "data_desc": "单细胞表达矩阵 H5 数据", "count": 160, "study": "HRA001748", "project_name": "scRNA-seq of liver cancer", "tumor_subtype": "Liver Cancer"}, {"semantic_format": "SCRNA_MATRIX_H5_ZIP", "data_desc": "单细胞表达矩阵压缩包数据", "count": 1, "study": "HRA001748", "project_name": "scRNA-seq of liver cancer", "tumor_subtype": "Liver Cancer"}, {"semantic_format": "TABULAR_BIO_DATA", "data_desc": "基因表达矩阵/表格数据", "count": 31, "study": "HRA001748", "project_name": "scRNA-seq of liver cancer", "tumor_subtype": "Liver Cancer"}]
class100082	class1_tool_recommend	single_tool	功能富集分析	T032	de_enrichment	HRA000073	Chinese Glioma Genome Altas (CGGA) - RNA-seq dataset (325)	Malignant Glioma	我拿到了Chinese Glioma Genome Altas (CGGA) - RNA-seq dataset (325)的基因表达矩阵/表格数据，目标是功能富集分析，应该选哪个工具？	推荐工具 de_enrichment（功能富集分析）。该工具需要输入：临床表型数据、样本元数据、基因表达矩阵/表格数据。图谱中项目 Chinese Glioma Genome Altas (CGGA) - RNA-seq dataset (325) 的 HRA000073（癌种：Malignant Glioma）存在这些输入数据，共 5 个匹配文件（文件引用已脱敏）。	["CLINICAL_DATA_EXCEL", "METADATA_SAMPLE_INFO", "TABULAR_BIO_DATA"]	[]	["功能富集分析", "可视化与报告", "差异表达分析"]	["Clinical", "bulk_RNA"]		[{"semantic_format": "CLINICAL_DATA_EXCEL", "data_desc": "临床表型数据", "count": 1, "study": "HRA000073", "project_name": "Chinese Glioma Genome Altas (CGGA) - RNA-seq dataset (325)", "tumor_subtype": "Malignant Glioma"}, {"semantic_format": "METADATA_SAMPLE_INFO", "data_desc": "样本元数据", "count": 1, "study": "HRA000073", "project_name": "Chinese Glioma Genome Altas (CGGA) - RNA-seq dataset (325)", "tumor_subtype": "Malignant Glioma"}, {"semantic_format": "TABULAR_BIO_DATA", "data_desc": "基因表达矩阵/表格数据", "count": 3, "study": "HRA000073", "project_name": "Chinese Glioma Genome Altas (CGGA) - RNA-seq dataset (325)", "tumor_subtype": "Malignant Glioma"}]
class100083	class1_tool_recommend	single_tool	功能富集分析	T033	deg_enrichment	HRA000073	Chinese Glioma Genome Altas (CGGA) - RNA-seq dataset (325)	Malignant Glioma	要完成功能富集分析，手上有基因表达矩阵/表格数据，适合的工具是什么？	推荐工具 deg_enrichment（功能富集分析）。该工具需要输入：临床表型数据、样本元数据、基因表达矩阵/表格数据。图谱中项目 Chinese Glioma Genome Altas (CGGA) - RNA-seq dataset (325) 的 HRA000073（癌种：Malignant Glioma）存在这些输入数据，共 5 个匹配文件（文件引用已脱敏）。	["CLINICAL_DATA_EXCEL", "METADATA_SAMPLE_INFO", "TABULAR_BIO_DATA"]	[]	["功能富集分析", "差异表达分析"]	["Clinical", "bulk_RNA"]		[{"semantic_format": "CLINICAL_DATA_EXCEL", "data_desc": "临床表型数据", "count": 1, "study": "HRA000073", "project_name": "Chinese Glioma Genome Altas (CGGA) - RNA-seq dataset (325)", "tumor_subtype": "Malignant Glioma"}, {"semantic_format": "METADATA_SAMPLE_INFO", "data_desc": "样本元数据", "count": 1, "study": "HRA000073", "project_name": "Chinese Glioma Genome Altas (CGGA) - RNA-seq dataset (325)", "tumor_subtype": "Malignant Glioma"}, {"semantic_format": "TABULAR_BIO_DATA", "data_desc": "基因表达矩阵/表格数据", "count": 3, "study": "HRA000073", "project_name": "Chinese Glioma Genome Altas (CGGA) - RNA-seq dataset (325)", "tumor_subtype": "Malignant Glioma"}]
class100084	class1_tool_recommend	single_tool	差异表达分析	T034	deg_trend	HRA000073	Chinese Glioma Genome Altas (CGGA) - RNA-seq dataset (325)	Malignant Glioma	基于Chinese Glioma Genome Altas (CGGA) - RNA-seq dataset (325)的基因表达矩阵/表格数据做差异表达分析，应该使用什么工具？	推荐工具 deg_trend（差异表达分析）。该工具需要输入：临床表型数据、样本元数据、基因表达矩阵/表格数据。图谱中项目 Chinese Glioma Genome Altas (CGGA) - RNA-seq dataset (325) 的 HRA000073（癌种：Malignant Glioma）存在这些输入数据，共 5 个匹配文件（文件引用已脱敏）。	["CLINICAL_DATA_EXCEL", "METADATA_SAMPLE_INFO", "TABULAR_BIO_DATA"]	[]	["可视化与报告", "差异表达分析"]	["Clinical", "bulk_RNA"]		[{"semantic_format": "CLINICAL_DATA_EXCEL", "data_desc": "临床表型数据", "count": 1, "study": "HRA000073", "project_name": "Chinese Glioma Genome Altas (CGGA) - RNA-seq dataset (325)", "tumor_subtype": "Malignant Glioma"}, {"semantic_format": "METADATA_SAMPLE_INFO", "data_desc": "样本元数据", "count": 1, "study": "HRA000073", "project_name": "Chinese Glioma Genome Altas (CGGA) - RNA-seq dataset (325)", "tumor_subtype": "Malignant Glioma"}, {"semantic_format": "TABULAR_BIO_DATA", "data_desc": "基因表达矩阵/表格数据", "count": 3, "study": "HRA000073", "project_name": "Chinese Glioma Genome Altas (CGGA) - RNA-seq dataset (325)", "tumor_subtype": "Malignant Glioma"}]
class100085	class1_tool_recommend	single_tool	可视化与报告	T035	gene_boxplot	HRA000073	Chinese Glioma Genome Altas (CGGA) - RNA-seq dataset (325)	Malignant Glioma	我想对基因表达矩阵/表格数据完成可视化与报告，应该用什么工具？	推荐工具 gene_boxplot（可视化与报告）。该工具需要输入：临床表型数据、样本元数据、基因表达矩阵/表格数据。图谱中项目 Chinese Glioma Genome Altas (CGGA) - RNA-seq dataset (325) 的 HRA000073（癌种：Malignant Glioma）存在这些输入数据，共 5 个匹配文件（文件引用已脱敏）。	["CLINICAL_DATA_EXCEL", "METADATA_SAMPLE_INFO", "TABULAR_BIO_DATA"]	[]	["可视化与报告"]	["Clinical", "bulk_RNA"]		[{"semantic_format": "CLINICAL_DATA_EXCEL", "data_desc": "临床表型数据", "count": 1, "study": "HRA000073", "project_name": "Chinese Glioma Genome Altas (CGGA) - RNA-seq dataset (325)", "tumor_subtype": "Malignant Glioma"}, {"semantic_format": "METADATA_SAMPLE_INFO", "data_desc": "样本元数据", "count": 1, "study": "HRA000073", "project_name": "Chinese Glioma Genome Altas (CGGA) - RNA-seq dataset (325)", "tumor_subtype": "Malignant Glioma"}, {"semantic_format": "TABULAR_BIO_DATA", "data_desc": "基因表达矩阵/表格数据", "count": 3, "study": "HRA000073", "project_name": "Chinese Glioma Genome Altas (CGGA) - RNA-seq dataset (325)", "tumor_subtype": "Malignant Glioma"}]
class100086	class1_tool_recommend	single_tool	功能富集分析	T036	gsea_pathway_enrichment	HRA000073	Chinese Glioma Genome Altas (CGGA) - RNA-seq dataset (325)	Malignant Glioma	项目Chinese Glioma Genome Altas (CGGA) - RNA-seq dataset (325)中有基因表达矩阵/表格数据，要完成功能富集分析，推荐使用哪个工具？	推荐工具 gsea_pathway_enrichment（功能富集分析）。该工具需要输入：基因表达矩阵/表格数据。图谱中项目 Chinese Glioma Genome Altas (CGGA) - RNA-seq dataset (325) 的 HRA000073（癌种：Malignant Glioma）存在这些输入数据，共 3 个匹配文件（文件引用已脱敏）。	["TABULAR_BIO_DATA"]	[]	["功能富集分析"]	["Clinical", "bulk_RNA"]		[{"semantic_format": "TABULAR_BIO_DATA", "data_desc": "基因表达矩阵/表格数据", "count": 3, "study": "HRA000073", "project_name": "Chinese Glioma Genome Altas (CGGA) - RNA-seq dataset (325)", "tumor_subtype": "Malignant Glioma"}]
class100087	class1_tool_recommend	single_tool	细胞通讯分析	T038	immunotherapy_cellchat	HRA001748	scRNA-seq of liver cancer	Liver Cancer	我拿到了scRNA-seq of liver cancer的单细胞表达矩阵 H5 数据，目标是细胞通讯分析，应该选哪个工具？	推荐工具 immunotherapy_cellchat（细胞通讯分析）。该工具需要输入：单细胞分析对象（RDS）数据（另需公共参考资源：参考基因组 FASTA）。图谱中项目 scRNA-seq of liver cancer 的 HRA001748（癌种：Liver Cancer）存在这些输入数据，共 171 个匹配文件（文件引用已脱敏）。	["SCRNA_OBJECT_RDS"]	["REFERENCE_GENOME_FASTA"]	["细胞通讯分析"]	["sc-RNA"]		[{"semantic_format": "BIO_DATA_CONTAINER_OBJECT", "data_desc": "单细胞/复杂分析对象数据", "count": 10, "study": "HRA001748", "project_name": "scRNA-seq of liver cancer", "tumor_subtype": "Liver Cancer"}, {"semantic_format": "SCRNA_MATRIX_H5", "data_desc": "单细胞表达矩阵 H5 数据", "count": 160, "study": "HRA001748", "project_name": "scRNA-seq of liver cancer", "tumor_subtype": "Liver Cancer"}, {"semantic_format": "SCRNA_MATRIX_H5_ZIP", "data_desc": "单细胞表达矩阵压缩包数据", "count": 1, "study": "HRA001748", "project_name": "scRNA-seq of liver cancer", "tumor_subtype": "Liver Cancer"}]
class100088	class1_tool_recommend	single_tool	单细胞下游分析	T039	ipf_trajectory_regulon	HRA001748	scRNA-seq of liver cancer	Liver Cancer	要完成单细胞下游分析，手上有单细胞表达矩阵 H5 数据，适合的工具是什么？	推荐工具 ipf_trajectory_regulon（单细胞下游分析）。该工具需要输入：样本元数据、单细胞分析对象（RDS）数据（另需公共参考资源：参考基因组 FASTA）。图谱中项目 scRNA-seq of liver cancer 的 HRA001748（癌种：Liver Cancer）存在这些输入数据，共 173 个匹配文件（文件引用已脱敏）。	["METADATA_SAMPLE_INFO", "SCRNA_OBJECT_RDS"]	["REFERENCE_GENOME_FASTA"]	["单细胞下游分析", "轨迹推断"]	["bulk_RNA", "sc-RNA"]		[{"semantic_format": "METADATA_SAMPLE_INFO", "data_desc": "样本元数据", "count": 2, "study": "HRA001748", "project_name": "scRNA-seq of liver cancer", "tumor_subtype": "Liver Cancer"}, {"semantic_format": "BIO_DATA_CONTAINER_OBJECT", "data_desc": "单细胞/复杂分析对象数据", "count": 10, "study": "HRA001748", "project_name": "scRNA-seq of liver cancer", "tumor_subtype": "Liver Cancer"}, {"semantic_format": "SCRNA_MATRIX_H5", "data_desc": "单细胞表达矩阵 H5 数据", "count": 160, "study": "HRA001748", "project_name": "scRNA-seq of liver cancer", "tumor_subtype": "Liver Cancer"}, {"semantic_format": "SCRNA_MATRIX_H5_ZIP", "data_desc": "单细胞表达矩阵压缩包数据", "count": 1, "study": "HRA001748", "project_name": "scRNA-seq of liver cancer", "tumor_subtype": "Liver Cancer"}]
class100089	class1_tool_recommend	single_tool	生存分析	T040	km_survival	HRA000073	Chinese Glioma Genome Altas (CGGA) - RNA-seq dataset (325)	Malignant Glioma	基于Chinese Glioma Genome Altas (CGGA) - RNA-seq dataset (325)的基因表达矩阵/表格数据做生存分析，应该使用什么工具？	推荐工具 km_survival（生存分析）。该工具需要输入：临床表型数据、样本元数据、基因表达矩阵/表格数据。图谱中项目 Chinese Glioma Genome Altas (CGGA) - RNA-seq dataset (325) 的 HRA000073（癌种：Malignant Glioma）存在这些输入数据，共 5 个匹配文件（文件引用已脱敏）。	["CLINICAL_DATA_EXCEL", "METADATA_SAMPLE_INFO", "TABULAR_BIO_DATA"]	[]	["可视化与报告", "生存分析"]	["Clinical", "bulk_RNA"]		[{"semantic_format": "CLINICAL_DATA_EXCEL", "data_desc": "临床表型数据", "count": 1, "study": "HRA000073", "project_name": "Chinese Glioma Genome Altas (CGGA) - RNA-seq dataset (325)", "tumor_subtype": "Malignant Glioma"}, {"semantic_format": "METADATA_SAMPLE_INFO", "data_desc": "样本元数据", "count": 1, "study": "HRA000073", "project_name": "Chinese Glioma Genome Altas (CGGA) - RNA-seq dataset (325)", "tumor_subtype": "Malignant Glioma"}, {"semantic_format": "TABULAR_BIO_DATA", "data_desc": "基因表达矩阵/表格数据", "count": 3, "study": "HRA000073", "project_name": "Chinese Glioma Genome Altas (CGGA) - RNA-seq dataset (325)", "tumor_subtype": "Malignant Glioma"}]
class100090	class1_tool_recommend	single_tool	免疫浸润与微环境分析	T041	lung_tme_annotation_cnv	HRA001748	scRNA-seq of liver cancer	Liver Cancer	我想对单细胞表达矩阵 H5 数据完成免疫浸润与微环境分析，应该用什么工具？	推荐工具 lung_tme_annotation_cnv（免疫浸润与微环境分析）。该工具需要输入：单细胞分析对象（RDS）数据、基因表达矩阵/表格数据（另需公共参考资源：参考基因组 FASTA）。图谱中项目 scRNA-seq of liver cancer 的 HRA001748（癌种：Liver Cancer）存在这些输入数据，共 202 个匹配文件（文件引用已脱敏）。	["SCRNA_OBJECT_RDS", "TABULAR_BIO_DATA"]	["REFERENCE_GENOME_FASTA"]	["免疫浸润与微环境分析", "单细胞下游分析", "拷贝数变异分析"]	["sc-RNA"]		[{"semantic_format": "BIO_DATA_CONTAINER_OBJECT", "data_desc": "单细胞/复杂分析对象数据", "count": 10, "study": "HRA001748", "project_name": "scRNA-seq of liver cancer", "tumor_subtype": "Liver Cancer"}, {"semantic_format": "SCRNA_MATRIX_H5", "data_desc": "单细胞表达矩阵 H5 数据", "count": 160, "study": "HRA001748", "project_name": "scRNA-seq of liver cancer", "tumor_subtype": "Liver Cancer"}, {"semantic_format": "SCRNA_MATRIX_H5_ZIP", "data_desc": "单细胞表达矩阵压缩包数据", "count": 1, "study": "HRA001748", "project_name": "scRNA-seq of liver cancer", "tumor_subtype": "Liver Cancer"}, {"semantic_format": "TABULAR_BIO_DATA", "data_desc": "基因表达矩阵/表格数据", "count": 31, "study": "HRA001748", "project_name": "scRNA-seq of liver cancer", "tumor_subtype": "Liver Cancer"}]
class100091	class1_tool_recommend	single_tool	表达矩阵预处理与归一化	T042	preprocess_counts	HRA000074	Chinese Glioma Genome Altas (CGGA) - RNA-seq dataset (693)	High grade glioma	项目Chinese Glioma Genome Altas (CGGA) - RNA-seq dataset (693)中有基因表达矩阵/表格数据，要完成表达矩阵预处理与归一化，推荐使用哪个工具？	推荐工具 preprocess_counts（表达矩阵预处理与归一化）。该工具需要输入：基因表达矩阵/表格数据。图谱中项目 Chinese Glioma Genome Altas (CGGA) - RNA-seq dataset (693) 的 HRA000074（癌种：High grade glioma）存在这些输入数据，共 3 个匹配文件（文件引用已脱敏）。	["TABULAR_BIO_DATA"]	[]	["表达矩阵预处理与归一化"]	["bulk_RNA"]		[{"semantic_format": "TABULAR_BIO_DATA", "data_desc": "基因表达矩阵/表格数据", "count": 3, "study": "HRA000074", "project_name": "Chinese Glioma Genome Altas (CGGA) - RNA-seq dataset (693)", "tumor_subtype": "High grade glioma"}]
class100092	class1_tool_recommend	single_tool	可变剪接分析	T043	rmats_alternative_splicing	HRA000074	Chinese Glioma Genome Altas (CGGA) - RNA-seq dataset (693)	High grade glioma	我拿到了Chinese Glioma Genome Altas (CGGA) - RNA-seq dataset (693)的转录组比对 BAM 数据，目标是可变剪接分析，应该选哪个工具？	推荐工具 rmats_alternative_splicing（可变剪接分析）。该工具需要输入：转录组比对 BAM 数据（另需公共参考资源：参考基因组 FASTA）。图谱中项目 Chinese Glioma Genome Altas (CGGA) - RNA-seq dataset (693) 的 HRA000074（癌种：High grade glioma）存在这些输入数据，共 693 个匹配文件（文件引用已脱敏）。	["RNA_TRANSCRIPTOME_ALIGNMENT_BAM"]	["REFERENCE_GENOME_FASTA"]	["可变剪接分析"]	["bulk_RNA"]		[{"semantic_format": "RNA_TRANSCRIPTOME_ALIGNMENT_BAM", "data_desc": "转录组比对 BAM 数据", "count": 693, "study": "HRA000074", "project_name": "Chinese Glioma Genome Altas (CGGA) - RNA-seq dataset (693)", "tumor_subtype": "High grade glioma"}]
class100093	class1_tool_recommend	single_tool	RNA序列比对	T044	rnaseq_singletask	HRA000074	Chinese Glioma Genome Altas (CGGA) - RNA-seq dataset (693)	High grade glioma	要完成RNA序列比对，手上有原始双端测序数据（R1），适合的工具是什么？	推荐工具 rnaseq_singletask（RNA序列比对）。该工具需要输入：原始双端测序数据（R1）、原始双端测序数据（R2）（另需公共参考资源：参考基因组 FASTA）。图谱中项目 Chinese Glioma Genome Altas (CGGA) - RNA-seq dataset (693) 的 HRA000074（癌种：High grade glioma）存在这些输入数据，共 1386 个匹配文件（文件引用已脱敏）。	["RAW_PAIRED_END_R1_FASTQ", "RAW_PAIRED_END_R2_FASTQ"]	["REFERENCE_GENOME_FASTA"]	["RNA序列比对", "接头与低质量序列修剪", "测序质量评估", "表达定量"]	["bulk_RNA"]		[{"semantic_format": "RAW_PAIRED_END_R1_FASTQ", "data_desc": "原始双端测序数据（R1）", "count": 693, "study": "HRA000074", "project_name": "Chinese Glioma Genome Altas (CGGA) - RNA-seq dataset (693)", "tumor_subtype": "High grade glioma"}, {"semantic_format": "RAW_PAIRED_END_R2_FASTQ", "data_desc": "原始双端测序数据（R2）", "count": 693, "study": "HRA000074", "project_name": "Chinese Glioma Genome Altas (CGGA) - RNA-seq dataset (693)", "tumor_subtype": "High grade glioma"}]
class100094	class1_tool_recommend	single_tool	细胞通讯分析	T045	scrna_cell_communication	HRA001748	scRNA-seq of liver cancer	Liver Cancer	基于scRNA-seq of liver cancer的单细胞表达矩阵 H5 数据做细胞通讯分析，应该使用什么工具？	推荐工具 scrna_cell_communication（细胞通讯分析）。该工具需要输入：样本元数据、单细胞分析对象（RDS）数据、基因表达矩阵/表格数据。图谱中项目 scRNA-seq of liver cancer 的 HRA001748（癌种：Liver Cancer）存在这些输入数据，共 204 个匹配文件（文件引用已脱敏）。	["METADATA_SAMPLE_INFO", "SCRNA_OBJECT_RDS", "TABULAR_BIO_DATA"]	[]	["细胞通讯分析"]	["bulk_RNA", "sc-RNA"]		[{"semantic_format": "METADATA_SAMPLE_INFO", "data_desc": "样本元数据", "count": 2, "study": "HRA001748", "project_name": "scRNA-seq of liver cancer", "tumor_subtype": "Liver Cancer"}, {"semantic_format": "BIO_DATA_CONTAINER_OBJECT", "data_desc": "单细胞/复杂分析对象数据", "count": 10, "study": "HRA001748", "project_name": "scRNA-seq of liver cancer", "tumor_subtype": "Liver Cancer"}, {"semantic_format": "SCRNA_MATRIX_H5", "data_desc": "单细胞表达矩阵 H5 数据", "count": 160, "study": "HRA001748", "project_name": "scRNA-seq of liver cancer", "tumor_subtype": "Liver Cancer"}, {"semantic_format": "SCRNA_MATRIX_H5_ZIP", "data_desc": "单细胞表达矩阵压缩包数据", "count": 1, "study": "HRA001748", "project_name": "scRNA-seq of liver cancer", "tumor_subtype": "Liver Cancer"}, {"semantic_format": "TABULAR_BIO_DATA", "data_desc": "基因表达矩阵/表格数据", "count": 31, "study": "HRA001748", "project_name": "scRNA-seq of liver cancer", "tumor_subtype": "Liver Cancer"}]
class100095	class1_tool_recommend	single_tool	可视化与报告	T046	stage_heatmap	HRA000073	Chinese Glioma Genome Altas (CGGA) - RNA-seq dataset (325)	Malignant Glioma	我想对基因表达矩阵/表格数据完成可视化与报告，应该用什么工具？	推荐工具 stage_heatmap（可视化与报告）。该工具需要输入：临床表型数据、样本元数据、基因表达矩阵/表格数据。图谱中项目 Chinese Glioma Genome Altas (CGGA) - RNA-seq dataset (325) 的 HRA000073（癌种：Malignant Glioma）存在这些输入数据，共 5 个匹配文件（文件引用已脱敏）。	["CLINICAL_DATA_EXCEL", "METADATA_SAMPLE_INFO", "TABULAR_BIO_DATA"]	[]	["可视化与报告"]	["Clinical", "bulk_RNA"]		[{"semantic_format": "CLINICAL_DATA_EXCEL", "data_desc": "临床表型数据", "count": 1, "study": "HRA000073", "project_name": "Chinese Glioma Genome Altas (CGGA) - RNA-seq dataset (325)", "tumor_subtype": "Malignant Glioma"}, {"semantic_format": "METADATA_SAMPLE_INFO", "data_desc": "样本元数据", "count": 1, "study": "HRA000073", "project_name": "Chinese Glioma Genome Altas (CGGA) - RNA-seq dataset (325)", "tumor_subtype": "Malignant Glioma"}, {"semantic_format": "TABULAR_BIO_DATA", "data_desc": "基因表达矩阵/表格数据", "count": 3, "study": "HRA000073", "project_name": "Chinese Glioma Genome Altas (CGGA) - RNA-seq dataset (325)", "tumor_subtype": "Malignant Glioma"}]
class100096	class1_tool_recommend	single_tool	差异表达分析	T047	tcell_intervention	HRA001748	scRNA-seq of liver cancer	Liver Cancer	项目scRNA-seq of liver cancer中有单细胞表达矩阵 H5 数据，要完成差异表达分析，推荐使用哪个工具？	推荐工具 tcell_intervention（差异表达分析）。该工具需要输入：样本元数据、单细胞分析对象（RDS）数据、基因表达矩阵/表格数据（另需公共参考资源：参考基因组 FASTA）。图谱中项目 scRNA-seq of liver cancer 的 HRA001748（癌种：Liver Cancer）存在这些输入数据，共 204 个匹配文件（文件引用已脱敏）。	["METADATA_SAMPLE_INFO", "SCRNA_OBJECT_RDS", "TABULAR_BIO_DATA"]	["REFERENCE_GENOME_FASTA"]	["差异表达分析"]	["bulk_RNA", "sc-RNA"]		[{"semantic_format": "METADATA_SAMPLE_INFO", "data_desc": "样本元数据", "count": 2, "study": "HRA001748", "project_name": "scRNA-seq of liver cancer", "tumor_subtype": "Liver Cancer"}, {"semantic_format": "BIO_DATA_CONTAINER_OBJECT", "data_desc": "单细胞/复杂分析对象数据", "count": 10, "study": "HRA001748", "project_name": "scRNA-seq of liver cancer", "tumor_subtype": "Liver Cancer"}, {"semantic_format": "SCRNA_MATRIX_H5", "data_desc": "单细胞表达矩阵 H5 数据", "count": 160, "study": "HRA001748", "project_name": "scRNA-seq of liver cancer", "tumor_subtype": "Liver Cancer"}, {"semantic_format": "SCRNA_MATRIX_H5_ZIP", "data_desc": "单细胞表达矩阵压缩包数据", "count": 1, "study": "HRA001748", "project_name": "scRNA-seq of liver cancer", "tumor_subtype": "Liver Cancer"}, {"semantic_format": "TABULAR_BIO_DATA", "data_desc": "基因表达矩阵/表格数据", "count": 31, "study": "HRA001748", "project_name": "scRNA-seq of liver cancer", "tumor_subtype": "Liver Cancer"}]
class100097	class1_tool_recommend	single_tool	可视化与报告	T048	umap	HRA000073	Chinese Glioma Genome Altas (CGGA) - RNA-seq dataset (325)	Malignant Glioma	我拿到了Chinese Glioma Genome Altas (CGGA) - RNA-seq dataset (325)的基因表达矩阵/表格数据，目标是可视化与报告，应该选哪个工具？	推荐工具 umap（可视化与报告）。该工具需要输入：临床表型数据、样本元数据、基因表达矩阵/表格数据。图谱中项目 Chinese Glioma Genome Altas (CGGA) - RNA-seq dataset (325) 的 HRA000073（癌种：Malignant Glioma）存在这些输入数据，共 5 个匹配文件（文件引用已脱敏）。	["CLINICAL_DATA_EXCEL", "METADATA_SAMPLE_INFO", "TABULAR_BIO_DATA"]	[]	["可视化与报告"]	["Clinical", "bulk_RNA"]		[{"semantic_format": "CLINICAL_DATA_EXCEL", "data_desc": "临床表型数据", "count": 1, "study": "HRA000073", "project_name": "Chinese Glioma Genome Altas (CGGA) - RNA-seq dataset (325)", "tumor_subtype": "Malignant Glioma"}, {"semantic_format": "METADATA_SAMPLE_INFO", "data_desc": "样本元数据", "count": 1, "study": "HRA000073", "project_name": "Chinese Glioma Genome Altas (CGGA) - RNA-seq dataset (325)", "tumor_subtype": "Malignant Glioma"}, {"semantic_format": "TABULAR_BIO_DATA", "data_desc": "基因表达矩阵/表格数据", "count": 3, "study": "HRA000073", "project_name": "Chinese Glioma Genome Altas (CGGA) - RNA-seq dataset (325)", "tumor_subtype": "Malignant Glioma"}]
class100098	class1_tool_recommend	single_tool	DNA序列比对	T049	wes_somatic_pair	HRA000071	Chinese Glioma Genome Altas (CGGA) - WES dataset	Malignant Glioma	要完成DNA序列比对，手上有原始双端测序数据（R1），适合的工具是什么？	推荐工具 wes_somatic_pair（DNA序列比对）。该工具需要输入：变异 VCF 数据、原始双端测序数据（R1）、原始双端测序数据（R2）（另需公共参考资源：参考基因组 FASTA、目标区间列表）。图谱中项目 Chinese Glioma Genome Altas (CGGA) - WES dataset 的 HRA000071（癌种：Malignant Glioma）存在这些输入数据，共 2002 个匹配文件（文件引用已脱敏）。	["DNA_VARIANT_VCF_GENERAL", "RAW_PAIRED_END_R1_FASTQ", "RAW_PAIRED_END_R2_FASTQ"]	["REFERENCE_GENOME_FASTA", "TARGET_INTERVAL_LIST"]	["DNA序列比对", "体细胞变异检测", "变异注释", "变异质量校正", "可视化与报告", "测序质量评估"]	["WES", "WGS"]		[{"semantic_format": "DNA_SOMATIC_SV_VCF", "data_desc": "体细胞结构变异 VCF 数据", "count": 286, "study": "HRA000071", "project_name": "Chinese Glioma Genome Altas (CGGA) - WES dataset", "tumor_subtype": "Malignant Glioma"}, {"semantic_format": "DNA_VARIANT_VCF_GENERAL", "data_desc": "变异 VCF 数据", "count": 572, "study": "HRA000071", "project_name": "Chinese Glioma Genome Altas (CGGA) - WES dataset", "tumor_subtype": "Malignant Glioma"}, {"semantic_format": "RAW_PAIRED_END_R1_FASTQ", "data_desc": "原始双端测序数据（R1）", "count": 572, "study": "HRA000071", "project_name": "Chinese Glioma Genome Altas (CGGA) - WES dataset", "tumor_subtype": "Malignant Glioma"}, {"semantic_format": "RAW_PAIRED_END_R2_FASTQ", "data_desc": "原始双端测序数据（R2）", "count": 572, "study": "HRA000071", "project_name": "Chinese Glioma Genome Altas (CGGA) - WES dataset", "tumor_subtype": "Malignant Glioma"}]
class100099	class1_tool_recommend	single_tool	共表达网络分析	T050	wgcna_hub	HRA000073	Chinese Glioma Genome Altas (CGGA) - RNA-seq dataset (325)	Malignant Glioma	基于Chinese Glioma Genome Altas (CGGA) - RNA-seq dataset (325)的基因表达矩阵/表格数据做共表达网络分析，应该使用什么工具？	推荐工具 wgcna_hub（共表达网络分析）。该工具需要输入：临床表型数据、样本元数据、基因表达矩阵/表格数据。图谱中项目 Chinese Glioma Genome Altas (CGGA) - RNA-seq dataset (325) 的 HRA000073（癌种：Malignant Glioma）存在这些输入数据，共 5 个匹配文件（文件引用已脱敏）。	["CLINICAL_DATA_EXCEL", "METADATA_SAMPLE_INFO", "TABULAR_BIO_DATA"]	[]	["共表达网络分析"]	["Clinical", "bulk_RNA"]		[{"semantic_format": "CLINICAL_DATA_EXCEL", "data_desc": "临床表型数据", "count": 1, "study": "HRA000073", "project_name": "Chinese Glioma Genome Altas (CGGA) - RNA-seq dataset (325)", "tumor_subtype": "Malignant Glioma"}, {"semantic_format": "METADATA_SAMPLE_INFO", "data_desc": "样本元数据", "count": 1, "study": "HRA000073", "project_name": "Chinese Glioma Genome Altas (CGGA) - RNA-seq dataset (325)", "tumor_subtype": "Malignant Glioma"}, {"semantic_format": "TABULAR_BIO_DATA", "data_desc": "基因表达矩阵/表格数据", "count": 3, "study": "HRA000073", "project_name": "Chinese Glioma Genome Altas (CGGA) - RNA-seq dataset (325)", "tumor_subtype": "Malignant Glioma"}]
class100100	class1_tool_recommend	single_tool	共表达网络分析	T051	wgcna_module_trait	HRA000073	Chinese Glioma Genome Altas (CGGA) - RNA-seq dataset (325)	Malignant Glioma	我想对基因表达矩阵/表格数据完成共表达网络分析，应该用什么工具？	推荐工具 wgcna_module_trait（共表达网络分析）。该工具需要输入：临床表型数据、样本元数据、基因表达矩阵/表格数据。图谱中项目 Chinese Glioma Genome Altas (CGGA) - RNA-seq dataset (325) 的 HRA000073（癌种：Malignant Glioma）存在这些输入数据，共 5 个匹配文件（文件引用已脱敏）。	["CLINICAL_DATA_EXCEL", "METADATA_SAMPLE_INFO", "TABULAR_BIO_DATA"]	[]	["共表达网络分析"]	["Clinical", "bulk_RNA"]		[{"semantic_format": "CLINICAL_DATA_EXCEL", "data_desc": "临床表型数据", "count": 1, "study": "HRA000073", "project_name": "Chinese Glioma Genome Altas (CGGA) - RNA-seq dataset (325)", "tumor_subtype": "Malignant Glioma"}, {"semantic_format": "METADATA_SAMPLE_INFO", "data_desc": "样本元数据", "count": 1, "study": "HRA000073", "project_name": "Chinese Glioma Genome Altas (CGGA) - RNA-seq dataset (325)", "tumor_subtype": "Malignant Glioma"}, {"semantic_format": "TABULAR_BIO_DATA", "data_desc": "基因表达矩阵/表格数据", "count": 3, "study": "HRA000073", "project_name": "Chinese Glioma Genome Altas (CGGA) - RNA-seq dataset (325)", "tumor_subtype": "Malignant Glioma"}]
class100101	class1_tool_recommend	single_tool	变异过滤与处理	T052	gatk_germline_cohort	HRA001272	Integrated genomic and transcriptomic profiling dissects spatiotemporal evolution of metastatic hepatocellular carcinoma	Hepatocellular carcinoma	项目Integrated genomic and transcriptomic profiling dissects spatiotemporal evolution of metastatic hepatocellular carcinoma中有转录组比对 BAM 数据，要完成变异过滤与处理，推荐使用哪个工具？	推荐工具 gatk_germline_cohort（变异过滤与处理）。该工具需要输入：临床表型数据、基因组比对 BAM 数据、VCF 索引数据、变异 VCF 数据、样本元数据（另需公共参考资源：参考基因组 FASTA、目标区间列表）。图谱中项目 Integrated genomic and transcriptomic profiling dissects spatiotemporal evolution of metastatic hepatocellular carcinoma 的 HRA001272（癌种：Hepatocellular carcinoma）存在这些输入数据，共 3618 个匹配文件（文件引用已脱敏）。	["CLINICAL_DATA_EXCEL", "DNA_GENOMIC_ALIGNMENT_BAM", "DNA_VARIANT_INDEX_TBI", "DNA_VARIANT_VCF_GENERAL", "METADATA_SAMPLE_INFO"]	["REFERENCE_GENOME_FASTA", "TARGET_INTERVAL_LIST"]	["变异过滤与处理", "胚系变异检测"]	["Clinical", "WES", "WGS"]		[{"semantic_format": "CLINICAL_DATA_EXCEL", "data_desc": "临床表型数据", "count": 1, "study": "HRA001272", "project_name": "Integrated genomic and transcriptomic profiling dissects spatiotemporal evolution of metastatic hepatocellular carcinoma", "tumor_subtype": "Hepatocellular carcinoma"}, {"semantic_format": "DNA_ALIGNMENT_BQSR_BAM", "data_desc": "碱基质量校正后的比对 BAM 数据", "count": 750, "study": "HRA001272", "project_name": "Integrated genomic and transcriptomic profiling dissects spatiotemporal evolution of metastatic hepatocellular carcinoma", "tumor_subtype": "Hepatocellular carcinoma"}, {"semantic_format": "RNA_TRANSCRIPTOME_ALIGNMENT_BAM", "data_desc": "转录组比对 BAM 数据", "count": 430, "study": "HRA001272", "project_name": "Integrated genomic and transcriptomic profiling dissects spatiotemporal evolution of metastatic hepatocellular carcinoma", "tumor_subtype": "Hepatocellular carcinoma"}, {"semantic_format": "DNA_VARIANT_INDEX_TBI", "data_desc": "VCF 索引数据", "count": 527, "study": "HRA001272", "project_name": "Integrated genomic and transcriptomic profiling dissects spatiotemporal evolution of metastatic hepatocellular carcinoma", "tumor_subtype": "Hepatocellular carcinoma"}, {"semantic_format": "DNA_VARIANT_VCF_GENERAL", "data_desc": "变异 VCF 数据", "count": 1909, "study": "HRA001272", "project_name": "Integrated genomic and transcriptomic profiling dissects spatiotemporal evolution of metastatic hepatocellular carcinoma", "tumor_subtype": "Hepatocellular carcinoma"}, {"semantic_format": "METADATA_SAMPLE_INFO", "data_desc": "样本元数据", "count": 1, "study": "HRA001272", "project_name": "Integrated genomic and transcriptomic profiling dissects spatiotemporal evolution of metastatic hepatocellular carcinoma", "tumor_subtype": "Hepatocellular carcinoma"}]
class100102	class1_tool_recommend	single_tool	结构变异检测	T053	manta_structural_variants	HRA000071	Chinese Glioma Genome Altas (CGGA) - WES dataset	Malignant Glioma	我拿到了Chinese Glioma Genome Altas (CGGA) - WES dataset的碱基质量校正后的比对 BAM 数据，目标是结构变异检测，应该选哪个工具？	推荐工具 manta_structural_variants（结构变异检测）。该工具需要输入：基因组比对 BAM 数据（另需公共参考资源：参考基因组 FASTA）。图谱中项目 Chinese Glioma Genome Altas (CGGA) - WES dataset 的 HRA000071（癌种：Malignant Glioma）存在这些输入数据，共 572 个匹配文件（文件引用已脱敏）。	["DNA_GENOMIC_ALIGNMENT_BAM"]	["REFERENCE_GENOME_FASTA"]	["结构变异检测"]	["WES", "WGS"]		[{"semantic_format": "DNA_ALIGNMENT_BQSR_BAM", "data_desc": "碱基质量校正后的比对 BAM 数据", "count": 572, "study": "HRA000071", "project_name": "Chinese Glioma Genome Altas (CGGA) - WES dataset", "tumor_subtype": "Malignant Glioma"}]
class100103	class1_tool_recommend	single_tool	基因融合检测	T054	star_fusion	HRA000071	Chinese Glioma Genome Altas (CGGA) - WES dataset	Malignant Glioma	要完成基因融合检测，手上有原始双端测序数据（R1），适合的工具是什么？	推荐工具 star_fusion（基因融合检测）。该工具需要输入：样本元数据、原始双端测序数据（R1）、原始双端测序数据（R2）。图谱中项目 Chinese Glioma Genome Altas (CGGA) - WES dataset 的 HRA000071（癌种：Malignant Glioma）存在这些输入数据，共 1145 个匹配文件（文件引用已脱敏）。	["METADATA_SAMPLE_INFO", "RAW_PAIRED_END_R1_FASTQ", "RAW_PAIRED_END_R2_FASTQ"]	[]	["基因融合检测"]	["Clinical", "bulk_RNA"]		[{"semantic_format": "METADATA_SAMPLE_INFO", "data_desc": "样本元数据", "count": 1, "study": "HRA000071", "project_name": "Chinese Glioma Genome Altas (CGGA) - WES dataset", "tumor_subtype": "Malignant Glioma"}, {"semantic_format": "RAW_PAIRED_END_R1_FASTQ", "data_desc": "原始双端测序数据（R1）", "count": 572, "study": "HRA000071", "project_name": "Chinese Glioma Genome Altas (CGGA) - WES dataset", "tumor_subtype": "Malignant Glioma"}, {"semantic_format": "RAW_PAIRED_END_R2_FASTQ", "data_desc": "原始双端测序数据（R2）", "count": 572, "study": "HRA000071", "project_name": "Chinese Glioma Genome Altas (CGGA) - WES dataset", "tumor_subtype": "Malignant Glioma"}]
class100104	class1_tool_recommend	single_tool	接头与低质量序列修剪	T001	fastp	HRA000873	Whole  exome sequencing  of patients with CRC from the Changkang project	Colorectal Cancer	基于Whole  exome sequencing  of patients with CRC from the Changkang project的原始双端测序数据（R1）做接头与低质量序列修剪，应该使用什么工具？	推荐工具 fastp（接头与低质量序列修剪）。该工具需要输入：原始双端测序数据（R1）、原始双端测序数据（R2）。图谱中项目 Whole  exome sequencing  of patients with CRC from the Changkang project 的 HRA000873（癌种：Colorectal Cancer）存在这些输入数据，共 4060 个匹配文件（文件引用已脱敏）。	["RAW_PAIRED_END_R1_FASTQ", "RAW_PAIRED_END_R2_FASTQ"]	[]	["接头与低质量序列修剪", "测序质量评估"]	["WES"]		[{"semantic_format": "RAW_PAIRED_END_R1_FASTQ", "data_desc": "原始双端测序数据（R1）", "count": 2030, "study": "HRA000873", "project_name": "Whole  exome sequencing  of patients with CRC from the Changkang project", "tumor_subtype": "Colorectal Cancer"}, {"semantic_format": "RAW_PAIRED_END_R2_FASTQ", "data_desc": "原始双端测序数据（R2）", "count": 2030, "study": "HRA000873", "project_name": "Whole  exome sequencing  of patients with CRC from the Changkang project", "tumor_subtype": "Colorectal Cancer"}]
class100105	class1_tool_recommend	single_tool	测序质量评估	T002	fastqc	HRA000071	Chinese Glioma Genome Altas (CGGA) - WES dataset	Malignant Glioma	我想对原始双端测序数据（R1）完成测序质量评估，应该用什么工具？	推荐工具 fastqc（测序质量评估）。该工具需要输入：原始单端测序数据。图谱中项目 Chinese Glioma Genome Altas (CGGA) - WES dataset 的 HRA000071（癌种：Malignant Glioma）存在这些输入数据，共 1144 个匹配文件（文件引用已脱敏）。	["RAW_SINGLE_END_FASTQ"]	[]	["可视化与报告", "测序质量评估"]	["WES", "WGS", "bulk_RNA", "sc-RNA"]		[{"semantic_format": "RAW_PAIRED_END_R1_FASTQ", "data_desc": "原始双端测序数据（R1）", "count": 572, "study": "HRA000071", "project_name": "Chinese Glioma Genome Altas (CGGA) - WES dataset", "tumor_subtype": "Malignant Glioma"}, {"semantic_format": "RAW_PAIRED_END_R2_FASTQ", "data_desc": "原始双端测序数据（R2）", "count": 572, "study": "HRA000071", "project_name": "Chinese Glioma Genome Altas (CGGA) - WES dataset", "tumor_subtype": "Malignant Glioma"}]
class100106	class1_tool_recommend	single_tool	单细胞比对与定量	T003	cellranger_workflow	HRA000122	Integrated Genomic Analyses Identify High-Risk Factors Associated with Poor Outcomes of T-ALL	Acute T cell leukemia	项目Integrated Genomic Analyses Identify High-Risk Factors Associated with Poor Outcomes of T-ALL中有原始双端测序数据（R1），要完成单细胞比对与定量，推荐使用哪个工具？	推荐工具 cellranger_workflow（单细胞比对与定量）。该工具需要输入：基因组比对 BAM 数据、原始单端测序数据。图谱中项目 Integrated Genomic Analyses Identify High-Risk Factors Associated with Poor Outcomes of T-ALL 的 HRA000122（癌种：Acute T cell leukemia）存在这些输入数据，共 820 个匹配文件（文件引用已脱敏）。	["DNA_GENOMIC_ALIGNMENT_BAM", "RAW_SINGLE_END_FASTQ"]	[]	["单细胞比对与定量", "可视化与报告", "测序质量评估"]	["bulk_RNA", "sc-RNA"]		[{"semantic_format": "RNA_TRANSCRIPTOME_ALIGNMENT_BAM", "data_desc": "转录组比对 BAM 数据", "count": 124, "study": "HRA000122", "project_name": "Integrated Genomic Analyses Identify High-Risk Factors Associated with Poor Outcomes of T-ALL", "tumor_subtype": "Acute T cell leukemia"}, {"semantic_format": "RAW_PAIRED_END_R1_FASTQ", "data_desc": "原始双端测序数据（R1）", "count": 348, "study": "HRA000122", "project_name": "Integrated Genomic Analyses Identify High-Risk Factors Associated with Poor Outcomes of T-ALL", "tumor_subtype": "Acute T cell leukemia"}, {"semantic_format": "RAW_PAIRED_END_R2_FASTQ", "data_desc": "原始双端测序数据（R2）", "count": 348, "study": "HRA000122", "project_name": "Integrated Genomic Analyses Identify High-Risk Factors Associated with Poor Outcomes of T-ALL", "tumor_subtype": "Acute T cell leukemia"}]
class100107	class1_tool_recommend	single_tool	接头与低质量序列修剪	T004	trim_galore	HRA000087	Single-cell RNA analysis reveals an epithelial-immune dual feature of tumor cells in nasopharyngeal carcinoma	Nasopharynx Carcinoma	我拿到了Single-cell RNA analysis reveals an epithelial-immune dual feature of tumor cells in nasopharyngeal carcinoma的原始双端测序数据（R1），目标是接头与低质量序列修剪，应该选哪个工具？	推荐工具 trim_galore（接头与低质量序列修剪）。该工具需要输入：原始双端测序数据（R1）、原始双端测序数据（R2）。图谱中项目 Single-cell RNA analysis reveals an epithelial-immune dual feature of tumor cells in nasopharyngeal carcinoma 的 HRA000087（癌种：Nasopharynx Carcinoma）存在这些输入数据，共 3106 个匹配文件（文件引用已脱敏）。	["RAW_PAIRED_END_R1_FASTQ", "RAW_PAIRED_END_R2_FASTQ"]	[]	["接头与低质量序列修剪"]	["bulk_RNA"]		[{"semantic_format": "RAW_PAIRED_END_R1_FASTQ", "data_desc": "原始双端测序数据（R1）", "count": 1553, "study": "HRA000087", "project_name": "Single-cell RNA analysis reveals an epithelial-immune dual feature of tumor cells in nasopharyngeal carcinoma", "tumor_subtype": "Nasopharynx Carcinoma"}, {"semantic_format": "RAW_PAIRED_END_R2_FASTQ", "data_desc": "原始双端测序数据（R2）", "count": 1553, "study": "HRA000087", "project_name": "Single-cell RNA analysis reveals an epithelial-immune dual feature of tumor cells in nasopharyngeal carcinoma", "tumor_subtype": "Nasopharynx Carcinoma"}]
class100108	class1_tool_recommend	single_tool	RNA序列比对	T005	star	HRA000087	Single-cell RNA analysis reveals an epithelial-immune dual feature of tumor cells in nasopharyngeal carcinoma	Nasopharynx Carcinoma	要完成RNA序列比对，手上有原始双端测序数据（R1），适合的工具是什么？	推荐工具 star（RNA序列比对）。该工具需要输入：原始双端测序数据（R1）、原始双端测序数据（R2）（另需公共参考资源：参考基因组 FASTA）。图谱中项目 Single-cell RNA analysis reveals an epithelial-immune dual feature of tumor cells in nasopharyngeal carcinoma 的 HRA000087（癌种：Nasopharynx Carcinoma）存在这些输入数据，共 3106 个匹配文件（文件引用已脱敏）。	["RAW_PAIRED_END_R1_FASTQ", "RAW_PAIRED_END_R2_FASTQ"]	["REFERENCE_GENOME_FASTA"]	["RNA序列比对"]	["bulk_RNA"]		[{"semantic_format": "RAW_PAIRED_END_R1_FASTQ", "data_desc": "原始双端测序数据（R1）", "count": 1553, "study": "HRA000087", "project_name": "Single-cell RNA analysis reveals an epithelial-immune dual feature of tumor cells in nasopharyngeal carcinoma", "tumor_subtype": "Nasopharynx Carcinoma"}, {"semantic_format": "RAW_PAIRED_END_R2_FASTQ", "data_desc": "原始双端测序数据（R2）", "count": 1553, "study": "HRA000087", "project_name": "Single-cell RNA analysis reveals an epithelial-immune dual feature of tumor cells in nasopharyngeal carcinoma", "tumor_subtype": "Nasopharynx Carcinoma"}]
class100109	class1_tool_recommend	single_tool	DNA序列比对	T006	bwa	HRA000873	Whole  exome sequencing  of patients with CRC from the Changkang project	Colorectal Cancer	基于Whole  exome sequencing  of patients with CRC from the Changkang project的原始双端测序数据（R1）做DNA序列比对，应该使用什么工具？	推荐工具 bwa（DNA序列比对）。该工具需要输入：原始双端测序数据（R1）、原始双端测序数据（R2）（另需公共参考资源：参考基因组 FASTA）。图谱中项目 Whole  exome sequencing  of patients with CRC from the Changkang project 的 HRA000873（癌种：Colorectal Cancer）存在这些输入数据，共 4060 个匹配文件（文件引用已脱敏）。	["RAW_PAIRED_END_R1_FASTQ", "RAW_PAIRED_END_R2_FASTQ"]	["REFERENCE_GENOME_FASTA"]	["DNA序列比对"]	["WES"]		[{"semantic_format": "RAW_PAIRED_END_R1_FASTQ", "data_desc": "原始双端测序数据（R1）", "count": 2030, "study": "HRA000873", "project_name": "Whole  exome sequencing  of patients with CRC from the Changkang project", "tumor_subtype": "Colorectal Cancer"}, {"semantic_format": "RAW_PAIRED_END_R2_FASTQ", "data_desc": "原始双端测序数据（R2）", "count": 2030, "study": "HRA000873", "project_name": "Whole  exome sequencing  of patients with CRC from the Changkang project", "tumor_subtype": "Colorectal Cancer"}]
class100110	class1_tool_recommend	single_tool	比对后处理与去重	T007	samtools	HRA000073	Chinese Glioma Genome Altas (CGGA) - RNA-seq dataset (325)	Malignant Glioma	我想对转录组比对 BAM 数据完成比对后处理与去重，应该用什么工具？	推荐工具 samtools（比对后处理与去重）。该工具需要输入：基因组比对 BAM 数据。图谱中项目 Chinese Glioma Genome Altas (CGGA) - RNA-seq dataset (325) 的 HRA000073（癌种：Malignant Glioma）存在这些输入数据，共 325 个匹配文件（文件引用已脱敏）。	["DNA_GENOMIC_ALIGNMENT_BAM"]	[]	["比对后处理与去重"]	["WES", "WGS", "bulk_RNA"]		[{"semantic_format": "RNA_TRANSCRIPTOME_ALIGNMENT_BAM", "data_desc": "转录组比对 BAM 数据", "count": 325, "study": "HRA000073", "project_name": "Chinese Glioma Genome Altas (CGGA) - RNA-seq dataset (325)", "tumor_subtype": "Malignant Glioma"}]
class100111	class1_tool_recommend	single_tool	体细胞变异检测	T008	gatk	HRA000873	Whole  exome sequencing  of patients with CRC from the Changkang project	Colorectal Cancer	项目Whole  exome sequencing  of patients with CRC from the Changkang project中有碱基质量校正后的比对 BAM 数据，要完成体细胞变异检测，推荐使用哪个工具？	推荐工具 gatk（体细胞变异检测）。该工具需要输入：基因组比对 BAM 数据（另需公共参考资源：参考基因组 FASTA、目标区间列表）。图谱中项目 Whole  exome sequencing  of patients with CRC from the Changkang project 的 HRA000873（癌种：Colorectal Cancer）存在这些输入数据，共 2030 个匹配文件（文件引用已脱敏）。	["DNA_GENOMIC_ALIGNMENT_BAM"]	["REFERENCE_GENOME_FASTA", "TARGET_INTERVAL_LIST"]	["体细胞变异检测", "变异质量校正"]	["WES"]		[{"semantic_format": "DNA_ALIGNMENT_BQSR_BAM", "data_desc": "碱基质量校正后的比对 BAM 数据", "count": 2030, "study": "HRA000873", "project_name": "Whole  exome sequencing  of patients with CRC from the Changkang project", "tumor_subtype": "Colorectal Cancer"}]
class100112	class1_tool_recommend	single_tool	变异过滤与处理	T009	bcftools	HRA006499	Pharmacogenomic profiling of intra-tumor heterogeneity by a large organoid biobank of liver cancer	Liver Cancer	我拿到了Pharmacogenomic profiling of intra-tumor heterogeneity by a large organoid biobank of liver cancer的变异 VCF 数据，目标是变异过滤与处理，应该选哪个工具？	推荐工具 bcftools（变异过滤与处理）。该工具需要输入：VCF 索引数据、变异 VCF 数据（另需公共参考资源：参考基因组 FASTA）。图谱中项目 Pharmacogenomic profiling of intra-tumor heterogeneity by a large organoid biobank of liver cancer 的 HRA006499（癌种：Liver Cancer）存在这些输入数据，共 2028 个匹配文件（文件引用已脱敏）。	["DNA_VARIANT_INDEX_TBI", "DNA_VARIANT_VCF_GENERAL"]	["REFERENCE_GENOME_FASTA"]	["变异过滤与处理", "可视化与报告"]	["WES"]		[{"semantic_format": "DNA_VARIANT_INDEX_TBI", "data_desc": "VCF 索引数据", "count": 1014, "study": "HRA006499", "project_name": "Pharmacogenomic profiling of intra-tumor heterogeneity by a large organoid biobank of liver cancer", "tumor_subtype": "Liver Cancer"}, {"semantic_format": "DNA_VARIANT_VCF_GENERAL", "data_desc": "变异 VCF 数据", "count": 1014, "study": "HRA006499", "project_name": "Pharmacogenomic profiling of intra-tumor heterogeneity by a large organoid biobank of liver cancer", "tumor_subtype": "Liver Cancer"}]
class100113	class1_tool_recommend	single_tool	变异注释	T010	snpeff	HRA000873	Whole  exome sequencing  of patients with CRC from the Changkang project	Colorectal Cancer	要完成变异注释，手上有变异 VCF 数据，适合的工具是什么？	推荐工具 snpeff（变异注释）。该工具需要输入：变异 VCF 数据（另需公共参考资源：参考基因组 FASTA）。图谱中项目 Whole  exome sequencing  of patients with CRC from the Changkang project 的 HRA000873（癌种：Colorectal Cancer）存在这些输入数据，共 3045 个匹配文件（文件引用已脱敏）。	["DNA_VARIANT_VCF_GENERAL"]	["REFERENCE_GENOME_FASTA"]	["变异注释", "可视化与报告"]	["WES", "WGS"]		[{"semantic_format": "DNA_VARIANT_VCF_GENERAL", "data_desc": "变异 VCF 数据", "count": 3045, "study": "HRA000873", "project_name": "Whole  exome sequencing  of patients with CRC from the Changkang project", "tumor_subtype": "Colorectal Cancer"}]
class100114	class1_tool_recommend	single_tool	表达定量	T011	rsem	HRA000122	Integrated Genomic Analyses Identify High-Risk Factors Associated with Poor Outcomes of T-ALL	Acute T cell leukemia	基于Integrated Genomic Analyses Identify High-Risk Factors Associated with Poor Outcomes of T-ALL的转录组比对 BAM 数据做表达定量，应该使用什么工具？	推荐工具 rsem（表达定量）。该工具需要输入：转录组比对 BAM 数据。图谱中项目 Integrated Genomic Analyses Identify High-Risk Factors Associated with Poor Outcomes of T-ALL 的 HRA000122（癌种：Acute T cell leukemia）存在这些输入数据，共 124 个匹配文件（文件引用已脱敏）。	["RNA_TRANSCRIPTOME_ALIGNMENT_BAM"]	[]	["表达定量"]	["bulk_RNA"]		[{"semantic_format": "RNA_TRANSCRIPTOME_ALIGNMENT_BAM", "data_desc": "转录组比对 BAM 数据", "count": 124, "study": "HRA000122", "project_name": "Integrated Genomic Analyses Identify High-Risk Factors Associated with Poor Outcomes of T-ALL", "tumor_subtype": "Acute T cell leukemia"}]
class100115	class1_tool_recommend	single_tool	表达定量	T012	featurecounts	HRA000122	Integrated Genomic Analyses Identify High-Risk Factors Associated with Poor Outcomes of T-ALL	Acute T cell leukemia	我想对转录组比对 BAM 数据完成表达定量，应该用什么工具？	推荐工具 featurecounts（表达定量）。该工具需要输入：基因组比对 BAM 数据。图谱中项目 Integrated Genomic Analyses Identify High-Risk Factors Associated with Poor Outcomes of T-ALL 的 HRA000122（癌种：Acute T cell leukemia）存在这些输入数据，共 124 个匹配文件（文件引用已脱敏）。	["DNA_GENOMIC_ALIGNMENT_BAM"]	[]	["表达定量"]	["bulk_RNA"]		[{"semantic_format": "RNA_TRANSCRIPTOME_ALIGNMENT_BAM", "data_desc": "转录组比对 BAM 数据", "count": 124, "study": "HRA000122", "project_name": "Integrated Genomic Analyses Identify High-Risk Factors Associated with Poor Outcomes of T-ALL", "tumor_subtype": "Acute T cell leukemia"}]
class100116	class1_tool_recommend	single_tool	功能富集分析	T014	diff_expr_go	HRA000087	Single-cell RNA analysis reveals an epithelial-immune dual feature of tumor cells in nasopharyngeal carcinoma	Nasopharynx Carcinoma	项目Single-cell RNA analysis reveals an epithelial-immune dual feature of tumor cells in nasopharyngeal carcinoma中有基因表达矩阵/表格数据，要完成功能富集分析，推荐使用哪个工具？	推荐工具 diff_expr_go（功能富集分析）。该工具需要输入：基因表达矩阵/表格数据。图谱中项目 Single-cell RNA analysis reveals an epithelial-immune dual feature of tumor cells in nasopharyngeal carcinoma 的 HRA000087（癌种：Nasopharynx Carcinoma）存在这些输入数据，共 9 个匹配文件（文件引用已脱敏）。	["TABULAR_BIO_DATA"]	[]	["功能富集分析", "差异表达分析"]	["bulk_RNA"]		[{"semantic_format": "TABULAR_BIO_DATA", "data_desc": "基因表达矩阵/表格数据", "count": 9, "study": "HRA000087", "project_name": "Single-cell RNA analysis reveals an epithelial-immune dual feature of tumor cells in nasopharyngeal carcinoma", "tumor_subtype": "Nasopharynx Carcinoma"}]
class100117	class1_tool_recommend	single_tool	功能富集分析	T015	diff_expr_kegg	HRA000087	Single-cell RNA analysis reveals an epithelial-immune dual feature of tumor cells in nasopharyngeal carcinoma	Nasopharynx Carcinoma	我拿到了Single-cell RNA analysis reveals an epithelial-immune dual feature of tumor cells in nasopharyngeal carcinoma的基因表达矩阵/表格数据，目标是功能富集分析，应该选哪个工具？	推荐工具 diff_expr_kegg（功能富集分析）。该工具需要输入：基因表达矩阵/表格数据。图谱中项目 Single-cell RNA analysis reveals an epithelial-immune dual feature of tumor cells in nasopharyngeal carcinoma 的 HRA000087（癌种：Nasopharynx Carcinoma）存在这些输入数据，共 9 个匹配文件（文件引用已脱敏）。	["TABULAR_BIO_DATA"]	[]	["功能富集分析", "差异表达分析"]	["bulk_RNA"]		[{"semantic_format": "TABULAR_BIO_DATA", "data_desc": "基因表达矩阵/表格数据", "count": 9, "study": "HRA000087", "project_name": "Single-cell RNA analysis reveals an epithelial-immune dual feature of tumor cells in nasopharyngeal carcinoma", "tumor_subtype": "Nasopharynx Carcinoma"}]
class100118	class1_tool_recommend	single_tool	突变景观与可视化	T016	driver_gene_gender_analysis	HRA001272	Integrated genomic and transcriptomic profiling dissects spatiotemporal evolution of metastatic hepatocellular carcinoma	Hepatocellular carcinoma	要完成突变景观与可视化，手上有体细胞突变 MAF 数据，适合的工具是什么？	推荐工具 driver_gene_gender_analysis（突变景观与可视化）。该工具需要输入：临床表型数据、体细胞突变 MAF 数据。图谱中项目 Integrated genomic and transcriptomic profiling dissects spatiotemporal evolution of metastatic hepatocellular carcinoma 的 HRA001272（癌种：Hepatocellular carcinoma）存在这些输入数据，共 487 个匹配文件（文件引用已脱敏）。	["CLINICAL_DATA_EXCEL", "MUTATION_ANNOTATION_FORMAT_MAF"]	[]	["可视化与报告", "突变景观与可视化"]	["Clinical", "WES"]		[{"semantic_format": "CLINICAL_DATA_EXCEL", "data_desc": "临床表型数据", "count": 1, "study": "HRA001272", "project_name": "Integrated genomic and transcriptomic profiling dissects spatiotemporal evolution of metastatic hepatocellular carcinoma", "tumor_subtype": "Hepatocellular carcinoma"}, {"semantic_format": "MUTATION_ANNOTATION_FORMAT_MAF", "data_desc": "体细胞突变 MAF 数据", "count": 486, "study": "HRA001272", "project_name": "Integrated genomic and transcriptomic profiling dissects spatiotemporal evolution of metastatic hepatocellular carcinoma", "tumor_subtype": "Hepatocellular carcinoma"}]
class100119	class1_tool_recommend	single_tool	生存分析	T017	her2_pfs_survival	HRA000074	Chinese Glioma Genome Altas (CGGA) - RNA-seq dataset (693)	High grade glioma	基于Chinese Glioma Genome Altas (CGGA) - RNA-seq dataset (693)的基因表达矩阵/表格数据做生存分析，应该使用什么工具？	推荐工具 her2_pfs_survival（生存分析）。该工具需要输入：临床表型数据、基因表达矩阵/表格数据。图谱中项目 Chinese Glioma Genome Altas (CGGA) - RNA-seq dataset (693) 的 HRA000074（癌种：High grade glioma）存在这些输入数据，共 4 个匹配文件（文件引用已脱敏）。	["CLINICAL_DATA_EXCEL", "TABULAR_BIO_DATA"]	[]	["可视化与报告", "生存分析"]	["Clinical", "bulk_RNA"]		[{"semantic_format": "CLINICAL_DATA_EXCEL", "data_desc": "临床表型数据", "count": 1, "study": "HRA000074", "project_name": "Chinese Glioma Genome Altas (CGGA) - RNA-seq dataset (693)", "tumor_subtype": "High grade glioma"}, {"semantic_format": "TABULAR_BIO_DATA", "data_desc": "基因表达矩阵/表格数据", "count": 3, "study": "HRA000074", "project_name": "Chinese Glioma Genome Altas (CGGA) - RNA-seq dataset (693)", "tumor_subtype": "High grade glioma"}]
class100120	class1_tool_recommend	single_tool	免疫浸润与微环境分析	T018	immune_infiltration_iobr	HRA000074	Chinese Glioma Genome Altas (CGGA) - RNA-seq dataset (693)	High grade glioma	我想对基因表达矩阵/表格数据完成免疫浸润与微环境分析，应该用什么工具？	推荐工具 immune_infiltration_iobr（免疫浸润与微环境分析）。该工具需要输入：临床表型数据、基因表达矩阵/表格数据。图谱中项目 Chinese Glioma Genome Altas (CGGA) - RNA-seq dataset (693) 的 HRA000074（癌种：High grade glioma）存在这些输入数据，共 4 个匹配文件（文件引用已脱敏）。	["CLINICAL_DATA_EXCEL", "TABULAR_BIO_DATA"]	[]	["免疫浸润与微环境分析", "可视化与报告"]	["Clinical", "bulk_RNA"]		[{"semantic_format": "CLINICAL_DATA_EXCEL", "data_desc": "临床表型数据", "count": 1, "study": "HRA000074", "project_name": "Chinese Glioma Genome Altas (CGGA) - RNA-seq dataset (693)", "tumor_subtype": "High grade glioma"}, {"semantic_format": "TABULAR_BIO_DATA", "data_desc": "基因表达矩阵/表格数据", "count": 3, "study": "HRA000074", "project_name": "Chinese Glioma Genome Altas (CGGA) - RNA-seq dataset (693)", "tumor_subtype": "High grade glioma"}]
class100121	class1_tool_recommend	single_tool	序列格式转换	T019	paired_fastq_to_unmapped_bam	HRA000873	Whole  exome sequencing  of patients with CRC from the Changkang project	Colorectal Cancer	项目Whole  exome sequencing  of patients with CRC from the Changkang project中有原始双端测序数据（R1），要完成序列格式转换，推荐使用哪个工具？	推荐工具 paired_fastq_to_unmapped_bam（序列格式转换）。该工具需要输入：基因组比对 BAM 数据、原始双端测序数据（R1）、原始双端测序数据（R2）。图谱中项目 Whole  exome sequencing  of patients with CRC from the Changkang project 的 HRA000873（癌种：Colorectal Cancer）存在这些输入数据，共 6090 个匹配文件（文件引用已脱敏）。	["DNA_GENOMIC_ALIGNMENT_BAM", "RAW_PAIRED_END_R1_FASTQ", "RAW_PAIRED_END_R2_FASTQ"]	[]	["序列格式转换"]	["WES"]		[{"semantic_format": "DNA_ALIGNMENT_BQSR_BAM", "data_desc": "碱基质量校正后的比对 BAM 数据", "count": 2030, "study": "HRA000873", "project_name": "Whole  exome sequencing  of patients with CRC from the Changkang project", "tumor_subtype": "Colorectal Cancer"}, {"semantic_format": "RAW_PAIRED_END_R1_FASTQ", "data_desc": "原始双端测序数据（R1）", "count": 2030, "study": "HRA000873", "project_name": "Whole  exome sequencing  of patients with CRC from the Changkang project", "tumor_subtype": "Colorectal Cancer"}, {"semantic_format": "RAW_PAIRED_END_R2_FASTQ", "data_desc": "原始双端测序数据（R2）", "count": 2030, "study": "HRA000873", "project_name": "Whole  exome sequencing  of patients with CRC from the Changkang project", "tumor_subtype": "Colorectal Cancer"}]
class100122	class1_tool_recommend	single_tool	无监督聚类分析	T020	rnaseq_unsupervised_cluster	HRA000087	Single-cell RNA analysis reveals an epithelial-immune dual feature of tumor cells in nasopharyngeal carcinoma	Nasopharynx Carcinoma	我拿到了Single-cell RNA analysis reveals an epithelial-immune dual feature of tumor cells in nasopharyngeal carcinoma的基因表达矩阵/表格数据，目标是无监督聚类分析，应该选哪个工具？	推荐工具 rnaseq_unsupervised_cluster（无监督聚类分析）。该工具需要输入：基因表达矩阵/表格数据。图谱中项目 Single-cell RNA analysis reveals an epithelial-immune dual feature of tumor cells in nasopharyngeal carcinoma 的 HRA000087（癌种：Nasopharynx Carcinoma）存在这些输入数据，共 9 个匹配文件（文件引用已脱敏）。	["TABULAR_BIO_DATA"]	[]	["可视化与报告", "无监督聚类分析"]	["bulk_RNA"]		[{"semantic_format": "TABULAR_BIO_DATA", "data_desc": "基因表达矩阵/表格数据", "count": 9, "study": "HRA000087", "project_name": "Single-cell RNA analysis reveals an epithelial-immune dual feature of tumor cells in nasopharyngeal carcinoma", "tumor_subtype": "Nasopharynx Carcinoma"}]
class100123	class1_tool_recommend	single_tool	生存分析	T021	survival_analysis	HRA001272	Integrated genomic and transcriptomic profiling dissects spatiotemporal evolution of metastatic hepatocellular carcinoma	Hepatocellular carcinoma	要完成生存分析，手上有体细胞突变 MAF 数据，适合的工具是什么？	推荐工具 survival_analysis（生存分析）。该工具需要输入：临床表型数据、体细胞突变 MAF 数据。图谱中项目 Integrated genomic and transcriptomic profiling dissects spatiotemporal evolution of metastatic hepatocellular carcinoma 的 HRA001272（癌种：Hepatocellular carcinoma）存在这些输入数据，共 487 个匹配文件（文件引用已脱敏）。	["CLINICAL_DATA_EXCEL", "MUTATION_ANNOTATION_FORMAT_MAF"]	[]	["生存分析"]	["Clinical", "WES"]		[{"semantic_format": "CLINICAL_DATA_EXCEL", "data_desc": "临床表型数据", "count": 1, "study": "HRA001272", "project_name": "Integrated genomic and transcriptomic profiling dissects spatiotemporal evolution of metastatic hepatocellular carcinoma", "tumor_subtype": "Hepatocellular carcinoma"}, {"semantic_format": "MUTATION_ANNOTATION_FORMAT_MAF", "data_desc": "体细胞突变 MAF 数据", "count": 486, "study": "HRA001272", "project_name": "Integrated genomic and transcriptomic profiling dissects spatiotemporal evolution of metastatic hepatocellular carcinoma", "tumor_subtype": "Hepatocellular carcinoma"}]
class100124	class1_tool_recommend	single_tool	生存分析	T022	tmb_survival_analysis	HRA001272	Integrated genomic and transcriptomic profiling dissects spatiotemporal evolution of metastatic hepatocellular carcinoma	Hepatocellular carcinoma	基于Integrated genomic and transcriptomic profiling dissects spatiotemporal evolution of metastatic hepatocellular carcinoma的体细胞突变 MAF 数据做生存分析，应该使用什么工具？	推荐工具 tmb_survival_analysis（生存分析）。该工具需要输入：临床表型数据、体细胞突变 MAF 数据。图谱中项目 Integrated genomic and transcriptomic profiling dissects spatiotemporal evolution of metastatic hepatocellular carcinoma 的 HRA001272（癌种：Hepatocellular carcinoma）存在这些输入数据，共 487 个匹配文件（文件引用已脱敏）。	["CLINICAL_DATA_EXCEL", "MUTATION_ANNOTATION_FORMAT_MAF"]	[]	["生存分析", "突变景观与可视化"]	["Clinical", "WES"]		[{"semantic_format": "CLINICAL_DATA_EXCEL", "data_desc": "临床表型数据", "count": 1, "study": "HRA001272", "project_name": "Integrated genomic and transcriptomic profiling dissects spatiotemporal evolution of metastatic hepatocellular carcinoma", "tumor_subtype": "Hepatocellular carcinoma"}, {"semantic_format": "MUTATION_ANNOTATION_FORMAT_MAF", "data_desc": "体细胞突变 MAF 数据", "count": 486, "study": "HRA001272", "project_name": "Integrated genomic and transcriptomic profiling dissects spatiotemporal evolution of metastatic hepatocellular carcinoma", "tumor_subtype": "Hepatocellular carcinoma"}]
class100125	class1_tool_recommend	single_tool	突变景观与可视化	T023	wes_somatic_maf_landscape	HRA001272	Integrated genomic and transcriptomic profiling dissects spatiotemporal evolution of metastatic hepatocellular carcinoma	Hepatocellular carcinoma	我想对体细胞突变 MAF 数据完成突变景观与可视化，应该用什么工具？	推荐工具 wes_somatic_maf_landscape（突变景观与可视化）。该工具需要输入：体细胞突变 MAF 数据。图谱中项目 Integrated genomic and transcriptomic profiling dissects spatiotemporal evolution of metastatic hepatocellular carcinoma 的 HRA001272（癌种：Hepatocellular carcinoma）存在这些输入数据，共 486 个匹配文件（文件引用已脱敏）。	["MUTATION_ANNOTATION_FORMAT_MAF"]	[]	["突变景观与可视化"]	["WES"]		[{"semantic_format": "MUTATION_ANNOTATION_FORMAT_MAF", "data_desc": "体细胞突变 MAF 数据", "count": 486, "study": "HRA001272", "project_name": "Integrated genomic and transcriptomic profiling dissects spatiotemporal evolution of metastatic hepatocellular carcinoma", "tumor_subtype": "Hepatocellular carcinoma"}]
class100126	class1_tool_recommend	single_tool	共表达网络分析	T024	wgcna	HRA000074	Chinese Glioma Genome Altas (CGGA) - RNA-seq dataset (693)	High grade glioma	项目Chinese Glioma Genome Altas (CGGA) - RNA-seq dataset (693)中有基因表达矩阵/表格数据，要完成共表达网络分析，推荐使用哪个工具？	推荐工具 wgcna（共表达网络分析）。该工具需要输入：临床表型数据、基因表达矩阵/表格数据。图谱中项目 Chinese Glioma Genome Altas (CGGA) - RNA-seq dataset (693) 的 HRA000074（癌种：High grade glioma）存在这些输入数据，共 4 个匹配文件（文件引用已脱敏）。	["CLINICAL_DATA_EXCEL", "TABULAR_BIO_DATA"]	[]	["共表达网络分析"]	["Clinical", "bulk_RNA"]		[{"semantic_format": "CLINICAL_DATA_EXCEL", "data_desc": "临床表型数据", "count": 1, "study": "HRA000074", "project_name": "Chinese Glioma Genome Altas (CGGA) - RNA-seq dataset (693)", "tumor_subtype": "High grade glioma"}, {"semantic_format": "TABULAR_BIO_DATA", "data_desc": "基因表达矩阵/表格数据", "count": 3, "study": "HRA000074", "project_name": "Chinese Glioma Genome Altas (CGGA) - RNA-seq dataset (693)", "tumor_subtype": "High grade glioma"}]
class100127	class1_tool_recommend	single_tool	细胞通讯分析	T026	breast_cellchat	HRA005191	Immune Correlates of Response and Resistance to Neoadjuvant Chemo-immunotherapy in Non-small Cell Lung Cancer	Non-small cell lung carcinoma	我拿到了Immune Correlates of Response and Resistance to Neoadjuvant Chemo-immunotherapy in Non-small Cell Lung Cancer的单细胞表达矩阵 H5 数据，目标是细胞通讯分析，应该选哪个工具？	推荐工具 breast_cellchat（细胞通讯分析）。该工具需要输入：单细胞分析对象（RDS）数据（另需公共参考资源：参考基因组 FASTA）。图谱中项目 Immune Correlates of Response and Resistance to Neoadjuvant Chemo-immunotherapy in Non-small Cell Lung Cancer 的 HRA005191（癌种：Non-small cell lung carcinoma）存在这些输入数据，共 250 个匹配文件（文件引用已脱敏）。	["SCRNA_OBJECT_RDS"]	["REFERENCE_GENOME_FASTA"]	["细胞通讯分析"]	["bulk_RNA", "sc-RNA"]		[{"semantic_format": "BIO_DATA_CONTAINER_OBJECT", "data_desc": "单细胞/复杂分析对象数据", "count": 6, "study": "HRA005191", "project_name": "Immune Correlates of Response and Resistance to Neoadjuvant Chemo-immunotherapy in Non-small Cell Lung Cancer", "tumor_subtype": "Non-small cell lung carcinoma"}, {"semantic_format": "SCRNA_MATRIX_H5", "data_desc": "单细胞表达矩阵 H5 数据", "count": 243, "study": "HRA005191", "project_name": "Immune Correlates of Response and Resistance to Neoadjuvant Chemo-immunotherapy in Non-small Cell Lung Cancer", "tumor_subtype": "Non-small cell lung carcinoma"}, {"semantic_format": "SCRNA_MATRIX_H5_ZIP", "data_desc": "单细胞表达矩阵压缩包数据", "count": 1, "study": "HRA005191", "project_name": "Immune Correlates of Response and Resistance to Neoadjuvant Chemo-immunotherapy in Non-small Cell Lung Cancer", "tumor_subtype": "Non-small cell lung carcinoma"}]
class100128	class1_tool_recommend	single_tool	差异表达分析	T027	celltype_case_control_de	HRA005191	Immune Correlates of Response and Resistance to Neoadjuvant Chemo-immunotherapy in Non-small Cell Lung Cancer	Non-small cell lung carcinoma	要完成差异表达分析，手上有单细胞表达矩阵 H5 数据，适合的工具是什么？	推荐工具 celltype_case_control_de（差异表达分析）。该工具需要输入：单细胞分析对象（RDS）数据、基因表达矩阵/表格数据（另需公共参考资源：参考基因组 FASTA）。图谱中项目 Immune Correlates of Response and Resistance to Neoadjuvant Chemo-immunotherapy in Non-small Cell Lung Cancer 的 HRA005191（癌种：Non-small cell lung carcinoma）存在这些输入数据，共 268 个匹配文件（文件引用已脱敏）。	["SCRNA_OBJECT_RDS", "TABULAR_BIO_DATA"]	["REFERENCE_GENOME_FASTA"]	["差异表达分析"]	["bulk_RNA", "sc-RNA"]		[{"semantic_format": "BIO_DATA_CONTAINER_OBJECT", "data_desc": "单细胞/复杂分析对象数据", "count": 6, "study": "HRA005191", "project_name": "Immune Correlates of Response and Resistance to Neoadjuvant Chemo-immunotherapy in Non-small Cell Lung Cancer", "tumor_subtype": "Non-small cell lung carcinoma"}, {"semantic_format": "SCRNA_MATRIX_H5", "data_desc": "单细胞表达矩阵 H5 数据", "count": 243, "study": "HRA005191", "project_name": "Immune Correlates of Response and Resistance to Neoadjuvant Chemo-immunotherapy in Non-small Cell Lung Cancer", "tumor_subtype": "Non-small cell lung carcinoma"}, {"semantic_format": "SCRNA_MATRIX_H5_ZIP", "data_desc": "单细胞表达矩阵压缩包数据", "count": 1, "study": "HRA005191", "project_name": "Immune Correlates of Response and Resistance to Neoadjuvant Chemo-immunotherapy in Non-small Cell Lung Cancer", "tumor_subtype": "Non-small cell lung carcinoma"}, {"semantic_format": "TABULAR_BIO_DATA", "data_desc": "基因表达矩阵/表格数据", "count": 18, "study": "HRA005191", "project_name": "Immune Correlates of Response and Resistance to Neoadjuvant Chemo-immunotherapy in Non-small Cell Lung Cancer", "tumor_subtype": "Non-small cell lung carcinoma"}]
class100129	class1_tool_recommend	single_tool	拷贝数变异分析	T028	cnvkit_cnv_clinical	HRA000073	Chinese Glioma Genome Altas (CGGA) - RNA-seq dataset (325)	Malignant Glioma	基于Chinese Glioma Genome Altas (CGGA) - RNA-seq dataset (325)的转录组比对 BAM 数据做拷贝数变异分析，应该使用什么工具？	推荐工具 cnvkit_cnv_clinical（拷贝数变异分析）。该工具需要输入：基因组比对 BAM 数据。图谱中项目 Chinese Glioma Genome Altas (CGGA) - RNA-seq dataset (325) 的 HRA000073（癌种：Malignant Glioma）存在这些输入数据，共 325 个匹配文件（文件引用已脱敏）。	["DNA_GENOMIC_ALIGNMENT_BAM"]	[]	["可视化与报告", "拷贝数变异分析"]	["Clinical", "WES", "WGS"]		[{"semantic_format": "RNA_TRANSCRIPTOME_ALIGNMENT_BAM", "data_desc": "转录组比对 BAM 数据", "count": 325, "study": "HRA000073", "project_name": "Chinese Glioma Genome Altas (CGGA) - RNA-seq dataset (325)", "tumor_subtype": "Malignant Glioma"}]
class100130	class1_tool_recommend	single_tool	生存分析	T029	cox_model	HRA000074	Chinese Glioma Genome Altas (CGGA) - RNA-seq dataset (693)	High grade glioma	我想对基因表达矩阵/表格数据完成生存分析，应该用什么工具？	推荐工具 cox_model（生存分析）。该工具需要输入：临床表型数据、样本元数据、基因表达矩阵/表格数据。图谱中项目 Chinese Glioma Genome Altas (CGGA) - RNA-seq dataset (693) 的 HRA000074（癌种：High grade glioma）存在这些输入数据，共 5 个匹配文件（文件引用已脱敏）。	["CLINICAL_DATA_EXCEL", "METADATA_SAMPLE_INFO", "TABULAR_BIO_DATA"]	[]	["生存分析"]	["Clinical", "bulk_RNA"]		[{"semantic_format": "CLINICAL_DATA_EXCEL", "data_desc": "临床表型数据", "count": 1, "study": "HRA000074", "project_name": "Chinese Glioma Genome Altas (CGGA) - RNA-seq dataset (693)", "tumor_subtype": "High grade glioma"}, {"semantic_format": "METADATA_SAMPLE_INFO", "data_desc": "样本元数据", "count": 1, "study": "HRA000074", "project_name": "Chinese Glioma Genome Altas (CGGA) - RNA-seq dataset (693)", "tumor_subtype": "High grade glioma"}, {"semantic_format": "TABULAR_BIO_DATA", "data_desc": "基因表达矩阵/表格数据", "count": 3, "study": "HRA000074", "project_name": "Chinese Glioma Genome Altas (CGGA) - RNA-seq dataset (693)", "tumor_subtype": "High grade glioma"}]
class100131	class1_tool_recommend	single_tool	单细胞下游分析	T030	dataset_downstream	HRA005191	Immune Correlates of Response and Resistance to Neoadjuvant Chemo-immunotherapy in Non-small Cell Lung Cancer	Non-small cell lung carcinoma	项目Immune Correlates of Response and Resistance to Neoadjuvant Chemo-immunotherapy in Non-small Cell Lung Cancer中有单细胞表达矩阵 H5 数据，要完成单细胞下游分析，推荐使用哪个工具？	推荐工具 dataset_downstream（单细胞下游分析）。该工具需要输入：单细胞分析对象（RDS）数据、基因表达矩阵/表格数据（另需公共参考资源：参考基因组 FASTA）。图谱中项目 Immune Correlates of Response and Resistance to Neoadjuvant Chemo-immunotherapy in Non-small Cell Lung Cancer 的 HRA005191（癌种：Non-small cell lung carcinoma）存在这些输入数据，共 268 个匹配文件（文件引用已脱敏）。	["SCRNA_OBJECT_RDS", "TABULAR_BIO_DATA"]	["REFERENCE_GENOME_FASTA"]	["单细胞下游分析", "差异表达分析"]	["sc-RNA"]		[{"semantic_format": "BIO_DATA_CONTAINER_OBJECT", "data_desc": "单细胞/复杂分析对象数据", "count": 6, "study": "HRA005191", "project_name": "Immune Correlates of Response and Resistance to Neoadjuvant Chemo-immunotherapy in Non-small Cell Lung Cancer", "tumor_subtype": "Non-small cell lung carcinoma"}, {"semantic_format": "SCRNA_MATRIX_H5", "data_desc": "单细胞表达矩阵 H5 数据", "count": 243, "study": "HRA005191", "project_name": "Immune Correlates of Response and Resistance to Neoadjuvant Chemo-immunotherapy in Non-small Cell Lung Cancer", "tumor_subtype": "Non-small cell lung carcinoma"}, {"semantic_format": "SCRNA_MATRIX_H5_ZIP", "data_desc": "单细胞表达矩阵压缩包数据", "count": 1, "study": "HRA005191", "project_name": "Immune Correlates of Response and Resistance to Neoadjuvant Chemo-immunotherapy in Non-small Cell Lung Cancer", "tumor_subtype": "Non-small cell lung carcinoma"}, {"semantic_format": "TABULAR_BIO_DATA", "data_desc": "基因表达矩阵/表格数据", "count": 18, "study": "HRA005191", "project_name": "Immune Correlates of Response and Resistance to Neoadjuvant Chemo-immunotherapy in Non-small Cell Lung Cancer", "tumor_subtype": "Non-small cell lung carcinoma"}]
class100132	class1_tool_recommend	single_tool	单细胞下游分析	T031	dataset_matrix_annotation	HRA005191	Immune Correlates of Response and Resistance to Neoadjuvant Chemo-immunotherapy in Non-small Cell Lung Cancer	Non-small cell lung carcinoma	我拿到了Immune Correlates of Response and Resistance to Neoadjuvant Chemo-immunotherapy in Non-small Cell Lung Cancer的单细胞表达矩阵 H5 数据，目标是单细胞下游分析，应该选哪个工具？	推荐工具 dataset_matrix_annotation（单细胞下游分析）。该工具需要输入：单细胞分析对象（RDS）数据、基因表达矩阵/表格数据（另需公共参考资源：参考基因组 FASTA）。图谱中项目 Immune Correlates of Response and Resistance to Neoadjuvant Chemo-immunotherapy in Non-small Cell Lung Cancer 的 HRA005191（癌种：Non-small cell lung carcinoma）存在这些输入数据，共 268 个匹配文件（文件引用已脱敏）。	["SCRNA_OBJECT_RDS", "TABULAR_BIO_DATA"]	["REFERENCE_GENOME_FASTA"]	["单细胞下游分析"]	["sc-RNA"]		[{"semantic_format": "BIO_DATA_CONTAINER_OBJECT", "data_desc": "单细胞/复杂分析对象数据", "count": 6, "study": "HRA005191", "project_name": "Immune Correlates of Response and Resistance to Neoadjuvant Chemo-immunotherapy in Non-small Cell Lung Cancer", "tumor_subtype": "Non-small cell lung carcinoma"}, {"semantic_format": "SCRNA_MATRIX_H5", "data_desc": "单细胞表达矩阵 H5 数据", "count": 243, "study": "HRA005191", "project_name": "Immune Correlates of Response and Resistance to Neoadjuvant Chemo-immunotherapy in Non-small Cell Lung Cancer", "tumor_subtype": "Non-small cell lung carcinoma"}, {"semantic_format": "SCRNA_MATRIX_H5_ZIP", "data_desc": "单细胞表达矩阵压缩包数据", "count": 1, "study": "HRA005191", "project_name": "Immune Correlates of Response and Resistance to Neoadjuvant Chemo-immunotherapy in Non-small Cell Lung Cancer", "tumor_subtype": "Non-small cell lung carcinoma"}, {"semantic_format": "TABULAR_BIO_DATA", "data_desc": "基因表达矩阵/表格数据", "count": 18, "study": "HRA005191", "project_name": "Immune Correlates of Response and Resistance to Neoadjuvant Chemo-immunotherapy in Non-small Cell Lung Cancer", "tumor_subtype": "Non-small cell lung carcinoma"}]
class100133	class1_tool_recommend	single_tool	功能富集分析	T032	de_enrichment	HRA000074	Chinese Glioma Genome Altas (CGGA) - RNA-seq dataset (693)	High grade glioma	要完成功能富集分析，手上有基因表达矩阵/表格数据，适合的工具是什么？	推荐工具 de_enrichment（功能富集分析）。该工具需要输入：临床表型数据、样本元数据、基因表达矩阵/表格数据。图谱中项目 Chinese Glioma Genome Altas (CGGA) - RNA-seq dataset (693) 的 HRA000074（癌种：High grade glioma）存在这些输入数据，共 5 个匹配文件（文件引用已脱敏）。	["CLINICAL_DATA_EXCEL", "METADATA_SAMPLE_INFO", "TABULAR_BIO_DATA"]	[]	["功能富集分析", "可视化与报告", "差异表达分析"]	["Clinical", "bulk_RNA"]		[{"semantic_format": "CLINICAL_DATA_EXCEL", "data_desc": "临床表型数据", "count": 1, "study": "HRA000074", "project_name": "Chinese Glioma Genome Altas (CGGA) - RNA-seq dataset (693)", "tumor_subtype": "High grade glioma"}, {"semantic_format": "METADATA_SAMPLE_INFO", "data_desc": "样本元数据", "count": 1, "study": "HRA000074", "project_name": "Chinese Glioma Genome Altas (CGGA) - RNA-seq dataset (693)", "tumor_subtype": "High grade glioma"}, {"semantic_format": "TABULAR_BIO_DATA", "data_desc": "基因表达矩阵/表格数据", "count": 3, "study": "HRA000074", "project_name": "Chinese Glioma Genome Altas (CGGA) - RNA-seq dataset (693)", "tumor_subtype": "High grade glioma"}]
class100134	class1_tool_recommend	single_tool	功能富集分析	T033	deg_enrichment	HRA000074	Chinese Glioma Genome Altas (CGGA) - RNA-seq dataset (693)	High grade glioma	基于Chinese Glioma Genome Altas (CGGA) - RNA-seq dataset (693)的基因表达矩阵/表格数据做功能富集分析，应该使用什么工具？	推荐工具 deg_enrichment（功能富集分析）。该工具需要输入：临床表型数据、样本元数据、基因表达矩阵/表格数据。图谱中项目 Chinese Glioma Genome Altas (CGGA) - RNA-seq dataset (693) 的 HRA000074（癌种：High grade glioma）存在这些输入数据，共 5 个匹配文件（文件引用已脱敏）。	["CLINICAL_DATA_EXCEL", "METADATA_SAMPLE_INFO", "TABULAR_BIO_DATA"]	[]	["功能富集分析", "差异表达分析"]	["Clinical", "bulk_RNA"]		[{"semantic_format": "CLINICAL_DATA_EXCEL", "data_desc": "临床表型数据", "count": 1, "study": "HRA000074", "project_name": "Chinese Glioma Genome Altas (CGGA) - RNA-seq dataset (693)", "tumor_subtype": "High grade glioma"}, {"semantic_format": "METADATA_SAMPLE_INFO", "data_desc": "样本元数据", "count": 1, "study": "HRA000074", "project_name": "Chinese Glioma Genome Altas (CGGA) - RNA-seq dataset (693)", "tumor_subtype": "High grade glioma"}, {"semantic_format": "TABULAR_BIO_DATA", "data_desc": "基因表达矩阵/表格数据", "count": 3, "study": "HRA000074", "project_name": "Chinese Glioma Genome Altas (CGGA) - RNA-seq dataset (693)", "tumor_subtype": "High grade glioma"}]
class100135	class1_tool_recommend	single_tool	差异表达分析	T034	deg_trend	HRA000074	Chinese Glioma Genome Altas (CGGA) - RNA-seq dataset (693)	High grade glioma	我想对基因表达矩阵/表格数据完成差异表达分析，应该用什么工具？	推荐工具 deg_trend（差异表达分析）。该工具需要输入：临床表型数据、样本元数据、基因表达矩阵/表格数据。图谱中项目 Chinese Glioma Genome Altas (CGGA) - RNA-seq dataset (693) 的 HRA000074（癌种：High grade glioma）存在这些输入数据，共 5 个匹配文件（文件引用已脱敏）。	["CLINICAL_DATA_EXCEL", "METADATA_SAMPLE_INFO", "TABULAR_BIO_DATA"]	[]	["可视化与报告", "差异表达分析"]	["Clinical", "bulk_RNA"]		[{"semantic_format": "CLINICAL_DATA_EXCEL", "data_desc": "临床表型数据", "count": 1, "study": "HRA000074", "project_name": "Chinese Glioma Genome Altas (CGGA) - RNA-seq dataset (693)", "tumor_subtype": "High grade glioma"}, {"semantic_format": "METADATA_SAMPLE_INFO", "data_desc": "样本元数据", "count": 1, "study": "HRA000074", "project_name": "Chinese Glioma Genome Altas (CGGA) - RNA-seq dataset (693)", "tumor_subtype": "High grade glioma"}, {"semantic_format": "TABULAR_BIO_DATA", "data_desc": "基因表达矩阵/表格数据", "count": 3, "study": "HRA000074", "project_name": "Chinese Glioma Genome Altas (CGGA) - RNA-seq dataset (693)", "tumor_subtype": "High grade glioma"}]
class100136	class1_tool_recommend	single_tool	可视化与报告	T035	gene_boxplot	HRA000074	Chinese Glioma Genome Altas (CGGA) - RNA-seq dataset (693)	High grade glioma	项目Chinese Glioma Genome Altas (CGGA) - RNA-seq dataset (693)中有基因表达矩阵/表格数据，要完成可视化与报告，推荐使用哪个工具？	推荐工具 gene_boxplot（可视化与报告）。该工具需要输入：临床表型数据、样本元数据、基因表达矩阵/表格数据。图谱中项目 Chinese Glioma Genome Altas (CGGA) - RNA-seq dataset (693) 的 HRA000074（癌种：High grade glioma）存在这些输入数据，共 5 个匹配文件（文件引用已脱敏）。	["CLINICAL_DATA_EXCEL", "METADATA_SAMPLE_INFO", "TABULAR_BIO_DATA"]	[]	["可视化与报告"]	["Clinical", "bulk_RNA"]		[{"semantic_format": "CLINICAL_DATA_EXCEL", "data_desc": "临床表型数据", "count": 1, "study": "HRA000074", "project_name": "Chinese Glioma Genome Altas (CGGA) - RNA-seq dataset (693)", "tumor_subtype": "High grade glioma"}, {"semantic_format": "METADATA_SAMPLE_INFO", "data_desc": "样本元数据", "count": 1, "study": "HRA000074", "project_name": "Chinese Glioma Genome Altas (CGGA) - RNA-seq dataset (693)", "tumor_subtype": "High grade glioma"}, {"semantic_format": "TABULAR_BIO_DATA", "data_desc": "基因表达矩阵/表格数据", "count": 3, "study": "HRA000074", "project_name": "Chinese Glioma Genome Altas (CGGA) - RNA-seq dataset (693)", "tumor_subtype": "High grade glioma"}]
class100137	class1_tool_recommend	single_tool	功能富集分析	T036	gsea_pathway_enrichment	HRA000074	Chinese Glioma Genome Altas (CGGA) - RNA-seq dataset (693)	High grade glioma	我拿到了Chinese Glioma Genome Altas (CGGA) - RNA-seq dataset (693)的基因表达矩阵/表格数据，目标是功能富集分析，应该选哪个工具？	推荐工具 gsea_pathway_enrichment（功能富集分析）。该工具需要输入：基因表达矩阵/表格数据。图谱中项目 Chinese Glioma Genome Altas (CGGA) - RNA-seq dataset (693) 的 HRA000074（癌种：High grade glioma）存在这些输入数据，共 3 个匹配文件（文件引用已脱敏）。	["TABULAR_BIO_DATA"]	[]	["功能富集分析"]	["Clinical", "bulk_RNA"]		[{"semantic_format": "TABULAR_BIO_DATA", "data_desc": "基因表达矩阵/表格数据", "count": 3, "study": "HRA000074", "project_name": "Chinese Glioma Genome Altas (CGGA) - RNA-seq dataset (693)", "tumor_subtype": "High grade glioma"}]
class100138	class1_tool_recommend	single_tool	细胞通讯分析	T038	immunotherapy_cellchat	HRA005191	Immune Correlates of Response and Resistance to Neoadjuvant Chemo-immunotherapy in Non-small Cell Lung Cancer	Non-small cell lung carcinoma	要完成细胞通讯分析，手上有单细胞表达矩阵 H5 数据，适合的工具是什么？	推荐工具 immunotherapy_cellchat（细胞通讯分析）。该工具需要输入：单细胞分析对象（RDS）数据（另需公共参考资源：参考基因组 FASTA）。图谱中项目 Immune Correlates of Response and Resistance to Neoadjuvant Chemo-immunotherapy in Non-small Cell Lung Cancer 的 HRA005191（癌种：Non-small cell lung carcinoma）存在这些输入数据，共 250 个匹配文件（文件引用已脱敏）。	["SCRNA_OBJECT_RDS"]	["REFERENCE_GENOME_FASTA"]	["细胞通讯分析"]	["sc-RNA"]		[{"semantic_format": "BIO_DATA_CONTAINER_OBJECT", "data_desc": "单细胞/复杂分析对象数据", "count": 6, "study": "HRA005191", "project_name": "Immune Correlates of Response and Resistance to Neoadjuvant Chemo-immunotherapy in Non-small Cell Lung Cancer", "tumor_subtype": "Non-small cell lung carcinoma"}, {"semantic_format": "SCRNA_MATRIX_H5", "data_desc": "单细胞表达矩阵 H5 数据", "count": 243, "study": "HRA005191", "project_name": "Immune Correlates of Response and Resistance to Neoadjuvant Chemo-immunotherapy in Non-small Cell Lung Cancer", "tumor_subtype": "Non-small cell lung carcinoma"}, {"semantic_format": "SCRNA_MATRIX_H5_ZIP", "data_desc": "单细胞表达矩阵压缩包数据", "count": 1, "study": "HRA005191", "project_name": "Immune Correlates of Response and Resistance to Neoadjuvant Chemo-immunotherapy in Non-small Cell Lung Cancer", "tumor_subtype": "Non-small cell lung carcinoma"}]
class100139	class1_tool_recommend	single_tool	单细胞下游分析	T039	ipf_trajectory_regulon	HRA005191	Immune Correlates of Response and Resistance to Neoadjuvant Chemo-immunotherapy in Non-small Cell Lung Cancer	Non-small cell lung carcinoma	基于Immune Correlates of Response and Resistance to Neoadjuvant Chemo-immunotherapy in Non-small Cell Lung Cancer的单细胞表达矩阵 H5 数据做单细胞下游分析，应该使用什么工具？	推荐工具 ipf_trajectory_regulon（单细胞下游分析）。该工具需要输入：样本元数据、单细胞分析对象（RDS）数据（另需公共参考资源：参考基因组 FASTA）。图谱中项目 Immune Correlates of Response and Resistance to Neoadjuvant Chemo-immunotherapy in Non-small Cell Lung Cancer 的 HRA005191（癌种：Non-small cell lung carcinoma）存在这些输入数据，共 252 个匹配文件（文件引用已脱敏）。	["METADATA_SAMPLE_INFO", "SCRNA_OBJECT_RDS"]	["REFERENCE_GENOME_FASTA"]	["单细胞下游分析", "轨迹推断"]	["bulk_RNA", "sc-RNA"]		[{"semantic_format": "METADATA_SAMPLE_INFO", "data_desc": "样本元数据", "count": 2, "study": "HRA005191", "project_name": "Immune Correlates of Response and Resistance to Neoadjuvant Chemo-immunotherapy in Non-small Cell Lung Cancer", "tumor_subtype": "Non-small cell lung carcinoma"}, {"semantic_format": "BIO_DATA_CONTAINER_OBJECT", "data_desc": "单细胞/复杂分析对象数据", "count": 6, "study": "HRA005191", "project_name": "Immune Correlates of Response and Resistance to Neoadjuvant Chemo-immunotherapy in Non-small Cell Lung Cancer", "tumor_subtype": "Non-small cell lung carcinoma"}, {"semantic_format": "SCRNA_MATRIX_H5", "data_desc": "单细胞表达矩阵 H5 数据", "count": 243, "study": "HRA005191", "project_name": "Immune Correlates of Response and Resistance to Neoadjuvant Chemo-immunotherapy in Non-small Cell Lung Cancer", "tumor_subtype": "Non-small cell lung carcinoma"}, {"semantic_format": "SCRNA_MATRIX_H5_ZIP", "data_desc": "单细胞表达矩阵压缩包数据", "count": 1, "study": "HRA005191", "project_name": "Immune Correlates of Response and Resistance to Neoadjuvant Chemo-immunotherapy in Non-small Cell Lung Cancer", "tumor_subtype": "Non-small cell lung carcinoma"}]
class100140	class1_tool_recommend	single_tool	生存分析	T040	km_survival	HRA000074	Chinese Glioma Genome Altas (CGGA) - RNA-seq dataset (693)	High grade glioma	我想对基因表达矩阵/表格数据完成生存分析，应该用什么工具？	推荐工具 km_survival（生存分析）。该工具需要输入：临床表型数据、样本元数据、基因表达矩阵/表格数据。图谱中项目 Chinese Glioma Genome Altas (CGGA) - RNA-seq dataset (693) 的 HRA000074（癌种：High grade glioma）存在这些输入数据，共 5 个匹配文件（文件引用已脱敏）。	["CLINICAL_DATA_EXCEL", "METADATA_SAMPLE_INFO", "TABULAR_BIO_DATA"]	[]	["可视化与报告", "生存分析"]	["Clinical", "bulk_RNA"]		[{"semantic_format": "CLINICAL_DATA_EXCEL", "data_desc": "临床表型数据", "count": 1, "study": "HRA000074", "project_name": "Chinese Glioma Genome Altas (CGGA) - RNA-seq dataset (693)", "tumor_subtype": "High grade glioma"}, {"semantic_format": "METADATA_SAMPLE_INFO", "data_desc": "样本元数据", "count": 1, "study": "HRA000074", "project_name": "Chinese Glioma Genome Altas (CGGA) - RNA-seq dataset (693)", "tumor_subtype": "High grade glioma"}, {"semantic_format": "TABULAR_BIO_DATA", "data_desc": "基因表达矩阵/表格数据", "count": 3, "study": "HRA000074", "project_name": "Chinese Glioma Genome Altas (CGGA) - RNA-seq dataset (693)", "tumor_subtype": "High grade glioma"}]
class100141	class1_tool_recommend	single_tool	免疫浸润与微环境分析	T041	lung_tme_annotation_cnv	HRA005191	Immune Correlates of Response and Resistance to Neoadjuvant Chemo-immunotherapy in Non-small Cell Lung Cancer	Non-small cell lung carcinoma	项目Immune Correlates of Response and Resistance to Neoadjuvant Chemo-immunotherapy in Non-small Cell Lung Cancer中有单细胞表达矩阵 H5 数据，要完成免疫浸润与微环境分析，推荐使用哪个工具？	推荐工具 lung_tme_annotation_cnv（免疫浸润与微环境分析）。该工具需要输入：单细胞分析对象（RDS）数据、基因表达矩阵/表格数据（另需公共参考资源：参考基因组 FASTA）。图谱中项目 Immune Correlates of Response and Resistance to Neoadjuvant Chemo-immunotherapy in Non-small Cell Lung Cancer 的 HRA005191（癌种：Non-small cell lung carcinoma）存在这些输入数据，共 268 个匹配文件（文件引用已脱敏）。	["SCRNA_OBJECT_RDS", "TABULAR_BIO_DATA"]	["REFERENCE_GENOME_FASTA"]	["免疫浸润与微环境分析", "单细胞下游分析", "拷贝数变异分析"]	["sc-RNA"]		[{"semantic_format": "BIO_DATA_CONTAINER_OBJECT", "data_desc": "单细胞/复杂分析对象数据", "count": 6, "study": "HRA005191", "project_name": "Immune Correlates of Response and Resistance to Neoadjuvant Chemo-immunotherapy in Non-small Cell Lung Cancer", "tumor_subtype": "Non-small cell lung carcinoma"}, {"semantic_format": "SCRNA_MATRIX_H5", "data_desc": "单细胞表达矩阵 H5 数据", "count": 243, "study": "HRA005191", "project_name": "Immune Correlates of Response and Resistance to Neoadjuvant Chemo-immunotherapy in Non-small Cell Lung Cancer", "tumor_subtype": "Non-small cell lung carcinoma"}, {"semantic_format": "SCRNA_MATRIX_H5_ZIP", "data_desc": "单细胞表达矩阵压缩包数据", "count": 1, "study": "HRA005191", "project_name": "Immune Correlates of Response and Resistance to Neoadjuvant Chemo-immunotherapy in Non-small Cell Lung Cancer", "tumor_subtype": "Non-small cell lung carcinoma"}, {"semantic_format": "TABULAR_BIO_DATA", "data_desc": "基因表达矩阵/表格数据", "count": 18, "study": "HRA005191", "project_name": "Immune Correlates of Response and Resistance to Neoadjuvant Chemo-immunotherapy in Non-small Cell Lung Cancer", "tumor_subtype": "Non-small cell lung carcinoma"}]
class100142	class1_tool_recommend	single_tool	表达矩阵预处理与归一化	T042	preprocess_counts	HRA000087	Single-cell RNA analysis reveals an epithelial-immune dual feature of tumor cells in nasopharyngeal carcinoma	Nasopharynx Carcinoma	我拿到了Single-cell RNA analysis reveals an epithelial-immune dual feature of tumor cells in nasopharyngeal carcinoma的基因表达矩阵/表格数据，目标是表达矩阵预处理与归一化，应该选哪个工具？	推荐工具 preprocess_counts（表达矩阵预处理与归一化）。该工具需要输入：基因表达矩阵/表格数据。图谱中项目 Single-cell RNA analysis reveals an epithelial-immune dual feature of tumor cells in nasopharyngeal carcinoma 的 HRA000087（癌种：Nasopharynx Carcinoma）存在这些输入数据，共 9 个匹配文件（文件引用已脱敏）。	["TABULAR_BIO_DATA"]	[]	["表达矩阵预处理与归一化"]	["bulk_RNA"]		[{"semantic_format": "TABULAR_BIO_DATA", "data_desc": "基因表达矩阵/表格数据", "count": 9, "study": "HRA000087", "project_name": "Single-cell RNA analysis reveals an epithelial-immune dual feature of tumor cells in nasopharyngeal carcinoma", "tumor_subtype": "Nasopharynx Carcinoma"}]
class100143	class1_tool_recommend	single_tool	可变剪接分析	T043	rmats_alternative_splicing	HRA000122	Integrated Genomic Analyses Identify High-Risk Factors Associated with Poor Outcomes of T-ALL	Acute T cell leukemia	要完成可变剪接分析，手上有转录组比对 BAM 数据，适合的工具是什么？	推荐工具 rmats_alternative_splicing（可变剪接分析）。该工具需要输入：转录组比对 BAM 数据（另需公共参考资源：参考基因组 FASTA）。图谱中项目 Integrated Genomic Analyses Identify High-Risk Factors Associated with Poor Outcomes of T-ALL 的 HRA000122（癌种：Acute T cell leukemia）存在这些输入数据，共 124 个匹配文件（文件引用已脱敏）。	["RNA_TRANSCRIPTOME_ALIGNMENT_BAM"]	["REFERENCE_GENOME_FASTA"]	["可变剪接分析"]	["bulk_RNA"]		[{"semantic_format": "RNA_TRANSCRIPTOME_ALIGNMENT_BAM", "data_desc": "转录组比对 BAM 数据", "count": 124, "study": "HRA000122", "project_name": "Integrated Genomic Analyses Identify High-Risk Factors Associated with Poor Outcomes of T-ALL", "tumor_subtype": "Acute T cell leukemia"}]
class100144	class1_tool_recommend	single_tool	RNA序列比对	T044	rnaseq_singletask	HRA000087	Single-cell RNA analysis reveals an epithelial-immune dual feature of tumor cells in nasopharyngeal carcinoma	Nasopharynx Carcinoma	基于Single-cell RNA analysis reveals an epithelial-immune dual feature of tumor cells in nasopharyngeal carcinoma的原始双端测序数据（R1）做RNA序列比对，应该使用什么工具？	推荐工具 rnaseq_singletask（RNA序列比对）。该工具需要输入：原始双端测序数据（R1）、原始双端测序数据（R2）（另需公共参考资源：参考基因组 FASTA）。图谱中项目 Single-cell RNA analysis reveals an epithelial-immune dual feature of tumor cells in nasopharyngeal carcinoma 的 HRA000087（癌种：Nasopharynx Carcinoma）存在这些输入数据，共 3106 个匹配文件（文件引用已脱敏）。	["RAW_PAIRED_END_R1_FASTQ", "RAW_PAIRED_END_R2_FASTQ"]	["REFERENCE_GENOME_FASTA"]	["RNA序列比对", "接头与低质量序列修剪", "测序质量评估", "表达定量"]	["bulk_RNA"]		[{"semantic_format": "RAW_PAIRED_END_R1_FASTQ", "data_desc": "原始双端测序数据（R1）", "count": 1553, "study": "HRA000087", "project_name": "Single-cell RNA analysis reveals an epithelial-immune dual feature of tumor cells in nasopharyngeal carcinoma", "tumor_subtype": "Nasopharynx Carcinoma"}, {"semantic_format": "RAW_PAIRED_END_R2_FASTQ", "data_desc": "原始双端测序数据（R2）", "count": 1553, "study": "HRA000087", "project_name": "Single-cell RNA analysis reveals an epithelial-immune dual feature of tumor cells in nasopharyngeal carcinoma", "tumor_subtype": "Nasopharynx Carcinoma"}]
class100145	class1_tool_recommend	single_tool	细胞通讯分析	T045	scrna_cell_communication	HRA005191	Immune Correlates of Response and Resistance to Neoadjuvant Chemo-immunotherapy in Non-small Cell Lung Cancer	Non-small cell lung carcinoma	我想对单细胞表达矩阵 H5 数据完成细胞通讯分析，应该用什么工具？	推荐工具 scrna_cell_communication（细胞通讯分析）。该工具需要输入：样本元数据、单细胞分析对象（RDS）数据、基因表达矩阵/表格数据。图谱中项目 Immune Correlates of Response and Resistance to Neoadjuvant Chemo-immunotherapy in Non-small Cell Lung Cancer 的 HRA005191（癌种：Non-small cell lung carcinoma）存在这些输入数据，共 270 个匹配文件（文件引用已脱敏）。	["METADATA_SAMPLE_INFO", "SCRNA_OBJECT_RDS", "TABULAR_BIO_DATA"]	[]	["细胞通讯分析"]	["bulk_RNA", "sc-RNA"]		[{"semantic_format": "METADATA_SAMPLE_INFO", "data_desc": "样本元数据", "count": 2, "study": "HRA005191", "project_name": "Immune Correlates of Response and Resistance to Neoadjuvant Chemo-immunotherapy in Non-small Cell Lung Cancer", "tumor_subtype": "Non-small cell lung carcinoma"}, {"semantic_format": "BIO_DATA_CONTAINER_OBJECT", "data_desc": "单细胞/复杂分析对象数据", "count": 6, "study": "HRA005191", "project_name": "Immune Correlates of Response and Resistance to Neoadjuvant Chemo-immunotherapy in Non-small Cell Lung Cancer", "tumor_subtype": "Non-small cell lung carcinoma"}, {"semantic_format": "SCRNA_MATRIX_H5", "data_desc": "单细胞表达矩阵 H5 数据", "count": 243, "study": "HRA005191", "project_name": "Immune Correlates of Response and Resistance to Neoadjuvant Chemo-immunotherapy in Non-small Cell Lung Cancer", "tumor_subtype": "Non-small cell lung carcinoma"}, {"semantic_format": "SCRNA_MATRIX_H5_ZIP", "data_desc": "单细胞表达矩阵压缩包数据", "count": 1, "study": "HRA005191", "project_name": "Immune Correlates of Response and Resistance to Neoadjuvant Chemo-immunotherapy in Non-small Cell Lung Cancer", "tumor_subtype": "Non-small cell lung carcinoma"}, {"semantic_format": "TABULAR_BIO_DATA", "data_desc": "基因表达矩阵/表格数据", "count": 18, "study": "HRA005191", "project_name": "Immune Correlates of Response and Resistance to Neoadjuvant Chemo-immunotherapy in Non-small Cell Lung Cancer", "tumor_subtype": "Non-small cell lung carcinoma"}]
class100146	class1_tool_recommend	single_tool	可视化与报告	T046	stage_heatmap	HRA000074	Chinese Glioma Genome Altas (CGGA) - RNA-seq dataset (693)	High grade glioma	项目Chinese Glioma Genome Altas (CGGA) - RNA-seq dataset (693)中有基因表达矩阵/表格数据，要完成可视化与报告，推荐使用哪个工具？	推荐工具 stage_heatmap（可视化与报告）。该工具需要输入：临床表型数据、样本元数据、基因表达矩阵/表格数据。图谱中项目 Chinese Glioma Genome Altas (CGGA) - RNA-seq dataset (693) 的 HRA000074（癌种：High grade glioma）存在这些输入数据，共 5 个匹配文件（文件引用已脱敏）。	["CLINICAL_DATA_EXCEL", "METADATA_SAMPLE_INFO", "TABULAR_BIO_DATA"]	[]	["可视化与报告"]	["Clinical", "bulk_RNA"]		[{"semantic_format": "CLINICAL_DATA_EXCEL", "data_desc": "临床表型数据", "count": 1, "study": "HRA000074", "project_name": "Chinese Glioma Genome Altas (CGGA) - RNA-seq dataset (693)", "tumor_subtype": "High grade glioma"}, {"semantic_format": "METADATA_SAMPLE_INFO", "data_desc": "样本元数据", "count": 1, "study": "HRA000074", "project_name": "Chinese Glioma Genome Altas (CGGA) - RNA-seq dataset (693)", "tumor_subtype": "High grade glioma"}, {"semantic_format": "TABULAR_BIO_DATA", "data_desc": "基因表达矩阵/表格数据", "count": 3, "study": "HRA000074", "project_name": "Chinese Glioma Genome Altas (CGGA) - RNA-seq dataset (693)", "tumor_subtype": "High grade glioma"}]
class100147	class1_tool_recommend	single_tool	差异表达分析	T047	tcell_intervention	HRA005191	Immune Correlates of Response and Resistance to Neoadjuvant Chemo-immunotherapy in Non-small Cell Lung Cancer	Non-small cell lung carcinoma	我拿到了Immune Correlates of Response and Resistance to Neoadjuvant Chemo-immunotherapy in Non-small Cell Lung Cancer的单细胞表达矩阵 H5 数据，目标是差异表达分析，应该选哪个工具？	推荐工具 tcell_intervention（差异表达分析）。该工具需要输入：样本元数据、单细胞分析对象（RDS）数据、基因表达矩阵/表格数据（另需公共参考资源：参考基因组 FASTA）。图谱中项目 Immune Correlates of Response and Resistance to Neoadjuvant Chemo-immunotherapy in Non-small Cell Lung Cancer 的 HRA005191（癌种：Non-small cell lung carcinoma）存在这些输入数据，共 270 个匹配文件（文件引用已脱敏）。	["METADATA_SAMPLE_INFO", "SCRNA_OBJECT_RDS", "TABULAR_BIO_DATA"]	["REFERENCE_GENOME_FASTA"]	["差异表达分析"]	["bulk_RNA", "sc-RNA"]		[{"semantic_format": "METADATA_SAMPLE_INFO", "data_desc": "样本元数据", "count": 2, "study": "HRA005191", "project_name": "Immune Correlates of Response and Resistance to Neoadjuvant Chemo-immunotherapy in Non-small Cell Lung Cancer", "tumor_subtype": "Non-small cell lung carcinoma"}, {"semantic_format": "BIO_DATA_CONTAINER_OBJECT", "data_desc": "单细胞/复杂分析对象数据", "count": 6, "study": "HRA005191", "project_name": "Immune Correlates of Response and Resistance to Neoadjuvant Chemo-immunotherapy in Non-small Cell Lung Cancer", "tumor_subtype": "Non-small cell lung carcinoma"}, {"semantic_format": "SCRNA_MATRIX_H5", "data_desc": "单细胞表达矩阵 H5 数据", "count": 243, "study": "HRA005191", "project_name": "Immune Correlates of Response and Resistance to Neoadjuvant Chemo-immunotherapy in Non-small Cell Lung Cancer", "tumor_subtype": "Non-small cell lung carcinoma"}, {"semantic_format": "SCRNA_MATRIX_H5_ZIP", "data_desc": "单细胞表达矩阵压缩包数据", "count": 1, "study": "HRA005191", "project_name": "Immune Correlates of Response and Resistance to Neoadjuvant Chemo-immunotherapy in Non-small Cell Lung Cancer", "tumor_subtype": "Non-small cell lung carcinoma"}, {"semantic_format": "TABULAR_BIO_DATA", "data_desc": "基因表达矩阵/表格数据", "count": 18, "study": "HRA005191", "project_name": "Immune Correlates of Response and Resistance to Neoadjuvant Chemo-immunotherapy in Non-small Cell Lung Cancer", "tumor_subtype": "Non-small cell lung carcinoma"}]
class100148	class1_tool_recommend	single_tool	可视化与报告	T048	umap	HRA000074	Chinese Glioma Genome Altas (CGGA) - RNA-seq dataset (693)	High grade glioma	要完成可视化与报告，手上有基因表达矩阵/表格数据，适合的工具是什么？	推荐工具 umap（可视化与报告）。该工具需要输入：临床表型数据、样本元数据、基因表达矩阵/表格数据。图谱中项目 Chinese Glioma Genome Altas (CGGA) - RNA-seq dataset (693) 的 HRA000074（癌种：High grade glioma）存在这些输入数据，共 5 个匹配文件（文件引用已脱敏）。	["CLINICAL_DATA_EXCEL", "METADATA_SAMPLE_INFO", "TABULAR_BIO_DATA"]	[]	["可视化与报告"]	["Clinical", "bulk_RNA"]		[{"semantic_format": "CLINICAL_DATA_EXCEL", "data_desc": "临床表型数据", "count": 1, "study": "HRA000074", "project_name": "Chinese Glioma Genome Altas (CGGA) - RNA-seq dataset (693)", "tumor_subtype": "High grade glioma"}, {"semantic_format": "METADATA_SAMPLE_INFO", "data_desc": "样本元数据", "count": 1, "study": "HRA000074", "project_name": "Chinese Glioma Genome Altas (CGGA) - RNA-seq dataset (693)", "tumor_subtype": "High grade glioma"}, {"semantic_format": "TABULAR_BIO_DATA", "data_desc": "基因表达矩阵/表格数据", "count": 3, "study": "HRA000074", "project_name": "Chinese Glioma Genome Altas (CGGA) - RNA-seq dataset (693)", "tumor_subtype": "High grade glioma"}]
class100149	class1_tool_recommend	single_tool	DNA序列比对	T049	wes_somatic_pair	HRA000873	Whole  exome sequencing  of patients with CRC from the Changkang project	Colorectal Cancer	基于Whole  exome sequencing  of patients with CRC from the Changkang project的原始双端测序数据（R1）做DNA序列比对，应该使用什么工具？	推荐工具 wes_somatic_pair（DNA序列比对）。该工具需要输入：变异 VCF 数据、原始双端测序数据（R1）、原始双端测序数据（R2）（另需公共参考资源：参考基因组 FASTA、目标区间列表）。图谱中项目 Whole  exome sequencing  of patients with CRC from the Changkang project 的 HRA000873（癌种：Colorectal Cancer）存在这些输入数据，共 7105 个匹配文件（文件引用已脱敏）。	["DNA_VARIANT_VCF_GENERAL", "RAW_PAIRED_END_R1_FASTQ", "RAW_PAIRED_END_R2_FASTQ"]	["REFERENCE_GENOME_FASTA", "TARGET_INTERVAL_LIST"]	["DNA序列比对", "体细胞变异检测", "变异注释", "变异质量校正", "可视化与报告", "测序质量评估"]	["WES", "WGS"]		[{"semantic_format": "DNA_VARIANT_VCF_GENERAL", "data_desc": "变异 VCF 数据", "count": 3045, "study": "HRA000873", "project_name": "Whole  exome sequencing  of patients with CRC from the Changkang project", "tumor_subtype": "Colorectal Cancer"}, {"semantic_format": "RAW_PAIRED_END_R1_FASTQ", "data_desc": "原始双端测序数据（R1）", "count": 2030, "study": "HRA000873", "project_name": "Whole  exome sequencing  of patients with CRC from the Changkang project", "tumor_subtype": "Colorectal Cancer"}, {"semantic_format": "RAW_PAIRED_END_R2_FASTQ", "data_desc": "原始双端测序数据（R2）", "count": 2030, "study": "HRA000873", "project_name": "Whole  exome sequencing  of patients with CRC from the Changkang project", "tumor_subtype": "Colorectal Cancer"}]
class100150	class1_tool_recommend	single_tool	共表达网络分析	T050	wgcna_hub	HRA000074	Chinese Glioma Genome Altas (CGGA) - RNA-seq dataset (693)	High grade glioma	我想对基因表达矩阵/表格数据完成共表达网络分析，应该用什么工具？	推荐工具 wgcna_hub（共表达网络分析）。该工具需要输入：临床表型数据、样本元数据、基因表达矩阵/表格数据。图谱中项目 Chinese Glioma Genome Altas (CGGA) - RNA-seq dataset (693) 的 HRA000074（癌种：High grade glioma）存在这些输入数据，共 5 个匹配文件（文件引用已脱敏）。	["CLINICAL_DATA_EXCEL", "METADATA_SAMPLE_INFO", "TABULAR_BIO_DATA"]	[]	["共表达网络分析"]	["Clinical", "bulk_RNA"]		[{"semantic_format": "CLINICAL_DATA_EXCEL", "data_desc": "临床表型数据", "count": 1, "study": "HRA000074", "project_name": "Chinese Glioma Genome Altas (CGGA) - RNA-seq dataset (693)", "tumor_subtype": "High grade glioma"}, {"semantic_format": "METADATA_SAMPLE_INFO", "data_desc": "样本元数据", "count": 1, "study": "HRA000074", "project_name": "Chinese Glioma Genome Altas (CGGA) - RNA-seq dataset (693)", "tumor_subtype": "High grade glioma"}, {"semantic_format": "TABULAR_BIO_DATA", "data_desc": "基因表达矩阵/表格数据", "count": 3, "study": "HRA000074", "project_name": "Chinese Glioma Genome Altas (CGGA) - RNA-seq dataset (693)", "tumor_subtype": "High grade glioma"}]
class100151	class1_tool_recommend	single_tool	共表达网络分析	T051	wgcna_module_trait	HRA000074	Chinese Glioma Genome Altas (CGGA) - RNA-seq dataset (693)	High grade glioma	项目Chinese Glioma Genome Altas (CGGA) - RNA-seq dataset (693)中有基因表达矩阵/表格数据，要完成共表达网络分析，推荐使用哪个工具？	推荐工具 wgcna_module_trait（共表达网络分析）。该工具需要输入：临床表型数据、样本元数据、基因表达矩阵/表格数据。图谱中项目 Chinese Glioma Genome Altas (CGGA) - RNA-seq dataset (693) 的 HRA000074（癌种：High grade glioma）存在这些输入数据，共 5 个匹配文件（文件引用已脱敏）。	["CLINICAL_DATA_EXCEL", "METADATA_SAMPLE_INFO", "TABULAR_BIO_DATA"]	[]	["共表达网络分析"]	["Clinical", "bulk_RNA"]		[{"semantic_format": "CLINICAL_DATA_EXCEL", "data_desc": "临床表型数据", "count": 1, "study": "HRA000074", "project_name": "Chinese Glioma Genome Altas (CGGA) - RNA-seq dataset (693)", "tumor_subtype": "High grade glioma"}, {"semantic_format": "METADATA_SAMPLE_INFO", "data_desc": "样本元数据", "count": 1, "study": "HRA000074", "project_name": "Chinese Glioma Genome Altas (CGGA) - RNA-seq dataset (693)", "tumor_subtype": "High grade glioma"}, {"semantic_format": "TABULAR_BIO_DATA", "data_desc": "基因表达矩阵/表格数据", "count": 3, "study": "HRA000074", "project_name": "Chinese Glioma Genome Altas (CGGA) - RNA-seq dataset (693)", "tumor_subtype": "High grade glioma"}]
class100152	class1_tool_recommend	single_tool	变异过滤与处理	T052	gatk_germline_cohort	HRA006499	Pharmacogenomic profiling of intra-tumor heterogeneity by a large organoid biobank of liver cancer	Liver Cancer	我拿到了Pharmacogenomic profiling of intra-tumor heterogeneity by a large organoid biobank of liver cancer的碱基质量校正后的比对 BAM 数据，目标是变异过滤与处理，应该选哪个工具？	推荐工具 gatk_germline_cohort（变异过滤与处理）。该工具需要输入：临床表型数据、基因组比对 BAM 数据、VCF 索引数据、变异 VCF 数据、样本元数据（另需公共参考资源：参考基因组 FASTA、目标区间列表）。图谱中项目 Pharmacogenomic profiling of intra-tumor heterogeneity by a large organoid biobank of liver cancer 的 HRA006499（癌种：Liver Cancer）存在这些输入数据，共 2793 个匹配文件（文件引用已脱敏）。	["CLINICAL_DATA_EXCEL", "DNA_GENOMIC_ALIGNMENT_BAM", "DNA_VARIANT_INDEX_TBI", "DNA_VARIANT_VCF_GENERAL", "METADATA_SAMPLE_INFO"]	["REFERENCE_GENOME_FASTA", "TARGET_INTERVAL_LIST"]	["变异过滤与处理", "胚系变异检测"]	["Clinical", "WES", "WGS"]		[{"semantic_format": "CLINICAL_DATA_EXCEL", "data_desc": "临床表型数据", "count": 1, "study": "HRA006499", "project_name": "Pharmacogenomic profiling of intra-tumor heterogeneity by a large organoid biobank of liver cancer", "tumor_subtype": "Liver Cancer"}, {"semantic_format": "DNA_ALIGNMENT_BQSR_BAM", "data_desc": "碱基质量校正后的比对 BAM 数据", "count": 763, "study": "HRA006499", "project_name": "Pharmacogenomic profiling of intra-tumor heterogeneity by a large organoid biobank of liver cancer", "tumor_subtype": "Liver Cancer"}, {"semantic_format": "DNA_VARIANT_INDEX_TBI", "data_desc": "VCF 索引数据", "count": 1014, "study": "HRA006499", "project_name": "Pharmacogenomic profiling of intra-tumor heterogeneity by a large organoid biobank of liver cancer", "tumor_subtype": "Liver Cancer"}, {"semantic_format": "DNA_VARIANT_VCF_GENERAL", "data_desc": "变异 VCF 数据", "count": 1014, "study": "HRA006499", "project_name": "Pharmacogenomic profiling of intra-tumor heterogeneity by a large organoid biobank of liver cancer", "tumor_subtype": "Liver Cancer"}, {"semantic_format": "METADATA_SAMPLE_INFO", "data_desc": "样本元数据", "count": 1, "study": "HRA006499", "project_name": "Pharmacogenomic profiling of intra-tumor heterogeneity by a large organoid biobank of liver cancer", "tumor_subtype": "Liver Cancer"}]
class100153	class1_tool_recommend	single_tool	结构变异检测	T053	manta_structural_variants	HRA000122	Integrated Genomic Analyses Identify High-Risk Factors Associated with Poor Outcomes of T-ALL	Acute T cell leukemia	要完成结构变异检测，手上有转录组比对 BAM 数据，适合的工具是什么？	推荐工具 manta_structural_variants（结构变异检测）。该工具需要输入：基因组比对 BAM 数据（另需公共参考资源：参考基因组 FASTA）。图谱中项目 Integrated Genomic Analyses Identify High-Risk Factors Associated with Poor Outcomes of T-ALL 的 HRA000122（癌种：Acute T cell leukemia）存在这些输入数据，共 124 个匹配文件（文件引用已脱敏）。	["DNA_GENOMIC_ALIGNMENT_BAM"]	["REFERENCE_GENOME_FASTA"]	["结构变异检测"]	["WES", "WGS"]		[{"semantic_format": "RNA_TRANSCRIPTOME_ALIGNMENT_BAM", "data_desc": "转录组比对 BAM 数据", "count": 124, "study": "HRA000122", "project_name": "Integrated Genomic Analyses Identify High-Risk Factors Associated with Poor Outcomes of T-ALL", "tumor_subtype": "Acute T cell leukemia"}]
class100154	class1_tool_recommend	single_tool	基因融合检测	T054	star_fusion	HRA000073	Chinese Glioma Genome Altas (CGGA) - RNA-seq dataset (325)	Malignant Glioma	基于Chinese Glioma Genome Altas (CGGA) - RNA-seq dataset (325)的原始双端测序数据（R1）做基因融合检测，应该使用什么工具？	推荐工具 star_fusion（基因融合检测）。该工具需要输入：样本元数据、原始双端测序数据（R1）、原始双端测序数据（R2）。图谱中项目 Chinese Glioma Genome Altas (CGGA) - RNA-seq dataset (325) 的 HRA000073（癌种：Malignant Glioma）存在这些输入数据，共 651 个匹配文件（文件引用已脱敏）。	["METADATA_SAMPLE_INFO", "RAW_PAIRED_END_R1_FASTQ", "RAW_PAIRED_END_R2_FASTQ"]	[]	["基因融合检测"]	["Clinical", "bulk_RNA"]		[{"semantic_format": "METADATA_SAMPLE_INFO", "data_desc": "样本元数据", "count": 1, "study": "HRA000073", "project_name": "Chinese Glioma Genome Altas (CGGA) - RNA-seq dataset (325)", "tumor_subtype": "Malignant Glioma"}, {"semantic_format": "RAW_PAIRED_END_R1_FASTQ", "data_desc": "原始双端测序数据（R1）", "count": 325, "study": "HRA000073", "project_name": "Chinese Glioma Genome Altas (CGGA) - RNA-seq dataset (325)", "tumor_subtype": "Malignant Glioma"}, {"semantic_format": "RAW_PAIRED_END_R2_FASTQ", "data_desc": "原始双端测序数据（R2）", "count": 325, "study": "HRA000073", "project_name": "Chinese Glioma Genome Altas (CGGA) - RNA-seq dataset (325)", "tumor_subtype": "Malignant Glioma"}]
class100155	class1_tool_recommend	single_tool	接头与低质量序列修剪	T001	fastp	HRA001272	Integrated genomic and transcriptomic profiling dissects spatiotemporal evolution of metastatic hepatocellular carcinoma	Hepatocellular carcinoma	我想对原始双端测序数据（R1）完成接头与低质量序列修剪，应该用什么工具？	推荐工具 fastp（接头与低质量序列修剪）。该工具需要输入：原始双端测序数据（R1）、原始双端测序数据（R2）。图谱中项目 Integrated genomic and transcriptomic profiling dissects spatiotemporal evolution of metastatic hepatocellular carcinoma 的 HRA001272（癌种：Hepatocellular carcinoma）存在这些输入数据，共 2360 个匹配文件（文件引用已脱敏）。	["RAW_PAIRED_END_R1_FASTQ", "RAW_PAIRED_END_R2_FASTQ"]	[]	["接头与低质量序列修剪", "测序质量评估"]	["WES"]		[{"semantic_format": "RAW_PAIRED_END_R1_FASTQ", "data_desc": "原始双端测序数据（R1）", "count": 1180, "study": "HRA001272", "project_name": "Integrated genomic and transcriptomic profiling dissects spatiotemporal evolution of metastatic hepatocellular carcinoma", "tumor_subtype": "Hepatocellular carcinoma"}, {"semantic_format": "RAW_PAIRED_END_R2_FASTQ", "data_desc": "原始双端测序数据（R2）", "count": 1180, "study": "HRA001272", "project_name": "Integrated genomic and transcriptomic profiling dissects spatiotemporal evolution of metastatic hepatocellular carcinoma", "tumor_subtype": "Hepatocellular carcinoma"}]
class100156	class1_tool_recommend	single_tool	测序质量评估	T002	fastqc	HRA000073	Chinese Glioma Genome Altas (CGGA) - RNA-seq dataset (325)	Malignant Glioma	项目Chinese Glioma Genome Altas (CGGA) - RNA-seq dataset (325)中有原始双端测序数据（R1），要完成测序质量评估，推荐使用哪个工具？	推荐工具 fastqc（测序质量评估）。该工具需要输入：原始单端测序数据。图谱中项目 Chinese Glioma Genome Altas (CGGA) - RNA-seq dataset (325) 的 HRA000073（癌种：Malignant Glioma）存在这些输入数据，共 650 个匹配文件（文件引用已脱敏）。	["RAW_SINGLE_END_FASTQ"]	[]	["可视化与报告", "测序质量评估"]	["WES", "WGS", "bulk_RNA", "sc-RNA"]		[{"semantic_format": "RAW_PAIRED_END_R1_FASTQ", "data_desc": "原始双端测序数据（R1）", "count": 325, "study": "HRA000073", "project_name": "Chinese Glioma Genome Altas (CGGA) - RNA-seq dataset (325)", "tumor_subtype": "Malignant Glioma"}, {"semantic_format": "RAW_PAIRED_END_R2_FASTQ", "data_desc": "原始双端测序数据（R2）", "count": 325, "study": "HRA000073", "project_name": "Chinese Glioma Genome Altas (CGGA) - RNA-seq dataset (325)", "tumor_subtype": "Malignant Glioma"}]
class100157	class1_tool_recommend	single_tool	单细胞比对与定量	T003	cellranger_workflow	HRA001272	Integrated genomic and transcriptomic profiling dissects spatiotemporal evolution of metastatic hepatocellular carcinoma	Hepatocellular carcinoma	我拿到了Integrated genomic and transcriptomic profiling dissects spatiotemporal evolution of metastatic hepatocellular carcinoma的原始双端测序数据（R1），目标是单细胞比对与定量，应该选哪个工具？	推荐工具 cellranger_workflow（单细胞比对与定量）。该工具需要输入：基因组比对 BAM 数据、原始单端测序数据。图谱中项目 Integrated genomic and transcriptomic profiling dissects spatiotemporal evolution of metastatic hepatocellular carcinoma 的 HRA001272（癌种：Hepatocellular carcinoma）存在这些输入数据，共 3540 个匹配文件（文件引用已脱敏）。	["DNA_GENOMIC_ALIGNMENT_BAM", "RAW_SINGLE_END_FASTQ"]	[]	["单细胞比对与定量", "可视化与报告", "测序质量评估"]	["bulk_RNA", "sc-RNA"]		[{"semantic_format": "DNA_ALIGNMENT_BQSR_BAM", "data_desc": "碱基质量校正后的比对 BAM 数据", "count": 750, "study": "HRA001272", "project_name": "Integrated genomic and transcriptomic profiling dissects spatiotemporal evolution of metastatic hepatocellular carcinoma", "tumor_subtype": "Hepatocellular carcinoma"}, {"semantic_format": "RNA_TRANSCRIPTOME_ALIGNMENT_BAM", "data_desc": "转录组比对 BAM 数据", "count": 430, "study": "HRA001272", "project_name": "Integrated genomic and transcriptomic profiling dissects spatiotemporal evolution of metastatic hepatocellular carcinoma", "tumor_subtype": "Hepatocellular carcinoma"}, {"semantic_format": "RAW_PAIRED_END_R1_FASTQ", "data_desc": "原始双端测序数据（R1）", "count": 1180, "study": "HRA001272", "project_name": "Integrated genomic and transcriptomic profiling dissects spatiotemporal evolution of metastatic hepatocellular carcinoma", "tumor_subtype": "Hepatocellular carcinoma"}, {"semantic_format": "RAW_PAIRED_END_R2_FASTQ", "data_desc": "原始双端测序数据（R2）", "count": 1180, "study": "HRA001272", "project_name": "Integrated genomic and transcriptomic profiling dissects spatiotemporal evolution of metastatic hepatocellular carcinoma", "tumor_subtype": "Hepatocellular carcinoma"}]
class100158	class1_tool_recommend	single_tool	接头与低质量序列修剪	T004	trim_galore	HRA000122	Integrated Genomic Analyses Identify High-Risk Factors Associated with Poor Outcomes of T-ALL	Acute T cell leukemia	要完成接头与低质量序列修剪，手上有原始双端测序数据（R1），适合的工具是什么？	推荐工具 trim_galore（接头与低质量序列修剪）。该工具需要输入：原始双端测序数据（R1）、原始双端测序数据（R2）。图谱中项目 Integrated Genomic Analyses Identify High-Risk Factors Associated with Poor Outcomes of T-ALL 的 HRA000122（癌种：Acute T cell leukemia）存在这些输入数据，共 696 个匹配文件（文件引用已脱敏）。	["RAW_PAIRED_END_R1_FASTQ", "RAW_PAIRED_END_R2_FASTQ"]	[]	["接头与低质量序列修剪"]	["bulk_RNA"]		[{"semantic_format": "RAW_PAIRED_END_R1_FASTQ", "data_desc": "原始双端测序数据（R1）", "count": 348, "study": "HRA000122", "project_name": "Integrated Genomic Analyses Identify High-Risk Factors Associated with Poor Outcomes of T-ALL", "tumor_subtype": "Acute T cell leukemia"}, {"semantic_format": "RAW_PAIRED_END_R2_FASTQ", "data_desc": "原始双端测序数据（R2）", "count": 348, "study": "HRA000122", "project_name": "Integrated Genomic Analyses Identify High-Risk Factors Associated with Poor Outcomes of T-ALL", "tumor_subtype": "Acute T cell leukemia"}]
class100159	class1_tool_recommend	single_tool	RNA序列比对	T005	star	HRA000122	Integrated Genomic Analyses Identify High-Risk Factors Associated with Poor Outcomes of T-ALL	Acute T cell leukemia	基于Integrated Genomic Analyses Identify High-Risk Factors Associated with Poor Outcomes of T-ALL的原始双端测序数据（R1）做RNA序列比对，应该使用什么工具？	推荐工具 star（RNA序列比对）。该工具需要输入：原始双端测序数据（R1）、原始双端测序数据（R2）（另需公共参考资源：参考基因组 FASTA）。图谱中项目 Integrated Genomic Analyses Identify High-Risk Factors Associated with Poor Outcomes of T-ALL 的 HRA000122（癌种：Acute T cell leukemia）存在这些输入数据，共 696 个匹配文件（文件引用已脱敏）。	["RAW_PAIRED_END_R1_FASTQ", "RAW_PAIRED_END_R2_FASTQ"]	["REFERENCE_GENOME_FASTA"]	["RNA序列比对"]	["bulk_RNA"]		[{"semantic_format": "RAW_PAIRED_END_R1_FASTQ", "data_desc": "原始双端测序数据（R1）", "count": 348, "study": "HRA000122", "project_name": "Integrated Genomic Analyses Identify High-Risk Factors Associated with Poor Outcomes of T-ALL", "tumor_subtype": "Acute T cell leukemia"}, {"semantic_format": "RAW_PAIRED_END_R2_FASTQ", "data_desc": "原始双端测序数据（R2）", "count": 348, "study": "HRA000122", "project_name": "Integrated Genomic Analyses Identify High-Risk Factors Associated with Poor Outcomes of T-ALL", "tumor_subtype": "Acute T cell leukemia"}]
class100160	class1_tool_recommend	single_tool	DNA序列比对	T006	bwa	HRA001272	Integrated genomic and transcriptomic profiling dissects spatiotemporal evolution of metastatic hepatocellular carcinoma	Hepatocellular carcinoma	我想对原始双端测序数据（R1）完成DNA序列比对，应该用什么工具？	推荐工具 bwa（DNA序列比对）。该工具需要输入：原始双端测序数据（R1）、原始双端测序数据（R2）（另需公共参考资源：参考基因组 FASTA）。图谱中项目 Integrated genomic and transcriptomic profiling dissects spatiotemporal evolution of metastatic hepatocellular carcinoma 的 HRA001272（癌种：Hepatocellular carcinoma）存在这些输入数据，共 2360 个匹配文件（文件引用已脱敏）。	["RAW_PAIRED_END_R1_FASTQ", "RAW_PAIRED_END_R2_FASTQ"]	["REFERENCE_GENOME_FASTA"]	["DNA序列比对"]	["WES"]		[{"semantic_format": "RAW_PAIRED_END_R1_FASTQ", "data_desc": "原始双端测序数据（R1）", "count": 1180, "study": "HRA001272", "project_name": "Integrated genomic and transcriptomic profiling dissects spatiotemporal evolution of metastatic hepatocellular carcinoma", "tumor_subtype": "Hepatocellular carcinoma"}, {"semantic_format": "RAW_PAIRED_END_R2_FASTQ", "data_desc": "原始双端测序数据（R2）", "count": 1180, "study": "HRA001272", "project_name": "Integrated genomic and transcriptomic profiling dissects spatiotemporal evolution of metastatic hepatocellular carcinoma", "tumor_subtype": "Hepatocellular carcinoma"}]
class100161	class1_tool_recommend	single_tool	比对后处理与去重	T007	samtools	HRA000074	Chinese Glioma Genome Altas (CGGA) - RNA-seq dataset (693)	High grade glioma	项目Chinese Glioma Genome Altas (CGGA) - RNA-seq dataset (693)中有转录组比对 BAM 数据，要完成比对后处理与去重，推荐使用哪个工具？	推荐工具 samtools（比对后处理与去重）。该工具需要输入：基因组比对 BAM 数据。图谱中项目 Chinese Glioma Genome Altas (CGGA) - RNA-seq dataset (693) 的 HRA000074（癌种：High grade glioma）存在这些输入数据，共 693 个匹配文件（文件引用已脱敏）。	["DNA_GENOMIC_ALIGNMENT_BAM"]	[]	["比对后处理与去重"]	["WES", "WGS", "bulk_RNA"]		[{"semantic_format": "RNA_TRANSCRIPTOME_ALIGNMENT_BAM", "data_desc": "转录组比对 BAM 数据", "count": 693, "study": "HRA000074", "project_name": "Chinese Glioma Genome Altas (CGGA) - RNA-seq dataset (693)", "tumor_subtype": "High grade glioma"}]
class100162	class1_tool_recommend	single_tool	体细胞变异检测	T008	gatk	HRA001272	Integrated genomic and transcriptomic profiling dissects spatiotemporal evolution of metastatic hepatocellular carcinoma	Hepatocellular carcinoma	我拿到了Integrated genomic and transcriptomic profiling dissects spatiotemporal evolution of metastatic hepatocellular carcinoma的转录组比对 BAM 数据，目标是体细胞变异检测，应该选哪个工具？	推荐工具 gatk（体细胞变异检测）。该工具需要输入：基因组比对 BAM 数据（另需公共参考资源：参考基因组 FASTA、目标区间列表）。图谱中项目 Integrated genomic and transcriptomic profiling dissects spatiotemporal evolution of metastatic hepatocellular carcinoma 的 HRA001272（癌种：Hepatocellular carcinoma）存在这些输入数据，共 1180 个匹配文件（文件引用已脱敏）。	["DNA_GENOMIC_ALIGNMENT_BAM"]	["REFERENCE_GENOME_FASTA", "TARGET_INTERVAL_LIST"]	["体细胞变异检测", "变异质量校正"]	["WES"]		[{"semantic_format": "DNA_ALIGNMENT_BQSR_BAM", "data_desc": "碱基质量校正后的比对 BAM 数据", "count": 750, "study": "HRA001272", "project_name": "Integrated genomic and transcriptomic profiling dissects spatiotemporal evolution of metastatic hepatocellular carcinoma", "tumor_subtype": "Hepatocellular carcinoma"}, {"semantic_format": "RNA_TRANSCRIPTOME_ALIGNMENT_BAM", "data_desc": "转录组比对 BAM 数据", "count": 430, "study": "HRA001272", "project_name": "Integrated genomic and transcriptomic profiling dissects spatiotemporal evolution of metastatic hepatocellular carcinoma", "tumor_subtype": "Hepatocellular carcinoma"}]
class100163	class1_tool_recommend	single_tool	变异过滤与处理	T009	bcftools	HRA007169	Multi-omics of acral melanoma	Acral melanoma	要完成变异过滤与处理，手上有变异 VCF 数据，适合的工具是什么？	推荐工具 bcftools（变异过滤与处理）。该工具需要输入：VCF 索引数据、变异 VCF 数据（另需公共参考资源：参考基因组 FASTA）。图谱中项目 Multi-omics of acral melanoma 的 HRA007169（癌种：Acral melanoma）存在这些输入数据，共 532 个匹配文件（文件引用已脱敏）。	["DNA_VARIANT_INDEX_TBI", "DNA_VARIANT_VCF_GENERAL"]	["REFERENCE_GENOME_FASTA"]	["变异过滤与处理", "可视化与报告"]	["WES"]		[{"semantic_format": "DNA_VARIANT_INDEX_TBI", "data_desc": "VCF 索引数据", "count": 152, "study": "HRA007169", "project_name": "Multi-omics of acral melanoma", "tumor_subtype": "Acral melanoma"}, {"semantic_format": "DNA_VARIANT_VCF_GENERAL", "data_desc": "变异 VCF 数据", "count": 380, "study": "HRA007169", "project_name": "Multi-omics of acral melanoma", "tumor_subtype": "Acral melanoma"}]
class100164	class1_tool_recommend	single_tool	变异注释	T010	snpeff	HRA001272	Integrated genomic and transcriptomic profiling dissects spatiotemporal evolution of metastatic hepatocellular carcinoma	Hepatocellular carcinoma	基于Integrated genomic and transcriptomic profiling dissects spatiotemporal evolution of metastatic hepatocellular carcinoma的变异 VCF 数据做变异注释，应该使用什么工具？	推荐工具 snpeff（变异注释）。该工具需要输入：变异 VCF 数据（另需公共参考资源：参考基因组 FASTA）。图谱中项目 Integrated genomic and transcriptomic profiling dissects spatiotemporal evolution of metastatic hepatocellular carcinoma 的 HRA001272（癌种：Hepatocellular carcinoma）存在这些输入数据，共 1909 个匹配文件（文件引用已脱敏）。	["DNA_VARIANT_VCF_GENERAL"]	["REFERENCE_GENOME_FASTA"]	["变异注释", "可视化与报告"]	["WES", "WGS"]		[{"semantic_format": "DNA_VARIANT_VCF_GENERAL", "data_desc": "变异 VCF 数据", "count": 1909, "study": "HRA001272", "project_name": "Integrated genomic and transcriptomic profiling dissects spatiotemporal evolution of metastatic hepatocellular carcinoma", "tumor_subtype": "Hepatocellular carcinoma"}]
class100165	class1_tool_recommend	single_tool	表达定量	T011	rsem	HRA001272	Integrated genomic and transcriptomic profiling dissects spatiotemporal evolution of metastatic hepatocellular carcinoma	Hepatocellular carcinoma	我想对转录组比对 BAM 数据完成表达定量，应该用什么工具？	推荐工具 rsem（表达定量）。该工具需要输入：转录组比对 BAM 数据。图谱中项目 Integrated genomic and transcriptomic profiling dissects spatiotemporal evolution of metastatic hepatocellular carcinoma 的 HRA001272（癌种：Hepatocellular carcinoma）存在这些输入数据，共 430 个匹配文件（文件引用已脱敏）。	["RNA_TRANSCRIPTOME_ALIGNMENT_BAM"]	[]	["表达定量"]	["bulk_RNA"]		[{"semantic_format": "RNA_TRANSCRIPTOME_ALIGNMENT_BAM", "data_desc": "转录组比对 BAM 数据", "count": 430, "study": "HRA001272", "project_name": "Integrated genomic and transcriptomic profiling dissects spatiotemporal evolution of metastatic hepatocellular carcinoma", "tumor_subtype": "Hepatocellular carcinoma"}]
class100166	class1_tool_recommend	single_tool	表达定量	T012	featurecounts	HRA001272	Integrated genomic and transcriptomic profiling dissects spatiotemporal evolution of metastatic hepatocellular carcinoma	Hepatocellular carcinoma	项目Integrated genomic and transcriptomic profiling dissects spatiotemporal evolution of metastatic hepatocellular carcinoma中有转录组比对 BAM 数据，要完成表达定量，推荐使用哪个工具？	推荐工具 featurecounts（表达定量）。该工具需要输入：基因组比对 BAM 数据。图谱中项目 Integrated genomic and transcriptomic profiling dissects spatiotemporal evolution of metastatic hepatocellular carcinoma 的 HRA001272（癌种：Hepatocellular carcinoma）存在这些输入数据，共 1180 个匹配文件（文件引用已脱敏）。	["DNA_GENOMIC_ALIGNMENT_BAM"]	[]	["表达定量"]	["bulk_RNA"]		[{"semantic_format": "DNA_ALIGNMENT_BQSR_BAM", "data_desc": "碱基质量校正后的比对 BAM 数据", "count": 750, "study": "HRA001272", "project_name": "Integrated genomic and transcriptomic profiling dissects spatiotemporal evolution of metastatic hepatocellular carcinoma", "tumor_subtype": "Hepatocellular carcinoma"}, {"semantic_format": "RNA_TRANSCRIPTOME_ALIGNMENT_BAM", "data_desc": "转录组比对 BAM 数据", "count": 430, "study": "HRA001272", "project_name": "Integrated genomic and transcriptomic profiling dissects spatiotemporal evolution of metastatic hepatocellular carcinoma", "tumor_subtype": "Hepatocellular carcinoma"}]
class100167	class1_tool_recommend	single_tool	功能富集分析	T014	diff_expr_go	HRA000122	Integrated Genomic Analyses Identify High-Risk Factors Associated with Poor Outcomes of T-ALL	Acute T cell leukemia	我拿到了Integrated Genomic Analyses Identify High-Risk Factors Associated with Poor Outcomes of T-ALL的基因表达矩阵/表格数据，目标是功能富集分析，应该选哪个工具？	推荐工具 diff_expr_go（功能富集分析）。该工具需要输入：基因表达矩阵/表格数据。图谱中项目 Integrated Genomic Analyses Identify High-Risk Factors Associated with Poor Outcomes of T-ALL 的 HRA000122（癌种：Acute T cell leukemia）存在这些输入数据，共 3 个匹配文件（文件引用已脱敏）。	["TABULAR_BIO_DATA"]	[]	["功能富集分析", "差异表达分析"]	["bulk_RNA"]		[{"semantic_format": "TABULAR_BIO_DATA", "data_desc": "基因表达矩阵/表格数据", "count": 3, "study": "HRA000122", "project_name": "Integrated Genomic Analyses Identify High-Risk Factors Associated with Poor Outcomes of T-ALL", "tumor_subtype": "Acute T cell leukemia"}]
class100168	class1_tool_recommend	single_tool	功能富集分析	T015	diff_expr_kegg	HRA000122	Integrated Genomic Analyses Identify High-Risk Factors Associated with Poor Outcomes of T-ALL	Acute T cell leukemia	要完成功能富集分析，手上有基因表达矩阵/表格数据，适合的工具是什么？	推荐工具 diff_expr_kegg（功能富集分析）。该工具需要输入：基因表达矩阵/表格数据。图谱中项目 Integrated Genomic Analyses Identify High-Risk Factors Associated with Poor Outcomes of T-ALL 的 HRA000122（癌种：Acute T cell leukemia）存在这些输入数据，共 3 个匹配文件（文件引用已脱敏）。	["TABULAR_BIO_DATA"]	[]	["功能富集分析", "差异表达分析"]	["bulk_RNA"]		[{"semantic_format": "TABULAR_BIO_DATA", "data_desc": "基因表达矩阵/表格数据", "count": 3, "study": "HRA000122", "project_name": "Integrated Genomic Analyses Identify High-Risk Factors Associated with Poor Outcomes of T-ALL", "tumor_subtype": "Acute T cell leukemia"}]
class100169	class1_tool_recommend	single_tool	突变景观与可视化	T016	driver_gene_gender_analysis	HRA001749	scRNA-seq of liver cancer	Liver Cancer	基于scRNA-seq of liver cancer的体细胞突变 MAF 数据做突变景观与可视化，应该使用什么工具？	推荐工具 driver_gene_gender_analysis（突变景观与可视化）。该工具需要输入：临床表型数据、体细胞突变 MAF 数据。图谱中项目 scRNA-seq of liver cancer 的 HRA001749（癌种：Liver Cancer）存在这些输入数据，共 86 个匹配文件（文件引用已脱敏）。	["CLINICAL_DATA_EXCEL", "MUTATION_ANNOTATION_FORMAT_MAF"]	[]	["可视化与报告", "突变景观与可视化"]	["Clinical", "WES"]		[{"semantic_format": "CLINICAL_DATA_EXCEL", "data_desc": "临床表型数据", "count": 1, "study": "HRA001749", "project_name": "scRNA-seq of liver cancer", "tumor_subtype": "Liver Cancer"}, {"semantic_format": "MUTATION_ANNOTATION_FORMAT_MAF", "data_desc": "体细胞突变 MAF 数据", "count": 85, "study": "HRA001749", "project_name": "scRNA-seq of liver cancer", "tumor_subtype": "Liver Cancer"}]
class100170	class1_tool_recommend	single_tool	生存分析	T017	her2_pfs_survival	HRA000087	Single-cell RNA analysis reveals an epithelial-immune dual feature of tumor cells in nasopharyngeal carcinoma	Nasopharynx Carcinoma	我想对基因表达矩阵/表格数据完成生存分析，应该用什么工具？	推荐工具 her2_pfs_survival（生存分析）。该工具需要输入：临床表型数据、基因表达矩阵/表格数据。图谱中项目 Single-cell RNA analysis reveals an epithelial-immune dual feature of tumor cells in nasopharyngeal carcinoma 的 HRA000087（癌种：Nasopharynx Carcinoma）存在这些输入数据，共 10 个匹配文件（文件引用已脱敏）。	["CLINICAL_DATA_EXCEL", "TABULAR_BIO_DATA"]	[]	["可视化与报告", "生存分析"]	["Clinical", "bulk_RNA"]		[{"semantic_format": "CLINICAL_DATA_EXCEL", "data_desc": "临床表型数据", "count": 1, "study": "HRA000087", "project_name": "Single-cell RNA analysis reveals an epithelial-immune dual feature of tumor cells in nasopharyngeal carcinoma", "tumor_subtype": "Nasopharynx Carcinoma"}, {"semantic_format": "TABULAR_BIO_DATA", "data_desc": "基因表达矩阵/表格数据", "count": 9, "study": "HRA000087", "project_name": "Single-cell RNA analysis reveals an epithelial-immune dual feature of tumor cells in nasopharyngeal carcinoma", "tumor_subtype": "Nasopharynx Carcinoma"}]
class100171	class1_tool_recommend	single_tool	免疫浸润与微环境分析	T018	immune_infiltration_iobr	HRA000087	Single-cell RNA analysis reveals an epithelial-immune dual feature of tumor cells in nasopharyngeal carcinoma	Nasopharynx Carcinoma	项目Single-cell RNA analysis reveals an epithelial-immune dual feature of tumor cells in nasopharyngeal carcinoma中有基因表达矩阵/表格数据，要完成免疫浸润与微环境分析，推荐使用哪个工具？	推荐工具 immune_infiltration_iobr（免疫浸润与微环境分析）。该工具需要输入：临床表型数据、基因表达矩阵/表格数据。图谱中项目 Single-cell RNA analysis reveals an epithelial-immune dual feature of tumor cells in nasopharyngeal carcinoma 的 HRA000087（癌种：Nasopharynx Carcinoma）存在这些输入数据，共 10 个匹配文件（文件引用已脱敏）。	["CLINICAL_DATA_EXCEL", "TABULAR_BIO_DATA"]	[]	["免疫浸润与微环境分析", "可视化与报告"]	["Clinical", "bulk_RNA"]		[{"semantic_format": "CLINICAL_DATA_EXCEL", "data_desc": "临床表型数据", "count": 1, "study": "HRA000087", "project_name": "Single-cell RNA analysis reveals an epithelial-immune dual feature of tumor cells in nasopharyngeal carcinoma", "tumor_subtype": "Nasopharynx Carcinoma"}, {"semantic_format": "TABULAR_BIO_DATA", "data_desc": "基因表达矩阵/表格数据", "count": 9, "study": "HRA000087", "project_name": "Single-cell RNA analysis reveals an epithelial-immune dual feature of tumor cells in nasopharyngeal carcinoma", "tumor_subtype": "Nasopharynx Carcinoma"}]
class100172	class1_tool_recommend	single_tool	序列格式转换	T019	paired_fastq_to_unmapped_bam	HRA001272	Integrated genomic and transcriptomic profiling dissects spatiotemporal evolution of metastatic hepatocellular carcinoma	Hepatocellular carcinoma	我拿到了Integrated genomic and transcriptomic profiling dissects spatiotemporal evolution of metastatic hepatocellular carcinoma的原始双端测序数据（R1），目标是序列格式转换，应该选哪个工具？	推荐工具 paired_fastq_to_unmapped_bam（序列格式转换）。该工具需要输入：基因组比对 BAM 数据、原始双端测序数据（R1）、原始双端测序数据（R2）。图谱中项目 Integrated genomic and transcriptomic profiling dissects spatiotemporal evolution of metastatic hepatocellular carcinoma 的 HRA001272（癌种：Hepatocellular carcinoma）存在这些输入数据，共 3540 个匹配文件（文件引用已脱敏）。	["DNA_GENOMIC_ALIGNMENT_BAM", "RAW_PAIRED_END_R1_FASTQ", "RAW_PAIRED_END_R2_FASTQ"]	[]	["序列格式转换"]	["WES"]		[{"semantic_format": "DNA_ALIGNMENT_BQSR_BAM", "data_desc": "碱基质量校正后的比对 BAM 数据", "count": 750, "study": "HRA001272", "project_name": "Integrated genomic and transcriptomic profiling dissects spatiotemporal evolution of metastatic hepatocellular carcinoma", "tumor_subtype": "Hepatocellular carcinoma"}, {"semantic_format": "RNA_TRANSCRIPTOME_ALIGNMENT_BAM", "data_desc": "转录组比对 BAM 数据", "count": 430, "study": "HRA001272", "project_name": "Integrated genomic and transcriptomic profiling dissects spatiotemporal evolution of metastatic hepatocellular carcinoma", "tumor_subtype": "Hepatocellular carcinoma"}, {"semantic_format": "RAW_PAIRED_END_R1_FASTQ", "data_desc": "原始双端测序数据（R1）", "count": 1180, "study": "HRA001272", "project_name": "Integrated genomic and transcriptomic profiling dissects spatiotemporal evolution of metastatic hepatocellular carcinoma", "tumor_subtype": "Hepatocellular carcinoma"}, {"semantic_format": "RAW_PAIRED_END_R2_FASTQ", "data_desc": "原始双端测序数据（R2）", "count": 1180, "study": "HRA001272", "project_name": "Integrated genomic and transcriptomic profiling dissects spatiotemporal evolution of metastatic hepatocellular carcinoma", "tumor_subtype": "Hepatocellular carcinoma"}]
class100173	class1_tool_recommend	single_tool	无监督聚类分析	T020	rnaseq_unsupervised_cluster	HRA000122	Integrated Genomic Analyses Identify High-Risk Factors Associated with Poor Outcomes of T-ALL	Acute T cell leukemia	要完成无监督聚类分析，手上有基因表达矩阵/表格数据，适合的工具是什么？	推荐工具 rnaseq_unsupervised_cluster（无监督聚类分析）。该工具需要输入：基因表达矩阵/表格数据。图谱中项目 Integrated Genomic Analyses Identify High-Risk Factors Associated with Poor Outcomes of T-ALL 的 HRA000122（癌种：Acute T cell leukemia）存在这些输入数据，共 3 个匹配文件（文件引用已脱敏）。	["TABULAR_BIO_DATA"]	[]	["可视化与报告", "无监督聚类分析"]	["bulk_RNA"]		[{"semantic_format": "TABULAR_BIO_DATA", "data_desc": "基因表达矩阵/表格数据", "count": 3, "study": "HRA000122", "project_name": "Integrated Genomic Analyses Identify High-Risk Factors Associated with Poor Outcomes of T-ALL", "tumor_subtype": "Acute T cell leukemia"}]
class100174	class1_tool_recommend	single_tool	生存分析	T021	survival_analysis	HRA001749	scRNA-seq of liver cancer	Liver Cancer	基于scRNA-seq of liver cancer的体细胞突变 MAF 数据做生存分析，应该使用什么工具？	推荐工具 survival_analysis（生存分析）。该工具需要输入：临床表型数据、体细胞突变 MAF 数据。图谱中项目 scRNA-seq of liver cancer 的 HRA001749（癌种：Liver Cancer）存在这些输入数据，共 86 个匹配文件（文件引用已脱敏）。	["CLINICAL_DATA_EXCEL", "MUTATION_ANNOTATION_FORMAT_MAF"]	[]	["生存分析"]	["Clinical", "WES"]		[{"semantic_format": "CLINICAL_DATA_EXCEL", "data_desc": "临床表型数据", "count": 1, "study": "HRA001749", "project_name": "scRNA-seq of liver cancer", "tumor_subtype": "Liver Cancer"}, {"semantic_format": "MUTATION_ANNOTATION_FORMAT_MAF", "data_desc": "体细胞突变 MAF 数据", "count": 85, "study": "HRA001749", "project_name": "scRNA-seq of liver cancer", "tumor_subtype": "Liver Cancer"}]
class100175	class1_tool_recommend	single_tool	生存分析	T022	tmb_survival_analysis	HRA001749	scRNA-seq of liver cancer	Liver Cancer	我想对体细胞突变 MAF 数据完成生存分析，应该用什么工具？	推荐工具 tmb_survival_analysis（生存分析）。该工具需要输入：临床表型数据、体细胞突变 MAF 数据。图谱中项目 scRNA-seq of liver cancer 的 HRA001749（癌种：Liver Cancer）存在这些输入数据，共 86 个匹配文件（文件引用已脱敏）。	["CLINICAL_DATA_EXCEL", "MUTATION_ANNOTATION_FORMAT_MAF"]	[]	["生存分析", "突变景观与可视化"]	["Clinical", "WES"]		[{"semantic_format": "CLINICAL_DATA_EXCEL", "data_desc": "临床表型数据", "count": 1, "study": "HRA001749", "project_name": "scRNA-seq of liver cancer", "tumor_subtype": "Liver Cancer"}, {"semantic_format": "MUTATION_ANNOTATION_FORMAT_MAF", "data_desc": "体细胞突变 MAF 数据", "count": 85, "study": "HRA001749", "project_name": "scRNA-seq of liver cancer", "tumor_subtype": "Liver Cancer"}]
class100176	class1_tool_recommend	single_tool	突变景观与可视化	T023	wes_somatic_maf_landscape	HRA001749	scRNA-seq of liver cancer	Liver Cancer	项目scRNA-seq of liver cancer中有体细胞突变 MAF 数据，要完成突变景观与可视化，推荐使用哪个工具？	推荐工具 wes_somatic_maf_landscape（突变景观与可视化）。该工具需要输入：体细胞突变 MAF 数据。图谱中项目 scRNA-seq of liver cancer 的 HRA001749（癌种：Liver Cancer）存在这些输入数据，共 85 个匹配文件（文件引用已脱敏）。	["MUTATION_ANNOTATION_FORMAT_MAF"]	[]	["突变景观与可视化"]	["WES"]		[{"semantic_format": "MUTATION_ANNOTATION_FORMAT_MAF", "data_desc": "体细胞突变 MAF 数据", "count": 85, "study": "HRA001749", "project_name": "scRNA-seq of liver cancer", "tumor_subtype": "Liver Cancer"}]
class100177	class1_tool_recommend	single_tool	共表达网络分析	T024	wgcna	HRA000087	Single-cell RNA analysis reveals an epithelial-immune dual feature of tumor cells in nasopharyngeal carcinoma	Nasopharynx Carcinoma	我拿到了Single-cell RNA analysis reveals an epithelial-immune dual feature of tumor cells in nasopharyngeal carcinoma的基因表达矩阵/表格数据，目标是共表达网络分析，应该选哪个工具？	推荐工具 wgcna（共表达网络分析）。该工具需要输入：临床表型数据、基因表达矩阵/表格数据。图谱中项目 Single-cell RNA analysis reveals an epithelial-immune dual feature of tumor cells in nasopharyngeal carcinoma 的 HRA000087（癌种：Nasopharynx Carcinoma）存在这些输入数据，共 10 个匹配文件（文件引用已脱敏）。	["CLINICAL_DATA_EXCEL", "TABULAR_BIO_DATA"]	[]	["共表达网络分析"]	["Clinical", "bulk_RNA"]		[{"semantic_format": "CLINICAL_DATA_EXCEL", "data_desc": "临床表型数据", "count": 1, "study": "HRA000087", "project_name": "Single-cell RNA analysis reveals an epithelial-immune dual feature of tumor cells in nasopharyngeal carcinoma", "tumor_subtype": "Nasopharynx Carcinoma"}, {"semantic_format": "TABULAR_BIO_DATA", "data_desc": "基因表达矩阵/表格数据", "count": 9, "study": "HRA000087", "project_name": "Single-cell RNA analysis reveals an epithelial-immune dual feature of tumor cells in nasopharyngeal carcinoma", "tumor_subtype": "Nasopharynx Carcinoma"}]
class100178	class1_tool_recommend	single_tool	拷贝数变异分析	T028	cnvkit_cnv_clinical	HRA000074	Chinese Glioma Genome Altas (CGGA) - RNA-seq dataset (693)	High grade glioma	要完成拷贝数变异分析，手上有转录组比对 BAM 数据，适合的工具是什么？	推荐工具 cnvkit_cnv_clinical（拷贝数变异分析）。该工具需要输入：基因组比对 BAM 数据。图谱中项目 Chinese Glioma Genome Altas (CGGA) - RNA-seq dataset (693) 的 HRA000074（癌种：High grade glioma）存在这些输入数据，共 693 个匹配文件（文件引用已脱敏）。	["DNA_GENOMIC_ALIGNMENT_BAM"]	[]	["可视化与报告", "拷贝数变异分析"]	["Clinical", "WES", "WGS"]		[{"semantic_format": "RNA_TRANSCRIPTOME_ALIGNMENT_BAM", "data_desc": "转录组比对 BAM 数据", "count": 693, "study": "HRA000074", "project_name": "Chinese Glioma Genome Altas (CGGA) - RNA-seq dataset (693)", "tumor_subtype": "High grade glioma"}]
class100179	class1_tool_recommend	single_tool	生存分析	T029	cox_model	HRA000087	Single-cell RNA analysis reveals an epithelial-immune dual feature of tumor cells in nasopharyngeal carcinoma	Nasopharynx Carcinoma	基于Single-cell RNA analysis reveals an epithelial-immune dual feature of tumor cells in nasopharyngeal carcinoma的基因表达矩阵/表格数据做生存分析，应该使用什么工具？	推荐工具 cox_model（生存分析）。该工具需要输入：临床表型数据、样本元数据、基因表达矩阵/表格数据。图谱中项目 Single-cell RNA analysis reveals an epithelial-immune dual feature of tumor cells in nasopharyngeal carcinoma 的 HRA000087（癌种：Nasopharynx Carcinoma）存在这些输入数据，共 11 个匹配文件（文件引用已脱敏）。	["CLINICAL_DATA_EXCEL", "METADATA_SAMPLE_INFO", "TABULAR_BIO_DATA"]	[]	["生存分析"]	["Clinical", "bulk_RNA"]		[{"semantic_format": "CLINICAL_DATA_EXCEL", "data_desc": "临床表型数据", "count": 1, "study": "HRA000087", "project_name": "Single-cell RNA analysis reveals an epithelial-immune dual feature of tumor cells in nasopharyngeal carcinoma", "tumor_subtype": "Nasopharynx Carcinoma"}, {"semantic_format": "METADATA_SAMPLE_INFO", "data_desc": "样本元数据", "count": 1, "study": "HRA000087", "project_name": "Single-cell RNA analysis reveals an epithelial-immune dual feature of tumor cells in nasopharyngeal carcinoma", "tumor_subtype": "Nasopharynx Carcinoma"}, {"semantic_format": "TABULAR_BIO_DATA", "data_desc": "基因表达矩阵/表格数据", "count": 9, "study": "HRA000087", "project_name": "Single-cell RNA analysis reveals an epithelial-immune dual feature of tumor cells in nasopharyngeal carcinoma", "tumor_subtype": "Nasopharynx Carcinoma"}]
class100180	class1_tool_recommend	single_tool	功能富集分析	T032	de_enrichment	HRA000087	Single-cell RNA analysis reveals an epithelial-immune dual feature of tumor cells in nasopharyngeal carcinoma	Nasopharynx Carcinoma	我想对基因表达矩阵/表格数据完成功能富集分析，应该用什么工具？	推荐工具 de_enrichment（功能富集分析）。该工具需要输入：临床表型数据、样本元数据、基因表达矩阵/表格数据。图谱中项目 Single-cell RNA analysis reveals an epithelial-immune dual feature of tumor cells in nasopharyngeal carcinoma 的 HRA000087（癌种：Nasopharynx Carcinoma）存在这些输入数据，共 11 个匹配文件（文件引用已脱敏）。	["CLINICAL_DATA_EXCEL", "METADATA_SAMPLE_INFO", "TABULAR_BIO_DATA"]	[]	["功能富集分析", "可视化与报告", "差异表达分析"]	["Clinical", "bulk_RNA"]		[{"semantic_format": "CLINICAL_DATA_EXCEL", "data_desc": "临床表型数据", "count": 1, "study": "HRA000087", "project_name": "Single-cell RNA analysis reveals an epithelial-immune dual feature of tumor cells in nasopharyngeal carcinoma", "tumor_subtype": "Nasopharynx Carcinoma"}, {"semantic_format": "METADATA_SAMPLE_INFO", "data_desc": "样本元数据", "count": 1, "study": "HRA000087", "project_name": "Single-cell RNA analysis reveals an epithelial-immune dual feature of tumor cells in nasopharyngeal carcinoma", "tumor_subtype": "Nasopharynx Carcinoma"}, {"semantic_format": "TABULAR_BIO_DATA", "data_desc": "基因表达矩阵/表格数据", "count": 9, "study": "HRA000087", "project_name": "Single-cell RNA analysis reveals an epithelial-immune dual feature of tumor cells in nasopharyngeal carcinoma", "tumor_subtype": "Nasopharynx Carcinoma"}]
class100181	class1_tool_recommend	single_tool	功能富集分析	T033	deg_enrichment	HRA000087	Single-cell RNA analysis reveals an epithelial-immune dual feature of tumor cells in nasopharyngeal carcinoma	Nasopharynx Carcinoma	项目Single-cell RNA analysis reveals an epithelial-immune dual feature of tumor cells in nasopharyngeal carcinoma中有基因表达矩阵/表格数据，要完成功能富集分析，推荐使用哪个工具？	推荐工具 deg_enrichment（功能富集分析）。该工具需要输入：临床表型数据、样本元数据、基因表达矩阵/表格数据。图谱中项目 Single-cell RNA analysis reveals an epithelial-immune dual feature of tumor cells in nasopharyngeal carcinoma 的 HRA000087（癌种：Nasopharynx Carcinoma）存在这些输入数据，共 11 个匹配文件（文件引用已脱敏）。	["CLINICAL_DATA_EXCEL", "METADATA_SAMPLE_INFO", "TABULAR_BIO_DATA"]	[]	["功能富集分析", "差异表达分析"]	["Clinical", "bulk_RNA"]		[{"semantic_format": "CLINICAL_DATA_EXCEL", "data_desc": "临床表型数据", "count": 1, "study": "HRA000087", "project_name": "Single-cell RNA analysis reveals an epithelial-immune dual feature of tumor cells in nasopharyngeal carcinoma", "tumor_subtype": "Nasopharynx Carcinoma"}, {"semantic_format": "METADATA_SAMPLE_INFO", "data_desc": "样本元数据", "count": 1, "study": "HRA000087", "project_name": "Single-cell RNA analysis reveals an epithelial-immune dual feature of tumor cells in nasopharyngeal carcinoma", "tumor_subtype": "Nasopharynx Carcinoma"}, {"semantic_format": "TABULAR_BIO_DATA", "data_desc": "基因表达矩阵/表格数据", "count": 9, "study": "HRA000087", "project_name": "Single-cell RNA analysis reveals an epithelial-immune dual feature of tumor cells in nasopharyngeal carcinoma", "tumor_subtype": "Nasopharynx Carcinoma"}]
class100182	class1_tool_recommend	single_tool	差异表达分析	T034	deg_trend	HRA000087	Single-cell RNA analysis reveals an epithelial-immune dual feature of tumor cells in nasopharyngeal carcinoma	Nasopharynx Carcinoma	我拿到了Single-cell RNA analysis reveals an epithelial-immune dual feature of tumor cells in nasopharyngeal carcinoma的基因表达矩阵/表格数据，目标是差异表达分析，应该选哪个工具？	推荐工具 deg_trend（差异表达分析）。该工具需要输入：临床表型数据、样本元数据、基因表达矩阵/表格数据。图谱中项目 Single-cell RNA analysis reveals an epithelial-immune dual feature of tumor cells in nasopharyngeal carcinoma 的 HRA000087（癌种：Nasopharynx Carcinoma）存在这些输入数据，共 11 个匹配文件（文件引用已脱敏）。	["CLINICAL_DATA_EXCEL", "METADATA_SAMPLE_INFO", "TABULAR_BIO_DATA"]	[]	["可视化与报告", "差异表达分析"]	["Clinical", "bulk_RNA"]		[{"semantic_format": "CLINICAL_DATA_EXCEL", "data_desc": "临床表型数据", "count": 1, "study": "HRA000087", "project_name": "Single-cell RNA analysis reveals an epithelial-immune dual feature of tumor cells in nasopharyngeal carcinoma", "tumor_subtype": "Nasopharynx Carcinoma"}, {"semantic_format": "METADATA_SAMPLE_INFO", "data_desc": "样本元数据", "count": 1, "study": "HRA000087", "project_name": "Single-cell RNA analysis reveals an epithelial-immune dual feature of tumor cells in nasopharyngeal carcinoma", "tumor_subtype": "Nasopharynx Carcinoma"}, {"semantic_format": "TABULAR_BIO_DATA", "data_desc": "基因表达矩阵/表格数据", "count": 9, "study": "HRA000087", "project_name": "Single-cell RNA analysis reveals an epithelial-immune dual feature of tumor cells in nasopharyngeal carcinoma", "tumor_subtype": "Nasopharynx Carcinoma"}]
class100183	class1_tool_recommend	single_tool	可视化与报告	T035	gene_boxplot	HRA000087	Single-cell RNA analysis reveals an epithelial-immune dual feature of tumor cells in nasopharyngeal carcinoma	Nasopharynx Carcinoma	要完成可视化与报告，手上有基因表达矩阵/表格数据，适合的工具是什么？	推荐工具 gene_boxplot（可视化与报告）。该工具需要输入：临床表型数据、样本元数据、基因表达矩阵/表格数据。图谱中项目 Single-cell RNA analysis reveals an epithelial-immune dual feature of tumor cells in nasopharyngeal carcinoma 的 HRA000087（癌种：Nasopharynx Carcinoma）存在这些输入数据，共 11 个匹配文件（文件引用已脱敏）。	["CLINICAL_DATA_EXCEL", "METADATA_SAMPLE_INFO", "TABULAR_BIO_DATA"]	[]	["可视化与报告"]	["Clinical", "bulk_RNA"]		[{"semantic_format": "CLINICAL_DATA_EXCEL", "data_desc": "临床表型数据", "count": 1, "study": "HRA000087", "project_name": "Single-cell RNA analysis reveals an epithelial-immune dual feature of tumor cells in nasopharyngeal carcinoma", "tumor_subtype": "Nasopharynx Carcinoma"}, {"semantic_format": "METADATA_SAMPLE_INFO", "data_desc": "样本元数据", "count": 1, "study": "HRA000087", "project_name": "Single-cell RNA analysis reveals an epithelial-immune dual feature of tumor cells in nasopharyngeal carcinoma", "tumor_subtype": "Nasopharynx Carcinoma"}, {"semantic_format": "TABULAR_BIO_DATA", "data_desc": "基因表达矩阵/表格数据", "count": 9, "study": "HRA000087", "project_name": "Single-cell RNA analysis reveals an epithelial-immune dual feature of tumor cells in nasopharyngeal carcinoma", "tumor_subtype": "Nasopharynx Carcinoma"}]
class100184	class1_tool_recommend	single_tool	功能富集分析	T036	gsea_pathway_enrichment	HRA000087	Single-cell RNA analysis reveals an epithelial-immune dual feature of tumor cells in nasopharyngeal carcinoma	Nasopharynx Carcinoma	基于Single-cell RNA analysis reveals an epithelial-immune dual feature of tumor cells in nasopharyngeal carcinoma的基因表达矩阵/表格数据做功能富集分析，应该使用什么工具？	推荐工具 gsea_pathway_enrichment（功能富集分析）。该工具需要输入：基因表达矩阵/表格数据。图谱中项目 Single-cell RNA analysis reveals an epithelial-immune dual feature of tumor cells in nasopharyngeal carcinoma 的 HRA000087（癌种：Nasopharynx Carcinoma）存在这些输入数据，共 9 个匹配文件（文件引用已脱敏）。	["TABULAR_BIO_DATA"]	[]	["功能富集分析"]	["Clinical", "bulk_RNA"]		[{"semantic_format": "TABULAR_BIO_DATA", "data_desc": "基因表达矩阵/表格数据", "count": 9, "study": "HRA000087", "project_name": "Single-cell RNA analysis reveals an epithelial-immune dual feature of tumor cells in nasopharyngeal carcinoma", "tumor_subtype": "Nasopharynx Carcinoma"}]
class100185	class1_tool_recommend	single_tool	生存分析	T040	km_survival	HRA000087	Single-cell RNA analysis reveals an epithelial-immune dual feature of tumor cells in nasopharyngeal carcinoma	Nasopharynx Carcinoma	我想对基因表达矩阵/表格数据完成生存分析，应该用什么工具？	推荐工具 km_survival（生存分析）。该工具需要输入：临床表型数据、样本元数据、基因表达矩阵/表格数据。图谱中项目 Single-cell RNA analysis reveals an epithelial-immune dual feature of tumor cells in nasopharyngeal carcinoma 的 HRA000087（癌种：Nasopharynx Carcinoma）存在这些输入数据，共 11 个匹配文件（文件引用已脱敏）。	["CLINICAL_DATA_EXCEL", "METADATA_SAMPLE_INFO", "TABULAR_BIO_DATA"]	[]	["可视化与报告", "生存分析"]	["Clinical", "bulk_RNA"]		[{"semantic_format": "CLINICAL_DATA_EXCEL", "data_desc": "临床表型数据", "count": 1, "study": "HRA000087", "project_name": "Single-cell RNA analysis reveals an epithelial-immune dual feature of tumor cells in nasopharyngeal carcinoma", "tumor_subtype": "Nasopharynx Carcinoma"}, {"semantic_format": "METADATA_SAMPLE_INFO", "data_desc": "样本元数据", "count": 1, "study": "HRA000087", "project_name": "Single-cell RNA analysis reveals an epithelial-immune dual feature of tumor cells in nasopharyngeal carcinoma", "tumor_subtype": "Nasopharynx Carcinoma"}, {"semantic_format": "TABULAR_BIO_DATA", "data_desc": "基因表达矩阵/表格数据", "count": 9, "study": "HRA000087", "project_name": "Single-cell RNA analysis reveals an epithelial-immune dual feature of tumor cells in nasopharyngeal carcinoma", "tumor_subtype": "Nasopharynx Carcinoma"}]
class100186	class1_tool_recommend	single_tool	表达矩阵预处理与归一化	T042	preprocess_counts	HRA000122	Integrated Genomic Analyses Identify High-Risk Factors Associated with Poor Outcomes of T-ALL	Acute T cell leukemia	项目Integrated Genomic Analyses Identify High-Risk Factors Associated with Poor Outcomes of T-ALL中有基因表达矩阵/表格数据，要完成表达矩阵预处理与归一化，推荐使用哪个工具？	推荐工具 preprocess_counts（表达矩阵预处理与归一化）。该工具需要输入：基因表达矩阵/表格数据。图谱中项目 Integrated Genomic Analyses Identify High-Risk Factors Associated with Poor Outcomes of T-ALL 的 HRA000122（癌种：Acute T cell leukemia）存在这些输入数据，共 3 个匹配文件（文件引用已脱敏）。	["TABULAR_BIO_DATA"]	[]	["表达矩阵预处理与归一化"]	["bulk_RNA"]		[{"semantic_format": "TABULAR_BIO_DATA", "data_desc": "基因表达矩阵/表格数据", "count": 3, "study": "HRA000122", "project_name": "Integrated Genomic Analyses Identify High-Risk Factors Associated with Poor Outcomes of T-ALL", "tumor_subtype": "Acute T cell leukemia"}]
class100187	class1_tool_recommend	single_tool	可变剪接分析	T043	rmats_alternative_splicing	HRA001272	Integrated genomic and transcriptomic profiling dissects spatiotemporal evolution of metastatic hepatocellular carcinoma	Hepatocellular carcinoma	我拿到了Integrated genomic and transcriptomic profiling dissects spatiotemporal evolution of metastatic hepatocellular carcinoma的转录组比对 BAM 数据，目标是可变剪接分析，应该选哪个工具？	推荐工具 rmats_alternative_splicing（可变剪接分析）。该工具需要输入：转录组比对 BAM 数据（另需公共参考资源：参考基因组 FASTA）。图谱中项目 Integrated genomic and transcriptomic profiling dissects spatiotemporal evolution of metastatic hepatocellular carcinoma 的 HRA001272（癌种：Hepatocellular carcinoma）存在这些输入数据，共 430 个匹配文件（文件引用已脱敏）。	["RNA_TRANSCRIPTOME_ALIGNMENT_BAM"]	["REFERENCE_GENOME_FASTA"]	["可变剪接分析"]	["bulk_RNA"]		[{"semantic_format": "RNA_TRANSCRIPTOME_ALIGNMENT_BAM", "data_desc": "转录组比对 BAM 数据", "count": 430, "study": "HRA001272", "project_name": "Integrated genomic and transcriptomic profiling dissects spatiotemporal evolution of metastatic hepatocellular carcinoma", "tumor_subtype": "Hepatocellular carcinoma"}]
class100188	class1_tool_recommend	single_tool	RNA序列比对	T044	rnaseq_singletask	HRA000122	Integrated Genomic Analyses Identify High-Risk Factors Associated with Poor Outcomes of T-ALL	Acute T cell leukemia	要完成RNA序列比对，手上有原始双端测序数据（R1），适合的工具是什么？	推荐工具 rnaseq_singletask（RNA序列比对）。该工具需要输入：原始双端测序数据（R1）、原始双端测序数据（R2）（另需公共参考资源：参考基因组 FASTA）。图谱中项目 Integrated Genomic Analyses Identify High-Risk Factors Associated with Poor Outcomes of T-ALL 的 HRA000122（癌种：Acute T cell leukemia）存在这些输入数据，共 696 个匹配文件（文件引用已脱敏）。	["RAW_PAIRED_END_R1_FASTQ", "RAW_PAIRED_END_R2_FASTQ"]	["REFERENCE_GENOME_FASTA"]	["RNA序列比对", "接头与低质量序列修剪", "测序质量评估", "表达定量"]	["bulk_RNA"]		[{"semantic_format": "RAW_PAIRED_END_R1_FASTQ", "data_desc": "原始双端测序数据（R1）", "count": 348, "study": "HRA000122", "project_name": "Integrated Genomic Analyses Identify High-Risk Factors Associated with Poor Outcomes of T-ALL", "tumor_subtype": "Acute T cell leukemia"}, {"semantic_format": "RAW_PAIRED_END_R2_FASTQ", "data_desc": "原始双端测序数据（R2）", "count": 348, "study": "HRA000122", "project_name": "Integrated Genomic Analyses Identify High-Risk Factors Associated with Poor Outcomes of T-ALL", "tumor_subtype": "Acute T cell leukemia"}]
class100189	class1_tool_recommend	single_tool	可视化与报告	T046	stage_heatmap	HRA000087	Single-cell RNA analysis reveals an epithelial-immune dual feature of tumor cells in nasopharyngeal carcinoma	Nasopharynx Carcinoma	基于Single-cell RNA analysis reveals an epithelial-immune dual feature of tumor cells in nasopharyngeal carcinoma的基因表达矩阵/表格数据做可视化与报告，应该使用什么工具？	推荐工具 stage_heatmap（可视化与报告）。该工具需要输入：临床表型数据、样本元数据、基因表达矩阵/表格数据。图谱中项目 Single-cell RNA analysis reveals an epithelial-immune dual feature of tumor cells in nasopharyngeal carcinoma 的 HRA000087（癌种：Nasopharynx Carcinoma）存在这些输入数据，共 11 个匹配文件（文件引用已脱敏）。	["CLINICAL_DATA_EXCEL", "METADATA_SAMPLE_INFO", "TABULAR_BIO_DATA"]	[]	["可视化与报告"]	["Clinical", "bulk_RNA"]		[{"semantic_format": "CLINICAL_DATA_EXCEL", "data_desc": "临床表型数据", "count": 1, "study": "HRA000087", "project_name": "Single-cell RNA analysis reveals an epithelial-immune dual feature of tumor cells in nasopharyngeal carcinoma", "tumor_subtype": "Nasopharynx Carcinoma"}, {"semantic_format": "METADATA_SAMPLE_INFO", "data_desc": "样本元数据", "count": 1, "study": "HRA000087", "project_name": "Single-cell RNA analysis reveals an epithelial-immune dual feature of tumor cells in nasopharyngeal carcinoma", "tumor_subtype": "Nasopharynx Carcinoma"}, {"semantic_format": "TABULAR_BIO_DATA", "data_desc": "基因表达矩阵/表格数据", "count": 9, "study": "HRA000087", "project_name": "Single-cell RNA analysis reveals an epithelial-immune dual feature of tumor cells in nasopharyngeal carcinoma", "tumor_subtype": "Nasopharynx Carcinoma"}]
class100190	class1_tool_recommend	single_tool	可视化与报告	T048	umap	HRA000087	Single-cell RNA analysis reveals an epithelial-immune dual feature of tumor cells in nasopharyngeal carcinoma	Nasopharynx Carcinoma	我想对基因表达矩阵/表格数据完成可视化与报告，应该用什么工具？	推荐工具 umap（可视化与报告）。该工具需要输入：临床表型数据、样本元数据、基因表达矩阵/表格数据。图谱中项目 Single-cell RNA analysis reveals an epithelial-immune dual feature of tumor cells in nasopharyngeal carcinoma 的 HRA000087（癌种：Nasopharynx Carcinoma）存在这些输入数据，共 11 个匹配文件（文件引用已脱敏）。	["CLINICAL_DATA_EXCEL", "METADATA_SAMPLE_INFO", "TABULAR_BIO_DATA"]	[]	["可视化与报告"]	["Clinical", "bulk_RNA"]		[{"semantic_format": "CLINICAL_DATA_EXCEL", "data_desc": "临床表型数据", "count": 1, "study": "HRA000087", "project_name": "Single-cell RNA analysis reveals an epithelial-immune dual feature of tumor cells in nasopharyngeal carcinoma", "tumor_subtype": "Nasopharynx Carcinoma"}, {"semantic_format": "METADATA_SAMPLE_INFO", "data_desc": "样本元数据", "count": 1, "study": "HRA000087", "project_name": "Single-cell RNA analysis reveals an epithelial-immune dual feature of tumor cells in nasopharyngeal carcinoma", "tumor_subtype": "Nasopharynx Carcinoma"}, {"semantic_format": "TABULAR_BIO_DATA", "data_desc": "基因表达矩阵/表格数据", "count": 9, "study": "HRA000087", "project_name": "Single-cell RNA analysis reveals an epithelial-immune dual feature of tumor cells in nasopharyngeal carcinoma", "tumor_subtype": "Nasopharynx Carcinoma"}]
class100191	class1_tool_recommend	single_tool	DNA序列比对	T049	wes_somatic_pair	HRA001272	Integrated genomic and transcriptomic profiling dissects spatiotemporal evolution of metastatic hepatocellular carcinoma	Hepatocellular carcinoma	项目Integrated genomic and transcriptomic profiling dissects spatiotemporal evolution of metastatic hepatocellular carcinoma中有原始双端测序数据（R1），要完成DNA序列比对，推荐使用哪个工具？	推荐工具 wes_somatic_pair（DNA序列比对）。该工具需要输入：变异 VCF 数据、原始双端测序数据（R1）、原始双端测序数据（R2）（另需公共参考资源：参考基因组 FASTA、目标区间列表）。图谱中项目 Integrated genomic and transcriptomic profiling dissects spatiotemporal evolution of metastatic hepatocellular carcinoma 的 HRA001272（癌种：Hepatocellular carcinoma）存在这些输入数据，共 4269 个匹配文件（文件引用已脱敏）。	["DNA_VARIANT_VCF_GENERAL", "RAW_PAIRED_END_R1_FASTQ", "RAW_PAIRED_END_R2_FASTQ"]	["REFERENCE_GENOME_FASTA", "TARGET_INTERVAL_LIST"]	["DNA序列比对", "体细胞变异检测", "变异注释", "变异质量校正", "可视化与报告", "测序质量评估"]	["WES", "WGS"]		[{"semantic_format": "DNA_VARIANT_VCF_GENERAL", "data_desc": "变异 VCF 数据", "count": 1909, "study": "HRA001272", "project_name": "Integrated genomic and transcriptomic profiling dissects spatiotemporal evolution of metastatic hepatocellular carcinoma", "tumor_subtype": "Hepatocellular carcinoma"}, {"semantic_format": "RAW_PAIRED_END_R1_FASTQ", "data_desc": "原始双端测序数据（R1）", "count": 1180, "study": "HRA001272", "project_name": "Integrated genomic and transcriptomic profiling dissects spatiotemporal evolution of metastatic hepatocellular carcinoma", "tumor_subtype": "Hepatocellular carcinoma"}, {"semantic_format": "RAW_PAIRED_END_R2_FASTQ", "data_desc": "原始双端测序数据（R2）", "count": 1180, "study": "HRA001272", "project_name": "Integrated genomic and transcriptomic profiling dissects spatiotemporal evolution of metastatic hepatocellular carcinoma", "tumor_subtype": "Hepatocellular carcinoma"}]
class100192	class1_tool_recommend	single_tool	共表达网络分析	T050	wgcna_hub	HRA000087	Single-cell RNA analysis reveals an epithelial-immune dual feature of tumor cells in nasopharyngeal carcinoma	Nasopharynx Carcinoma	我拿到了Single-cell RNA analysis reveals an epithelial-immune dual feature of tumor cells in nasopharyngeal carcinoma的基因表达矩阵/表格数据，目标是共表达网络分析，应该选哪个工具？	推荐工具 wgcna_hub（共表达网络分析）。该工具需要输入：临床表型数据、样本元数据、基因表达矩阵/表格数据。图谱中项目 Single-cell RNA analysis reveals an epithelial-immune dual feature of tumor cells in nasopharyngeal carcinoma 的 HRA000087（癌种：Nasopharynx Carcinoma）存在这些输入数据，共 11 个匹配文件（文件引用已脱敏）。	["CLINICAL_DATA_EXCEL", "METADATA_SAMPLE_INFO", "TABULAR_BIO_DATA"]	[]	["共表达网络分析"]	["Clinical", "bulk_RNA"]		[{"semantic_format": "CLINICAL_DATA_EXCEL", "data_desc": "临床表型数据", "count": 1, "study": "HRA000087", "project_name": "Single-cell RNA analysis reveals an epithelial-immune dual feature of tumor cells in nasopharyngeal carcinoma", "tumor_subtype": "Nasopharynx Carcinoma"}, {"semantic_format": "METADATA_SAMPLE_INFO", "data_desc": "样本元数据", "count": 1, "study": "HRA000087", "project_name": "Single-cell RNA analysis reveals an epithelial-immune dual feature of tumor cells in nasopharyngeal carcinoma", "tumor_subtype": "Nasopharynx Carcinoma"}, {"semantic_format": "TABULAR_BIO_DATA", "data_desc": "基因表达矩阵/表格数据", "count": 9, "study": "HRA000087", "project_name": "Single-cell RNA analysis reveals an epithelial-immune dual feature of tumor cells in nasopharyngeal carcinoma", "tumor_subtype": "Nasopharynx Carcinoma"}]
class100193	class1_tool_recommend	single_tool	共表达网络分析	T051	wgcna_module_trait	HRA000087	Single-cell RNA analysis reveals an epithelial-immune dual feature of tumor cells in nasopharyngeal carcinoma	Nasopharynx Carcinoma	要完成共表达网络分析，手上有基因表达矩阵/表格数据，适合的工具是什么？	推荐工具 wgcna_module_trait（共表达网络分析）。该工具需要输入：临床表型数据、样本元数据、基因表达矩阵/表格数据。图谱中项目 Single-cell RNA analysis reveals an epithelial-immune dual feature of tumor cells in nasopharyngeal carcinoma 的 HRA000087（癌种：Nasopharynx Carcinoma）存在这些输入数据，共 11 个匹配文件（文件引用已脱敏）。	["CLINICAL_DATA_EXCEL", "METADATA_SAMPLE_INFO", "TABULAR_BIO_DATA"]	[]	["共表达网络分析"]	["Clinical", "bulk_RNA"]		[{"semantic_format": "CLINICAL_DATA_EXCEL", "data_desc": "临床表型数据", "count": 1, "study": "HRA000087", "project_name": "Single-cell RNA analysis reveals an epithelial-immune dual feature of tumor cells in nasopharyngeal carcinoma", "tumor_subtype": "Nasopharynx Carcinoma"}, {"semantic_format": "METADATA_SAMPLE_INFO", "data_desc": "样本元数据", "count": 1, "study": "HRA000087", "project_name": "Single-cell RNA analysis reveals an epithelial-immune dual feature of tumor cells in nasopharyngeal carcinoma", "tumor_subtype": "Nasopharynx Carcinoma"}, {"semantic_format": "TABULAR_BIO_DATA", "data_desc": "基因表达矩阵/表格数据", "count": 9, "study": "HRA000087", "project_name": "Single-cell RNA analysis reveals an epithelial-immune dual feature of tumor cells in nasopharyngeal carcinoma", "tumor_subtype": "Nasopharynx Carcinoma"}]
class100194	class1_tool_recommend	single_tool	变异过滤与处理	T052	gatk_germline_cohort	HRA007169	Multi-omics of acral melanoma	Acral melanoma	基于Multi-omics of acral melanoma的碱基质量校正后的比对 BAM 数据做变异过滤与处理，应该使用什么工具？	推荐工具 gatk_germline_cohort（变异过滤与处理）。该工具需要输入：临床表型数据、基因组比对 BAM 数据、VCF 索引数据、变异 VCF 数据、样本元数据（另需公共参考资源：参考基因组 FASTA、目标区间列表）。图谱中项目 Multi-omics of acral melanoma 的 HRA007169（癌种：Acral melanoma）存在这些输入数据，共 702 个匹配文件（文件引用已脱敏）。	["CLINICAL_DATA_EXCEL", "DNA_GENOMIC_ALIGNMENT_BAM", "DNA_VARIANT_INDEX_TBI", "DNA_VARIANT_VCF_GENERAL", "METADATA_SAMPLE_INFO"]	["REFERENCE_GENOME_FASTA", "TARGET_INTERVAL_LIST"]	["变异过滤与处理", "胚系变异检测"]	["Clinical", "WES", "WGS"]		[{"semantic_format": "CLINICAL_DATA_EXCEL", "data_desc": "临床表型数据", "count": 1, "study": "HRA007169", "project_name": "Multi-omics of acral melanoma", "tumor_subtype": "Acral melanoma"}, {"semantic_format": "DNA_ALIGNMENT_BQSR_BAM", "data_desc": "碱基质量校正后的比对 BAM 数据", "count": 168, "study": "HRA007169", "project_name": "Multi-omics of acral melanoma", "tumor_subtype": "Acral melanoma"}, {"semantic_format": "DNA_VARIANT_INDEX_TBI", "data_desc": "VCF 索引数据", "count": 152, "study": "HRA007169", "project_name": "Multi-omics of acral melanoma", "tumor_subtype": "Acral melanoma"}, {"semantic_format": "DNA_VARIANT_VCF_GENERAL", "data_desc": "变异 VCF 数据", "count": 380, "study": "HRA007169", "project_name": "Multi-omics of acral melanoma", "tumor_subtype": "Acral melanoma"}, {"semantic_format": "METADATA_SAMPLE_INFO", "data_desc": "样本元数据", "count": 1, "study": "HRA007169", "project_name": "Multi-omics of acral melanoma", "tumor_subtype": "Acral melanoma"}]
class100195	class1_tool_recommend	single_tool	结构变异检测	T053	manta_structural_variants	HRA000873	Whole  exome sequencing  of patients with CRC from the Changkang project	Colorectal Cancer	我想对碱基质量校正后的比对 BAM 数据完成结构变异检测，应该用什么工具？	推荐工具 manta_structural_variants（结构变异检测）。该工具需要输入：基因组比对 BAM 数据（另需公共参考资源：参考基因组 FASTA）。图谱中项目 Whole  exome sequencing  of patients with CRC from the Changkang project 的 HRA000873（癌种：Colorectal Cancer）存在这些输入数据，共 2030 个匹配文件（文件引用已脱敏）。	["DNA_GENOMIC_ALIGNMENT_BAM"]	["REFERENCE_GENOME_FASTA"]	["结构变异检测"]	["WES", "WGS"]		[{"semantic_format": "DNA_ALIGNMENT_BQSR_BAM", "data_desc": "碱基质量校正后的比对 BAM 数据", "count": 2030, "study": "HRA000873", "project_name": "Whole  exome sequencing  of patients with CRC from the Changkang project", "tumor_subtype": "Colorectal Cancer"}]
class100196	class1_tool_recommend	single_tool	基因融合检测	T054	star_fusion	HRA000074	Chinese Glioma Genome Altas (CGGA) - RNA-seq dataset (693)	High grade glioma	项目Chinese Glioma Genome Altas (CGGA) - RNA-seq dataset (693)中有原始双端测序数据（R1），要完成基因融合检测，推荐使用哪个工具？	推荐工具 star_fusion（基因融合检测）。该工具需要输入：样本元数据、原始双端测序数据（R1）、原始双端测序数据（R2）。图谱中项目 Chinese Glioma Genome Altas (CGGA) - RNA-seq dataset (693) 的 HRA000074（癌种：High grade glioma）存在这些输入数据，共 1387 个匹配文件（文件引用已脱敏）。	["METADATA_SAMPLE_INFO", "RAW_PAIRED_END_R1_FASTQ", "RAW_PAIRED_END_R2_FASTQ"]	[]	["基因融合检测"]	["Clinical", "bulk_RNA"]		[{"semantic_format": "METADATA_SAMPLE_INFO", "data_desc": "样本元数据", "count": 1, "study": "HRA000074", "project_name": "Chinese Glioma Genome Altas (CGGA) - RNA-seq dataset (693)", "tumor_subtype": "High grade glioma"}, {"semantic_format": "RAW_PAIRED_END_R1_FASTQ", "data_desc": "原始双端测序数据（R1）", "count": 693, "study": "HRA000074", "project_name": "Chinese Glioma Genome Altas (CGGA) - RNA-seq dataset (693)", "tumor_subtype": "High grade glioma"}, {"semantic_format": "RAW_PAIRED_END_R2_FASTQ", "data_desc": "原始双端测序数据（R2）", "count": 693, "study": "HRA000074", "project_name": "Chinese Glioma Genome Altas (CGGA) - RNA-seq dataset (693)", "tumor_subtype": "High grade glioma"}]
class100197	class1_tool_recommend	single_tool	接头与低质量序列修剪	T001	fastp	HRA001749	scRNA-seq of liver cancer	Liver Cancer	我拿到了scRNA-seq of liver cancer的原始双端测序数据（R1），目标是接头与低质量序列修剪，应该选哪个工具？	推荐工具 fastp（接头与低质量序列修剪）。该工具需要输入：原始双端测序数据（R1）、原始双端测序数据（R2）。图谱中项目 scRNA-seq of liver cancer 的 HRA001749（癌种：Liver Cancer）存在这些输入数据，共 356 个匹配文件（文件引用已脱敏）。	["RAW_PAIRED_END_R1_FASTQ", "RAW_PAIRED_END_R2_FASTQ"]	[]	["接头与低质量序列修剪", "测序质量评估"]	["WES"]		[{"semantic_format": "RAW_PAIRED_END_R1_FASTQ", "data_desc": "原始双端测序数据（R1）", "count": 178, "study": "HRA001749", "project_name": "scRNA-seq of liver cancer", "tumor_subtype": "Liver Cancer"}, {"semantic_format": "RAW_PAIRED_END_R2_FASTQ", "data_desc": "原始双端测序数据（R2）", "count": 178, "study": "HRA001749", "project_name": "scRNA-seq of liver cancer", "tumor_subtype": "Liver Cancer"}]
class100198	class1_tool_recommend	single_tool	测序质量评估	T002	fastqc	HRA000074	Chinese Glioma Genome Altas (CGGA) - RNA-seq dataset (693)	High grade glioma	要完成测序质量评估，手上有原始双端测序数据（R1），适合的工具是什么？	推荐工具 fastqc（测序质量评估）。该工具需要输入：原始单端测序数据。图谱中项目 Chinese Glioma Genome Altas (CGGA) - RNA-seq dataset (693) 的 HRA000074（癌种：High grade glioma）存在这些输入数据，共 1386 个匹配文件（文件引用已脱敏）。	["RAW_SINGLE_END_FASTQ"]	[]	["可视化与报告", "测序质量评估"]	["WES", "WGS", "bulk_RNA", "sc-RNA"]		[{"semantic_format": "RAW_PAIRED_END_R1_FASTQ", "data_desc": "原始双端测序数据（R1）", "count": 693, "study": "HRA000074", "project_name": "Chinese Glioma Genome Altas (CGGA) - RNA-seq dataset (693)", "tumor_subtype": "High grade glioma"}, {"semantic_format": "RAW_PAIRED_END_R2_FASTQ", "data_desc": "原始双端测序数据（R2）", "count": 693, "study": "HRA000074", "project_name": "Chinese Glioma Genome Altas (CGGA) - RNA-seq dataset (693)", "tumor_subtype": "High grade glioma"}]
class100199	class1_tool_recommend	single_tool	单细胞比对与定量	T003	cellranger_workflow	HRA002693	Multi-center RNA sequencing analysis for acute myeloid leukemia	Acute Myeloid Leukemia	基于Multi-center RNA sequencing analysis for acute myeloid leukemia的原始双端测序数据（R1）做单细胞比对与定量，应该使用什么工具？	推荐工具 cellranger_workflow（单细胞比对与定量）。该工具需要输入：基因组比对 BAM 数据、原始单端测序数据。图谱中项目 Multi-center RNA sequencing analysis for acute myeloid leukemia 的 HRA002693（癌种：Acute Myeloid Leukemia）存在这些输入数据，共 1752 个匹配文件（文件引用已脱敏）。	["DNA_GENOMIC_ALIGNMENT_BAM", "RAW_SINGLE_END_FASTQ"]	[]	["单细胞比对与定量", "可视化与报告", "测序质量评估"]	["bulk_RNA", "sc-RNA"]		[{"semantic_format": "RNA_TRANSCRIPTOME_ALIGNMENT_BAM", "data_desc": "转录组比对 BAM 数据", "count": 442, "study": "HRA002693", "project_name": "Multi-center RNA sequencing analysis for acute myeloid leukemia", "tumor_subtype": "Acute Myeloid Leukemia"}, {"semantic_format": "RAW_PAIRED_END_R1_FASTQ", "data_desc": "原始双端测序数据（R1）", "count": 655, "study": "HRA002693", "project_name": "Multi-center RNA sequencing analysis for acute myeloid leukemia", "tumor_subtype": "Acute Myeloid Leukemia"}, {"semantic_format": "RAW_PAIRED_END_R2_FASTQ", "data_desc": "原始双端测序数据（R2）", "count": 655, "study": "HRA002693", "project_name": "Multi-center RNA sequencing analysis for acute myeloid leukemia", "tumor_subtype": "Acute Myeloid Leukemia"}]
class100200	class1_tool_recommend	single_tool	接头与低质量序列修剪	T004	trim_galore	HRA001272	Integrated genomic and transcriptomic profiling dissects spatiotemporal evolution of metastatic hepatocellular carcinoma	Hepatocellular carcinoma	我想对原始双端测序数据（R1）完成接头与低质量序列修剪，应该用什么工具？	推荐工具 trim_galore（接头与低质量序列修剪）。该工具需要输入：原始双端测序数据（R1）、原始双端测序数据（R2）。图谱中项目 Integrated genomic and transcriptomic profiling dissects spatiotemporal evolution of metastatic hepatocellular carcinoma 的 HRA001272（癌种：Hepatocellular carcinoma）存在这些输入数据，共 2360 个匹配文件（文件引用已脱敏）。	["RAW_PAIRED_END_R1_FASTQ", "RAW_PAIRED_END_R2_FASTQ"]	[]	["接头与低质量序列修剪"]	["bulk_RNA"]		[{"semantic_format": "RAW_PAIRED_END_R1_FASTQ", "data_desc": "原始双端测序数据（R1）", "count": 1180, "study": "HRA001272", "project_name": "Integrated genomic and transcriptomic profiling dissects spatiotemporal evolution of metastatic hepatocellular carcinoma", "tumor_subtype": "Hepatocellular carcinoma"}, {"semantic_format": "RAW_PAIRED_END_R2_FASTQ", "data_desc": "原始双端测序数据（R2）", "count": 1180, "study": "HRA001272", "project_name": "Integrated genomic and transcriptomic profiling dissects spatiotemporal evolution of metastatic hepatocellular carcinoma", "tumor_subtype": "Hepatocellular carcinoma"}]
class100201	class1_tool_recommend	single_tool	RNA序列比对	T005	star	HRA001272	Integrated genomic and transcriptomic profiling dissects spatiotemporal evolution of metastatic hepatocellular carcinoma	Hepatocellular carcinoma	项目Integrated genomic and transcriptomic profiling dissects spatiotemporal evolution of metastatic hepatocellular carcinoma中有原始双端测序数据（R1），要完成RNA序列比对，推荐使用哪个工具？	推荐工具 star（RNA序列比对）。该工具需要输入：原始双端测序数据（R1）、原始双端测序数据（R2）（另需公共参考资源：参考基因组 FASTA）。图谱中项目 Integrated genomic and transcriptomic profiling dissects spatiotemporal evolution of metastatic hepatocellular carcinoma 的 HRA001272（癌种：Hepatocellular carcinoma）存在这些输入数据，共 2360 个匹配文件（文件引用已脱敏）。	["RAW_PAIRED_END_R1_FASTQ", "RAW_PAIRED_END_R2_FASTQ"]	["REFERENCE_GENOME_FASTA"]	["RNA序列比对"]	["bulk_RNA"]		[{"semantic_format": "RAW_PAIRED_END_R1_FASTQ", "data_desc": "原始双端测序数据（R1）", "count": 1180, "study": "HRA001272", "project_name": "Integrated genomic and transcriptomic profiling dissects spatiotemporal evolution of metastatic hepatocellular carcinoma", "tumor_subtype": "Hepatocellular carcinoma"}, {"semantic_format": "RAW_PAIRED_END_R2_FASTQ", "data_desc": "原始双端测序数据（R2）", "count": 1180, "study": "HRA001272", "project_name": "Integrated genomic and transcriptomic profiling dissects spatiotemporal evolution of metastatic hepatocellular carcinoma", "tumor_subtype": "Hepatocellular carcinoma"}]
class100202	class1_tool_recommend	single_tool	DNA序列比对	T006	bwa	HRA001749	scRNA-seq of liver cancer	Liver Cancer	我拿到了scRNA-seq of liver cancer的原始双端测序数据（R1），目标是DNA序列比对，应该选哪个工具？	推荐工具 bwa（DNA序列比对）。该工具需要输入：原始双端测序数据（R1）、原始双端测序数据（R2）（另需公共参考资源：参考基因组 FASTA）。图谱中项目 scRNA-seq of liver cancer 的 HRA001749（癌种：Liver Cancer）存在这些输入数据，共 356 个匹配文件（文件引用已脱敏）。	["RAW_PAIRED_END_R1_FASTQ", "RAW_PAIRED_END_R2_FASTQ"]	["REFERENCE_GENOME_FASTA"]	["DNA序列比对"]	["WES"]		[{"semantic_format": "RAW_PAIRED_END_R1_FASTQ", "data_desc": "原始双端测序数据（R1）", "count": 178, "study": "HRA001749", "project_name": "scRNA-seq of liver cancer", "tumor_subtype": "Liver Cancer"}, {"semantic_format": "RAW_PAIRED_END_R2_FASTQ", "data_desc": "原始双端测序数据（R2）", "count": 178, "study": "HRA001749", "project_name": "scRNA-seq of liver cancer", "tumor_subtype": "Liver Cancer"}]
class100203	class1_tool_recommend	single_tool	比对后处理与去重	T007	samtools	HRA000122	Integrated Genomic Analyses Identify High-Risk Factors Associated with Poor Outcomes of T-ALL	Acute T cell leukemia	要完成比对后处理与去重，手上有转录组比对 BAM 数据，适合的工具是什么？	推荐工具 samtools（比对后处理与去重）。该工具需要输入：基因组比对 BAM 数据。图谱中项目 Integrated Genomic Analyses Identify High-Risk Factors Associated with Poor Outcomes of T-ALL 的 HRA000122（癌种：Acute T cell leukemia）存在这些输入数据，共 124 个匹配文件（文件引用已脱敏）。	["DNA_GENOMIC_ALIGNMENT_BAM"]	[]	["比对后处理与去重"]	["WES", "WGS", "bulk_RNA"]		[{"semantic_format": "RNA_TRANSCRIPTOME_ALIGNMENT_BAM", "data_desc": "转录组比对 BAM 数据", "count": 124, "study": "HRA000122", "project_name": "Integrated Genomic Analyses Identify High-Risk Factors Associated with Poor Outcomes of T-ALL", "tumor_subtype": "Acute T cell leukemia"}]
class100204	class1_tool_recommend	single_tool	体细胞变异检测	T008	gatk	HRA001749	scRNA-seq of liver cancer	Liver Cancer	基于scRNA-seq of liver cancer的碱基质量校正后的比对 BAM 数据做体细胞变异检测，应该使用什么工具？	推荐工具 gatk（体细胞变异检测）。该工具需要输入：基因组比对 BAM 数据（另需公共参考资源：参考基因组 FASTA、目标区间列表）。图谱中项目 scRNA-seq of liver cancer 的 HRA001749（癌种：Liver Cancer）存在这些输入数据，共 178 个匹配文件（文件引用已脱敏）。	["DNA_GENOMIC_ALIGNMENT_BAM"]	["REFERENCE_GENOME_FASTA", "TARGET_INTERVAL_LIST"]	["体细胞变异检测", "变异质量校正"]	["WES"]		[{"semantic_format": "DNA_ALIGNMENT_BQSR_BAM", "data_desc": "碱基质量校正后的比对 BAM 数据", "count": 178, "study": "HRA001749", "project_name": "scRNA-seq of liver cancer", "tumor_subtype": "Liver Cancer"}]
class100205	class1_tool_recommend	single_tool	变异过滤与处理	T009	bcftools	HRA016026	Multi-omics Landscape of Central Nervous System Tumors	Lung Cancer	我想对变异 VCF 数据完成变异过滤与处理，应该用什么工具？	推荐工具 bcftools（变异过滤与处理）。该工具需要输入：VCF 索引数据、变异 VCF 数据（另需公共参考资源：参考基因组 FASTA）。图谱中项目 Multi-omics Landscape of Central Nervous System Tumors 的 HRA016026（癌种：Lung Cancer）存在这些输入数据，共 2100 个匹配文件（文件引用已脱敏）。	["DNA_VARIANT_INDEX_TBI", "DNA_VARIANT_VCF_GENERAL"]	["REFERENCE_GENOME_FASTA"]	["变异过滤与处理", "可视化与报告"]	["WES"]		[{"semantic_format": "DNA_VARIANT_INDEX_TBI", "data_desc": "VCF 索引数据", "count": 1050, "study": "HRA016026", "project_name": "Multi-omics Landscape of Central Nervous System Tumors", "tumor_subtype": "Lung Cancer"}, {"semantic_format": "DNA_VARIANT_VCF_GENERAL", "data_desc": "变异 VCF 数据", "count": 1050, "study": "HRA016026", "project_name": "Multi-omics Landscape of Central Nervous System Tumors", "tumor_subtype": "Lung Cancer"}]
class100206	class1_tool_recommend	single_tool	变异注释	T010	snpeff	HRA001749	scRNA-seq of liver cancer	Liver Cancer	项目scRNA-seq of liver cancer中有变异 VCF 数据，要完成变异注释，推荐使用哪个工具？	推荐工具 snpeff（变异注释）。该工具需要输入：变异 VCF 数据（另需公共参考资源：参考基因组 FASTA）。图谱中项目 scRNA-seq of liver cancer 的 HRA001749（癌种：Liver Cancer）存在这些输入数据，共 336 个匹配文件（文件引用已脱敏）。	["DNA_VARIANT_VCF_GENERAL"]	["REFERENCE_GENOME_FASTA"]	["变异注释", "可视化与报告"]	["WES", "WGS"]		[{"semantic_format": "DNA_VARIANT_VCF_GENERAL", "data_desc": "变异 VCF 数据", "count": 336, "study": "HRA001749", "project_name": "scRNA-seq of liver cancer", "tumor_subtype": "Liver Cancer"}]
class100207	class1_tool_recommend	single_tool	表达定量	T011	rsem	HRA002693	Multi-center RNA sequencing analysis for acute myeloid leukemia	Acute Myeloid Leukemia	我拿到了Multi-center RNA sequencing analysis for acute myeloid leukemia的转录组比对 BAM 数据，目标是表达定量，应该选哪个工具？	推荐工具 rsem（表达定量）。该工具需要输入：转录组比对 BAM 数据。图谱中项目 Multi-center RNA sequencing analysis for acute myeloid leukemia 的 HRA002693（癌种：Acute Myeloid Leukemia）存在这些输入数据，共 442 个匹配文件（文件引用已脱敏）。	["RNA_TRANSCRIPTOME_ALIGNMENT_BAM"]	[]	["表达定量"]	["bulk_RNA"]		[{"semantic_format": "RNA_TRANSCRIPTOME_ALIGNMENT_BAM", "data_desc": "转录组比对 BAM 数据", "count": 442, "study": "HRA002693", "project_name": "Multi-center RNA sequencing analysis for acute myeloid leukemia", "tumor_subtype": "Acute Myeloid Leukemia"}]
class100208	class1_tool_recommend	single_tool	表达定量	T012	featurecounts	HRA002693	Multi-center RNA sequencing analysis for acute myeloid leukemia	Acute Myeloid Leukemia	要完成表达定量，手上有转录组比对 BAM 数据，适合的工具是什么？	推荐工具 featurecounts（表达定量）。该工具需要输入：基因组比对 BAM 数据。图谱中项目 Multi-center RNA sequencing analysis for acute myeloid leukemia 的 HRA002693（癌种：Acute Myeloid Leukemia）存在这些输入数据，共 442 个匹配文件（文件引用已脱敏）。	["DNA_GENOMIC_ALIGNMENT_BAM"]	[]	["表达定量"]	["bulk_RNA"]		[{"semantic_format": "RNA_TRANSCRIPTOME_ALIGNMENT_BAM", "data_desc": "转录组比对 BAM 数据", "count": 442, "study": "HRA002693", "project_name": "Multi-center RNA sequencing analysis for acute myeloid leukemia", "tumor_subtype": "Acute Myeloid Leukemia"}]
class100209	class1_tool_recommend	single_tool	功能富集分析	T014	diff_expr_go	HRA001272	Integrated genomic and transcriptomic profiling dissects spatiotemporal evolution of metastatic hepatocellular carcinoma	Hepatocellular carcinoma	基于Integrated genomic and transcriptomic profiling dissects spatiotemporal evolution of metastatic hepatocellular carcinoma的基因表达矩阵/表格数据做功能富集分析，应该使用什么工具？	推荐工具 diff_expr_go（功能富集分析）。该工具需要输入：基因表达矩阵/表格数据。图谱中项目 Integrated genomic and transcriptomic profiling dissects spatiotemporal evolution of metastatic hepatocellular carcinoma 的 HRA001272（癌种：Hepatocellular carcinoma）存在这些输入数据，共 435 个匹配文件（文件引用已脱敏）。	["TABULAR_BIO_DATA"]	[]	["功能富集分析", "差异表达分析"]	["bulk_RNA"]		[{"semantic_format": "SOMATIC_CNV_TSV", "data_desc": "体细胞拷贝数变异数据", "count": 1, "study": "HRA001272", "project_name": "Integrated genomic and transcriptomic profiling dissects spatiotemporal evolution of metastatic hepatocellular carcinoma", "tumor_subtype": "Hepatocellular carcinoma"}, {"semantic_format": "TABULAR_BIO_DATA", "data_desc": "基因表达矩阵/表格数据", "count": 434, "study": "HRA001272", "project_name": "Integrated genomic and transcriptomic profiling dissects spatiotemporal evolution of metastatic hepatocellular carcinoma", "tumor_subtype": "Hepatocellular carcinoma"}]
class100210	class1_tool_recommend	single_tool	功能富集分析	T015	diff_expr_kegg	HRA001272	Integrated genomic and transcriptomic profiling dissects spatiotemporal evolution of metastatic hepatocellular carcinoma	Hepatocellular carcinoma	我想对基因表达矩阵/表格数据完成功能富集分析，应该用什么工具？	推荐工具 diff_expr_kegg（功能富集分析）。该工具需要输入：基因表达矩阵/表格数据。图谱中项目 Integrated genomic and transcriptomic profiling dissects spatiotemporal evolution of metastatic hepatocellular carcinoma 的 HRA001272（癌种：Hepatocellular carcinoma）存在这些输入数据，共 435 个匹配文件（文件引用已脱敏）。	["TABULAR_BIO_DATA"]	[]	["功能富集分析", "差异表达分析"]	["bulk_RNA"]		[{"semantic_format": "SOMATIC_CNV_TSV", "data_desc": "体细胞拷贝数变异数据", "count": 1, "study": "HRA001272", "project_name": "Integrated genomic and transcriptomic profiling dissects spatiotemporal evolution of metastatic hepatocellular carcinoma", "tumor_subtype": "Hepatocellular carcinoma"}, {"semantic_format": "TABULAR_BIO_DATA", "data_desc": "基因表达矩阵/表格数据", "count": 434, "study": "HRA001272", "project_name": "Integrated genomic and transcriptomic profiling dissects spatiotemporal evolution of metastatic hepatocellular carcinoma", "tumor_subtype": "Hepatocellular carcinoma"}]
class100211	class1_tool_recommend	single_tool	突变景观与可视化	T016	driver_gene_gender_analysis	HRA006499	Pharmacogenomic profiling of intra-tumor heterogeneity by a large organoid biobank of liver cancer	Liver Cancer	项目Pharmacogenomic profiling of intra-tumor heterogeneity by a large organoid biobank of liver cancer中有体细胞突变 MAF 数据，要完成突变景观与可视化，推荐使用哪个工具？	推荐工具 driver_gene_gender_analysis（突变景观与可视化）。该工具需要输入：临床表型数据、体细胞突变 MAF 数据。图谱中项目 Pharmacogenomic profiling of intra-tumor heterogeneity by a large organoid biobank of liver cancer 的 HRA006499（癌种：Liver Cancer）存在这些输入数据，共 340 个匹配文件（文件引用已脱敏）。	["CLINICAL_DATA_EXCEL", "MUTATION_ANNOTATION_FORMAT_MAF"]	[]	["可视化与报告", "突变景观与可视化"]	["Clinical", "WES"]		[{"semantic_format": "CLINICAL_DATA_EXCEL", "data_desc": "临床表型数据", "count": 1, "study": "HRA006499", "project_name": "Pharmacogenomic profiling of intra-tumor heterogeneity by a large organoid biobank of liver cancer", "tumor_subtype": "Liver Cancer"}, {"semantic_format": "MUTATION_ANNOTATION_FORMAT_MAF", "data_desc": "体细胞突变 MAF 数据", "count": 339, "study": "HRA006499", "project_name": "Pharmacogenomic profiling of intra-tumor heterogeneity by a large organoid biobank of liver cancer", "tumor_subtype": "Liver Cancer"}]
class100212	class1_tool_recommend	single_tool	生存分析	T017	her2_pfs_survival	HRA000122	Integrated Genomic Analyses Identify High-Risk Factors Associated with Poor Outcomes of T-ALL	Acute T cell leukemia	我拿到了Integrated Genomic Analyses Identify High-Risk Factors Associated with Poor Outcomes of T-ALL的基因表达矩阵/表格数据，目标是生存分析，应该选哪个工具？	推荐工具 her2_pfs_survival（生存分析）。该工具需要输入：临床表型数据、基因表达矩阵/表格数据。图谱中项目 Integrated Genomic Analyses Identify High-Risk Factors Associated with Poor Outcomes of T-ALL 的 HRA000122（癌种：Acute T cell leukemia）存在这些输入数据，共 4 个匹配文件（文件引用已脱敏）。	["CLINICAL_DATA_EXCEL", "TABULAR_BIO_DATA"]	[]	["可视化与报告", "生存分析"]	["Clinical", "bulk_RNA"]		[{"semantic_format": "CLINICAL_DATA_EXCEL", "data_desc": "临床表型数据", "count": 1, "study": "HRA000122", "project_name": "Integrated Genomic Analyses Identify High-Risk Factors Associated with Poor Outcomes of T-ALL", "tumor_subtype": "Acute T cell leukemia"}, {"semantic_format": "TABULAR_BIO_DATA", "data_desc": "基因表达矩阵/表格数据", "count": 3, "study": "HRA000122", "project_name": "Integrated Genomic Analyses Identify High-Risk Factors Associated with Poor Outcomes of T-ALL", "tumor_subtype": "Acute T cell leukemia"}]
class100213	class1_tool_recommend	single_tool	免疫浸润与微环境分析	T018	immune_infiltration_iobr	HRA000122	Integrated Genomic Analyses Identify High-Risk Factors Associated with Poor Outcomes of T-ALL	Acute T cell leukemia	要完成免疫浸润与微环境分析，手上有基因表达矩阵/表格数据，适合的工具是什么？	推荐工具 immune_infiltration_iobr（免疫浸润与微环境分析）。该工具需要输入：临床表型数据、基因表达矩阵/表格数据。图谱中项目 Integrated Genomic Analyses Identify High-Risk Factors Associated with Poor Outcomes of T-ALL 的 HRA000122（癌种：Acute T cell leukemia）存在这些输入数据，共 4 个匹配文件（文件引用已脱敏）。	["CLINICAL_DATA_EXCEL", "TABULAR_BIO_DATA"]	[]	["免疫浸润与微环境分析", "可视化与报告"]	["Clinical", "bulk_RNA"]		[{"semantic_format": "CLINICAL_DATA_EXCEL", "data_desc": "临床表型数据", "count": 1, "study": "HRA000122", "project_name": "Integrated Genomic Analyses Identify High-Risk Factors Associated with Poor Outcomes of T-ALL", "tumor_subtype": "Acute T cell leukemia"}, {"semantic_format": "TABULAR_BIO_DATA", "data_desc": "基因表达矩阵/表格数据", "count": 3, "study": "HRA000122", "project_name": "Integrated Genomic Analyses Identify High-Risk Factors Associated with Poor Outcomes of T-ALL", "tumor_subtype": "Acute T cell leukemia"}]
class100214	class1_tool_recommend	single_tool	序列格式转换	T019	paired_fastq_to_unmapped_bam	HRA001749	scRNA-seq of liver cancer	Liver Cancer	基于scRNA-seq of liver cancer的原始双端测序数据（R1）做序列格式转换，应该使用什么工具？	推荐工具 paired_fastq_to_unmapped_bam（序列格式转换）。该工具需要输入：基因组比对 BAM 数据、原始双端测序数据（R1）、原始双端测序数据（R2）。图谱中项目 scRNA-seq of liver cancer 的 HRA001749（癌种：Liver Cancer）存在这些输入数据，共 534 个匹配文件（文件引用已脱敏）。	["DNA_GENOMIC_ALIGNMENT_BAM", "RAW_PAIRED_END_R1_FASTQ", "RAW_PAIRED_END_R2_FASTQ"]	[]	["序列格式转换"]	["WES"]		[{"semantic_format": "DNA_ALIGNMENT_BQSR_BAM", "data_desc": "碱基质量校正后的比对 BAM 数据", "count": 178, "study": "HRA001749", "project_name": "scRNA-seq of liver cancer", "tumor_subtype": "Liver Cancer"}, {"semantic_format": "RAW_PAIRED_END_R1_FASTQ", "data_desc": "原始双端测序数据（R1）", "count": 178, "study": "HRA001749", "project_name": "scRNA-seq of liver cancer", "tumor_subtype": "Liver Cancer"}, {"semantic_format": "RAW_PAIRED_END_R2_FASTQ", "data_desc": "原始双端测序数据（R2）", "count": 178, "study": "HRA001749", "project_name": "scRNA-seq of liver cancer", "tumor_subtype": "Liver Cancer"}]
class100215	class1_tool_recommend	single_tool	无监督聚类分析	T020	rnaseq_unsupervised_cluster	HRA001272	Integrated genomic and transcriptomic profiling dissects spatiotemporal evolution of metastatic hepatocellular carcinoma	Hepatocellular carcinoma	我想对基因表达矩阵/表格数据完成无监督聚类分析，应该用什么工具？	推荐工具 rnaseq_unsupervised_cluster（无监督聚类分析）。该工具需要输入：基因表达矩阵/表格数据。图谱中项目 Integrated genomic and transcriptomic profiling dissects spatiotemporal evolution of metastatic hepatocellular carcinoma 的 HRA001272（癌种：Hepatocellular carcinoma）存在这些输入数据，共 435 个匹配文件（文件引用已脱敏）。	["TABULAR_BIO_DATA"]	[]	["可视化与报告", "无监督聚类分析"]	["bulk_RNA"]		[{"semantic_format": "SOMATIC_CNV_TSV", "data_desc": "体细胞拷贝数变异数据", "count": 1, "study": "HRA001272", "project_name": "Integrated genomic and transcriptomic profiling dissects spatiotemporal evolution of metastatic hepatocellular carcinoma", "tumor_subtype": "Hepatocellular carcinoma"}, {"semantic_format": "TABULAR_BIO_DATA", "data_desc": "基因表达矩阵/表格数据", "count": 434, "study": "HRA001272", "project_name": "Integrated genomic and transcriptomic profiling dissects spatiotemporal evolution of metastatic hepatocellular carcinoma", "tumor_subtype": "Hepatocellular carcinoma"}]
class100216	class1_tool_recommend	single_tool	生存分析	T021	survival_analysis	HRA006499	Pharmacogenomic profiling of intra-tumor heterogeneity by a large organoid biobank of liver cancer	Liver Cancer	项目Pharmacogenomic profiling of intra-tumor heterogeneity by a large organoid biobank of liver cancer中有体细胞突变 MAF 数据，要完成生存分析，推荐使用哪个工具？	推荐工具 survival_analysis（生存分析）。该工具需要输入：临床表型数据、体细胞突变 MAF 数据。图谱中项目 Pharmacogenomic profiling of intra-tumor heterogeneity by a large organoid biobank of liver cancer 的 HRA006499（癌种：Liver Cancer）存在这些输入数据，共 340 个匹配文件（文件引用已脱敏）。	["CLINICAL_DATA_EXCEL", "MUTATION_ANNOTATION_FORMAT_MAF"]	[]	["生存分析"]	["Clinical", "WES"]		[{"semantic_format": "CLINICAL_DATA_EXCEL", "data_desc": "临床表型数据", "count": 1, "study": "HRA006499", "project_name": "Pharmacogenomic profiling of intra-tumor heterogeneity by a large organoid biobank of liver cancer", "tumor_subtype": "Liver Cancer"}, {"semantic_format": "MUTATION_ANNOTATION_FORMAT_MAF", "data_desc": "体细胞突变 MAF 数据", "count": 339, "study": "HRA006499", "project_name": "Pharmacogenomic profiling of intra-tumor heterogeneity by a large organoid biobank of liver cancer", "tumor_subtype": "Liver Cancer"}]
class100217	class1_tool_recommend	single_tool	生存分析	T022	tmb_survival_analysis	HRA006499	Pharmacogenomic profiling of intra-tumor heterogeneity by a large organoid biobank of liver cancer	Liver Cancer	我拿到了Pharmacogenomic profiling of intra-tumor heterogeneity by a large organoid biobank of liver cancer的体细胞突变 MAF 数据，目标是生存分析，应该选哪个工具？	推荐工具 tmb_survival_analysis（生存分析）。该工具需要输入：临床表型数据、体细胞突变 MAF 数据。图谱中项目 Pharmacogenomic profiling of intra-tumor heterogeneity by a large organoid biobank of liver cancer 的 HRA006499（癌种：Liver Cancer）存在这些输入数据，共 340 个匹配文件（文件引用已脱敏）。	["CLINICAL_DATA_EXCEL", "MUTATION_ANNOTATION_FORMAT_MAF"]	[]	["生存分析", "突变景观与可视化"]	["Clinical", "WES"]		[{"semantic_format": "CLINICAL_DATA_EXCEL", "data_desc": "临床表型数据", "count": 1, "study": "HRA006499", "project_name": "Pharmacogenomic profiling of intra-tumor heterogeneity by a large organoid biobank of liver cancer", "tumor_subtype": "Liver Cancer"}, {"semantic_format": "MUTATION_ANNOTATION_FORMAT_MAF", "data_desc": "体细胞突变 MAF 数据", "count": 339, "study": "HRA006499", "project_name": "Pharmacogenomic profiling of intra-tumor heterogeneity by a large organoid biobank of liver cancer", "tumor_subtype": "Liver Cancer"}]
class100218	class1_tool_recommend	single_tool	突变景观与可视化	T023	wes_somatic_maf_landscape	HRA006499	Pharmacogenomic profiling of intra-tumor heterogeneity by a large organoid biobank of liver cancer	Liver Cancer	要完成突变景观与可视化，手上有体细胞突变 MAF 数据，适合的工具是什么？	推荐工具 wes_somatic_maf_landscape（突变景观与可视化）。该工具需要输入：体细胞突变 MAF 数据。图谱中项目 Pharmacogenomic profiling of intra-tumor heterogeneity by a large organoid biobank of liver cancer 的 HRA006499（癌种：Liver Cancer）存在这些输入数据，共 339 个匹配文件（文件引用已脱敏）。	["MUTATION_ANNOTATION_FORMAT_MAF"]	[]	["突变景观与可视化"]	["WES"]		[{"semantic_format": "MUTATION_ANNOTATION_FORMAT_MAF", "data_desc": "体细胞突变 MAF 数据", "count": 339, "study": "HRA006499", "project_name": "Pharmacogenomic profiling of intra-tumor heterogeneity by a large organoid biobank of liver cancer", "tumor_subtype": "Liver Cancer"}]
class100219	class1_tool_recommend	single_tool	共表达网络分析	T024	wgcna	HRA000122	Integrated Genomic Analyses Identify High-Risk Factors Associated with Poor Outcomes of T-ALL	Acute T cell leukemia	基于Integrated Genomic Analyses Identify High-Risk Factors Associated with Poor Outcomes of T-ALL的基因表达矩阵/表格数据做共表达网络分析，应该使用什么工具？	推荐工具 wgcna（共表达网络分析）。该工具需要输入：临床表型数据、基因表达矩阵/表格数据。图谱中项目 Integrated Genomic Analyses Identify High-Risk Factors Associated with Poor Outcomes of T-ALL 的 HRA000122（癌种：Acute T cell leukemia）存在这些输入数据，共 4 个匹配文件（文件引用已脱敏）。	["CLINICAL_DATA_EXCEL", "TABULAR_BIO_DATA"]	[]	["共表达网络分析"]	["Clinical", "bulk_RNA"]		[{"semantic_format": "CLINICAL_DATA_EXCEL", "data_desc": "临床表型数据", "count": 1, "study": "HRA000122", "project_name": "Integrated Genomic Analyses Identify High-Risk Factors Associated with Poor Outcomes of T-ALL", "tumor_subtype": "Acute T cell leukemia"}, {"semantic_format": "TABULAR_BIO_DATA", "data_desc": "基因表达矩阵/表格数据", "count": 3, "study": "HRA000122", "project_name": "Integrated Genomic Analyses Identify High-Risk Factors Associated with Poor Outcomes of T-ALL", "tumor_subtype": "Acute T cell leukemia"}]
class100220	class1_tool_recommend	single_tool	拷贝数变异分析	T028	cnvkit_cnv_clinical	HRA000122	Integrated Genomic Analyses Identify High-Risk Factors Associated with Poor Outcomes of T-ALL	Acute T cell leukemia	我想对转录组比对 BAM 数据完成拷贝数变异分析，应该用什么工具？	推荐工具 cnvkit_cnv_clinical（拷贝数变异分析）。该工具需要输入：基因组比对 BAM 数据。图谱中项目 Integrated Genomic Analyses Identify High-Risk Factors Associated with Poor Outcomes of T-ALL 的 HRA000122（癌种：Acute T cell leukemia）存在这些输入数据，共 124 个匹配文件（文件引用已脱敏）。	["DNA_GENOMIC_ALIGNMENT_BAM"]	[]	["可视化与报告", "拷贝数变异分析"]	["Clinical", "WES", "WGS"]		[{"semantic_format": "RNA_TRANSCRIPTOME_ALIGNMENT_BAM", "data_desc": "转录组比对 BAM 数据", "count": 124, "study": "HRA000122", "project_name": "Integrated Genomic Analyses Identify High-Risk Factors Associated with Poor Outcomes of T-ALL", "tumor_subtype": "Acute T cell leukemia"}]
class100221	class1_tool_recommend	single_tool	生存分析	T029	cox_model	HRA000122	Integrated Genomic Analyses Identify High-Risk Factors Associated with Poor Outcomes of T-ALL	Acute T cell leukemia	项目Integrated Genomic Analyses Identify High-Risk Factors Associated with Poor Outcomes of T-ALL中有基因表达矩阵/表格数据，要完成生存分析，推荐使用哪个工具？	推荐工具 cox_model（生存分析）。该工具需要输入：临床表型数据、样本元数据、基因表达矩阵/表格数据。图谱中项目 Integrated Genomic Analyses Identify High-Risk Factors Associated with Poor Outcomes of T-ALL 的 HRA000122（癌种：Acute T cell leukemia）存在这些输入数据，共 5 个匹配文件（文件引用已脱敏）。	["CLINICAL_DATA_EXCEL", "METADATA_SAMPLE_INFO", "TABULAR_BIO_DATA"]	[]	["生存分析"]	["Clinical", "bulk_RNA"]		[{"semantic_format": "CLINICAL_DATA_EXCEL", "data_desc": "临床表型数据", "count": 1, "study": "HRA000122", "project_name": "Integrated Genomic Analyses Identify High-Risk Factors Associated with Poor Outcomes of T-ALL", "tumor_subtype": "Acute T cell leukemia"}, {"semantic_format": "METADATA_SAMPLE_INFO", "data_desc": "样本元数据", "count": 1, "study": "HRA000122", "project_name": "Integrated Genomic Analyses Identify High-Risk Factors Associated with Poor Outcomes of T-ALL", "tumor_subtype": "Acute T cell leukemia"}, {"semantic_format": "TABULAR_BIO_DATA", "data_desc": "基因表达矩阵/表格数据", "count": 3, "study": "HRA000122", "project_name": "Integrated Genomic Analyses Identify High-Risk Factors Associated with Poor Outcomes of T-ALL", "tumor_subtype": "Acute T cell leukemia"}]
class100222	class1_tool_recommend	single_tool	功能富集分析	T032	de_enrichment	HRA000122	Integrated Genomic Analyses Identify High-Risk Factors Associated with Poor Outcomes of T-ALL	Acute T cell leukemia	我拿到了Integrated Genomic Analyses Identify High-Risk Factors Associated with Poor Outcomes of T-ALL的基因表达矩阵/表格数据，目标是功能富集分析，应该选哪个工具？	推荐工具 de_enrichment（功能富集分析）。该工具需要输入：临床表型数据、样本元数据、基因表达矩阵/表格数据。图谱中项目 Integrated Genomic Analyses Identify High-Risk Factors Associated with Poor Outcomes of T-ALL 的 HRA000122（癌种：Acute T cell leukemia）存在这些输入数据，共 5 个匹配文件（文件引用已脱敏）。	["CLINICAL_DATA_EXCEL", "METADATA_SAMPLE_INFO", "TABULAR_BIO_DATA"]	[]	["功能富集分析", "可视化与报告", "差异表达分析"]	["Clinical", "bulk_RNA"]		[{"semantic_format": "CLINICAL_DATA_EXCEL", "data_desc": "临床表型数据", "count": 1, "study": "HRA000122", "project_name": "Integrated Genomic Analyses Identify High-Risk Factors Associated with Poor Outcomes of T-ALL", "tumor_subtype": "Acute T cell leukemia"}, {"semantic_format": "METADATA_SAMPLE_INFO", "data_desc": "样本元数据", "count": 1, "study": "HRA000122", "project_name": "Integrated Genomic Analyses Identify High-Risk Factors Associated with Poor Outcomes of T-ALL", "tumor_subtype": "Acute T cell leukemia"}, {"semantic_format": "TABULAR_BIO_DATA", "data_desc": "基因表达矩阵/表格数据", "count": 3, "study": "HRA000122", "project_name": "Integrated Genomic Analyses Identify High-Risk Factors Associated with Poor Outcomes of T-ALL", "tumor_subtype": "Acute T cell leukemia"}]
class100223	class1_tool_recommend	single_tool	功能富集分析	T033	deg_enrichment	HRA000122	Integrated Genomic Analyses Identify High-Risk Factors Associated with Poor Outcomes of T-ALL	Acute T cell leukemia	要完成功能富集分析，手上有基因表达矩阵/表格数据，适合的工具是什么？	推荐工具 deg_enrichment（功能富集分析）。该工具需要输入：临床表型数据、样本元数据、基因表达矩阵/表格数据。图谱中项目 Integrated Genomic Analyses Identify High-Risk Factors Associated with Poor Outcomes of T-ALL 的 HRA000122（癌种：Acute T cell leukemia）存在这些输入数据，共 5 个匹配文件（文件引用已脱敏）。	["CLINICAL_DATA_EXCEL", "METADATA_SAMPLE_INFO", "TABULAR_BIO_DATA"]	[]	["功能富集分析", "差异表达分析"]	["Clinical", "bulk_RNA"]		[{"semantic_format": "CLINICAL_DATA_EXCEL", "data_desc": "临床表型数据", "count": 1, "study": "HRA000122", "project_name": "Integrated Genomic Analyses Identify High-Risk Factors Associated with Poor Outcomes of T-ALL", "tumor_subtype": "Acute T cell leukemia"}, {"semantic_format": "METADATA_SAMPLE_INFO", "data_desc": "样本元数据", "count": 1, "study": "HRA000122", "project_name": "Integrated Genomic Analyses Identify High-Risk Factors Associated with Poor Outcomes of T-ALL", "tumor_subtype": "Acute T cell leukemia"}, {"semantic_format": "TABULAR_BIO_DATA", "data_desc": "基因表达矩阵/表格数据", "count": 3, "study": "HRA000122", "project_name": "Integrated Genomic Analyses Identify High-Risk Factors Associated with Poor Outcomes of T-ALL", "tumor_subtype": "Acute T cell leukemia"}]
class100224	class1_tool_recommend	single_tool	差异表达分析	T034	deg_trend	HRA000122	Integrated Genomic Analyses Identify High-Risk Factors Associated with Poor Outcomes of T-ALL	Acute T cell leukemia	基于Integrated Genomic Analyses Identify High-Risk Factors Associated with Poor Outcomes of T-ALL的基因表达矩阵/表格数据做差异表达分析，应该使用什么工具？	推荐工具 deg_trend（差异表达分析）。该工具需要输入：临床表型数据、样本元数据、基因表达矩阵/表格数据。图谱中项目 Integrated Genomic Analyses Identify High-Risk Factors Associated with Poor Outcomes of T-ALL 的 HRA000122（癌种：Acute T cell leukemia）存在这些输入数据，共 5 个匹配文件（文件引用已脱敏）。	["CLINICAL_DATA_EXCEL", "METADATA_SAMPLE_INFO", "TABULAR_BIO_DATA"]	[]	["可视化与报告", "差异表达分析"]	["Clinical", "bulk_RNA"]		[{"semantic_format": "CLINICAL_DATA_EXCEL", "data_desc": "临床表型数据", "count": 1, "study": "HRA000122", "project_name": "Integrated Genomic Analyses Identify High-Risk Factors Associated with Poor Outcomes of T-ALL", "tumor_subtype": "Acute T cell leukemia"}, {"semantic_format": "METADATA_SAMPLE_INFO", "data_desc": "样本元数据", "count": 1, "study": "HRA000122", "project_name": "Integrated Genomic Analyses Identify High-Risk Factors Associated with Poor Outcomes of T-ALL", "tumor_subtype": "Acute T cell leukemia"}, {"semantic_format": "TABULAR_BIO_DATA", "data_desc": "基因表达矩阵/表格数据", "count": 3, "study": "HRA000122", "project_name": "Integrated Genomic Analyses Identify High-Risk Factors Associated with Poor Outcomes of T-ALL", "tumor_subtype": "Acute T cell leukemia"}]
class100225	class1_tool_recommend	single_tool	可视化与报告	T035	gene_boxplot	HRA000122	Integrated Genomic Analyses Identify High-Risk Factors Associated with Poor Outcomes of T-ALL	Acute T cell leukemia	我想对基因表达矩阵/表格数据完成可视化与报告，应该用什么工具？	推荐工具 gene_boxplot（可视化与报告）。该工具需要输入：临床表型数据、样本元数据、基因表达矩阵/表格数据。图谱中项目 Integrated Genomic Analyses Identify High-Risk Factors Associated with Poor Outcomes of T-ALL 的 HRA000122（癌种：Acute T cell leukemia）存在这些输入数据，共 5 个匹配文件（文件引用已脱敏）。	["CLINICAL_DATA_EXCEL", "METADATA_SAMPLE_INFO", "TABULAR_BIO_DATA"]	[]	["可视化与报告"]	["Clinical", "bulk_RNA"]		[{"semantic_format": "CLINICAL_DATA_EXCEL", "data_desc": "临床表型数据", "count": 1, "study": "HRA000122", "project_name": "Integrated Genomic Analyses Identify High-Risk Factors Associated with Poor Outcomes of T-ALL", "tumor_subtype": "Acute T cell leukemia"}, {"semantic_format": "METADATA_SAMPLE_INFO", "data_desc": "样本元数据", "count": 1, "study": "HRA000122", "project_name": "Integrated Genomic Analyses Identify High-Risk Factors Associated with Poor Outcomes of T-ALL", "tumor_subtype": "Acute T cell leukemia"}, {"semantic_format": "TABULAR_BIO_DATA", "data_desc": "基因表达矩阵/表格数据", "count": 3, "study": "HRA000122", "project_name": "Integrated Genomic Analyses Identify High-Risk Factors Associated with Poor Outcomes of T-ALL", "tumor_subtype": "Acute T cell leukemia"}]
class100226	class1_tool_recommend	single_tool	功能富集分析	T036	gsea_pathway_enrichment	HRA000122	Integrated Genomic Analyses Identify High-Risk Factors Associated with Poor Outcomes of T-ALL	Acute T cell leukemia	项目Integrated Genomic Analyses Identify High-Risk Factors Associated with Poor Outcomes of T-ALL中有基因表达矩阵/表格数据，要完成功能富集分析，推荐使用哪个工具？	推荐工具 gsea_pathway_enrichment（功能富集分析）。该工具需要输入：基因表达矩阵/表格数据。图谱中项目 Integrated Genomic Analyses Identify High-Risk Factors Associated with Poor Outcomes of T-ALL 的 HRA000122（癌种：Acute T cell leukemia）存在这些输入数据，共 3 个匹配文件（文件引用已脱敏）。	["TABULAR_BIO_DATA"]	[]	["功能富集分析"]	["Clinical", "bulk_RNA"]		[{"semantic_format": "TABULAR_BIO_DATA", "data_desc": "基因表达矩阵/表格数据", "count": 3, "study": "HRA000122", "project_name": "Integrated Genomic Analyses Identify High-Risk Factors Associated with Poor Outcomes of T-ALL", "tumor_subtype": "Acute T cell leukemia"}]
class100227	class1_tool_recommend	single_tool	生存分析	T040	km_survival	HRA000122	Integrated Genomic Analyses Identify High-Risk Factors Associated with Poor Outcomes of T-ALL	Acute T cell leukemia	我拿到了Integrated Genomic Analyses Identify High-Risk Factors Associated with Poor Outcomes of T-ALL的基因表达矩阵/表格数据，目标是生存分析，应该选哪个工具？	推荐工具 km_survival（生存分析）。该工具需要输入：临床表型数据、样本元数据、基因表达矩阵/表格数据。图谱中项目 Integrated Genomic Analyses Identify High-Risk Factors Associated with Poor Outcomes of T-ALL 的 HRA000122（癌种：Acute T cell leukemia）存在这些输入数据，共 5 个匹配文件（文件引用已脱敏）。	["CLINICAL_DATA_EXCEL", "METADATA_SAMPLE_INFO", "TABULAR_BIO_DATA"]	[]	["可视化与报告", "生存分析"]	["Clinical", "bulk_RNA"]		[{"semantic_format": "CLINICAL_DATA_EXCEL", "data_desc": "临床表型数据", "count": 1, "study": "HRA000122", "project_name": "Integrated Genomic Analyses Identify High-Risk Factors Associated with Poor Outcomes of T-ALL", "tumor_subtype": "Acute T cell leukemia"}, {"semantic_format": "METADATA_SAMPLE_INFO", "data_desc": "样本元数据", "count": 1, "study": "HRA000122", "project_name": "Integrated Genomic Analyses Identify High-Risk Factors Associated with Poor Outcomes of T-ALL", "tumor_subtype": "Acute T cell leukemia"}, {"semantic_format": "TABULAR_BIO_DATA", "data_desc": "基因表达矩阵/表格数据", "count": 3, "study": "HRA000122", "project_name": "Integrated Genomic Analyses Identify High-Risk Factors Associated with Poor Outcomes of T-ALL", "tumor_subtype": "Acute T cell leukemia"}]
class100228	class1_tool_recommend	single_tool	表达矩阵预处理与归一化	T042	preprocess_counts	HRA001272	Integrated genomic and transcriptomic profiling dissects spatiotemporal evolution of metastatic hepatocellular carcinoma	Hepatocellular carcinoma	要完成表达矩阵预处理与归一化，手上有基因表达矩阵/表格数据，适合的工具是什么？	推荐工具 preprocess_counts（表达矩阵预处理与归一化）。该工具需要输入：基因表达矩阵/表格数据。图谱中项目 Integrated genomic and transcriptomic profiling dissects spatiotemporal evolution of metastatic hepatocellular carcinoma 的 HRA001272（癌种：Hepatocellular carcinoma）存在这些输入数据，共 435 个匹配文件（文件引用已脱敏）。	["TABULAR_BIO_DATA"]	[]	["表达矩阵预处理与归一化"]	["bulk_RNA"]		[{"semantic_format": "SOMATIC_CNV_TSV", "data_desc": "体细胞拷贝数变异数据", "count": 1, "study": "HRA001272", "project_name": "Integrated genomic and transcriptomic profiling dissects spatiotemporal evolution of metastatic hepatocellular carcinoma", "tumor_subtype": "Hepatocellular carcinoma"}, {"semantic_format": "TABULAR_BIO_DATA", "data_desc": "基因表达矩阵/表格数据", "count": 434, "study": "HRA001272", "project_name": "Integrated genomic and transcriptomic profiling dissects spatiotemporal evolution of metastatic hepatocellular carcinoma", "tumor_subtype": "Hepatocellular carcinoma"}]
class100229	class1_tool_recommend	single_tool	可变剪接分析	T043	rmats_alternative_splicing	HRA002693	Multi-center RNA sequencing analysis for acute myeloid leukemia	Acute Myeloid Leukemia	基于Multi-center RNA sequencing analysis for acute myeloid leukemia的转录组比对 BAM 数据做可变剪接分析，应该使用什么工具？	推荐工具 rmats_alternative_splicing（可变剪接分析）。该工具需要输入：转录组比对 BAM 数据（另需公共参考资源：参考基因组 FASTA）。图谱中项目 Multi-center RNA sequencing analysis for acute myeloid leukemia 的 HRA002693（癌种：Acute Myeloid Leukemia）存在这些输入数据，共 442 个匹配文件（文件引用已脱敏）。	["RNA_TRANSCRIPTOME_ALIGNMENT_BAM"]	["REFERENCE_GENOME_FASTA"]	["可变剪接分析"]	["bulk_RNA"]		[{"semantic_format": "RNA_TRANSCRIPTOME_ALIGNMENT_BAM", "data_desc": "转录组比对 BAM 数据", "count": 442, "study": "HRA002693", "project_name": "Multi-center RNA sequencing analysis for acute myeloid leukemia", "tumor_subtype": "Acute Myeloid Leukemia"}]
class100230	class1_tool_recommend	single_tool	RNA序列比对	T044	rnaseq_singletask	HRA001272	Integrated genomic and transcriptomic profiling dissects spatiotemporal evolution of metastatic hepatocellular carcinoma	Hepatocellular carcinoma	我想对原始双端测序数据（R1）完成RNA序列比对，应该用什么工具？	推荐工具 rnaseq_singletask（RNA序列比对）。该工具需要输入：原始双端测序数据（R1）、原始双端测序数据（R2）（另需公共参考资源：参考基因组 FASTA）。图谱中项目 Integrated genomic and transcriptomic profiling dissects spatiotemporal evolution of metastatic hepatocellular carcinoma 的 HRA001272（癌种：Hepatocellular carcinoma）存在这些输入数据，共 2360 个匹配文件（文件引用已脱敏）。	["RAW_PAIRED_END_R1_FASTQ", "RAW_PAIRED_END_R2_FASTQ"]	["REFERENCE_GENOME_FASTA"]	["RNA序列比对", "接头与低质量序列修剪", "测序质量评估", "表达定量"]	["bulk_RNA"]		[{"semantic_format": "RAW_PAIRED_END_R1_FASTQ", "data_desc": "原始双端测序数据（R1）", "count": 1180, "study": "HRA001272", "project_name": "Integrated genomic and transcriptomic profiling dissects spatiotemporal evolution of metastatic hepatocellular carcinoma", "tumor_subtype": "Hepatocellular carcinoma"}, {"semantic_format": "RAW_PAIRED_END_R2_FASTQ", "data_desc": "原始双端测序数据（R2）", "count": 1180, "study": "HRA001272", "project_name": "Integrated genomic and transcriptomic profiling dissects spatiotemporal evolution of metastatic hepatocellular carcinoma", "tumor_subtype": "Hepatocellular carcinoma"}]
class100231	class1_tool_recommend	single_tool	可视化与报告	T046	stage_heatmap	HRA000122	Integrated Genomic Analyses Identify High-Risk Factors Associated with Poor Outcomes of T-ALL	Acute T cell leukemia	项目Integrated Genomic Analyses Identify High-Risk Factors Associated with Poor Outcomes of T-ALL中有基因表达矩阵/表格数据，要完成可视化与报告，推荐使用哪个工具？	推荐工具 stage_heatmap（可视化与报告）。该工具需要输入：临床表型数据、样本元数据、基因表达矩阵/表格数据。图谱中项目 Integrated Genomic Analyses Identify High-Risk Factors Associated with Poor Outcomes of T-ALL 的 HRA000122（癌种：Acute T cell leukemia）存在这些输入数据，共 5 个匹配文件（文件引用已脱敏）。	["CLINICAL_DATA_EXCEL", "METADATA_SAMPLE_INFO", "TABULAR_BIO_DATA"]	[]	["可视化与报告"]	["Clinical", "bulk_RNA"]		[{"semantic_format": "CLINICAL_DATA_EXCEL", "data_desc": "临床表型数据", "count": 1, "study": "HRA000122", "project_name": "Integrated Genomic Analyses Identify High-Risk Factors Associated with Poor Outcomes of T-ALL", "tumor_subtype": "Acute T cell leukemia"}, {"semantic_format": "METADATA_SAMPLE_INFO", "data_desc": "样本元数据", "count": 1, "study": "HRA000122", "project_name": "Integrated Genomic Analyses Identify High-Risk Factors Associated with Poor Outcomes of T-ALL", "tumor_subtype": "Acute T cell leukemia"}, {"semantic_format": "TABULAR_BIO_DATA", "data_desc": "基因表达矩阵/表格数据", "count": 3, "study": "HRA000122", "project_name": "Integrated Genomic Analyses Identify High-Risk Factors Associated with Poor Outcomes of T-ALL", "tumor_subtype": "Acute T cell leukemia"}]
class100232	class1_tool_recommend	single_tool	可视化与报告	T048	umap	HRA000122	Integrated Genomic Analyses Identify High-Risk Factors Associated with Poor Outcomes of T-ALL	Acute T cell leukemia	我拿到了Integrated Genomic Analyses Identify High-Risk Factors Associated with Poor Outcomes of T-ALL的基因表达矩阵/表格数据，目标是可视化与报告，应该选哪个工具？	推荐工具 umap（可视化与报告）。该工具需要输入：临床表型数据、样本元数据、基因表达矩阵/表格数据。图谱中项目 Integrated Genomic Analyses Identify High-Risk Factors Associated with Poor Outcomes of T-ALL 的 HRA000122（癌种：Acute T cell leukemia）存在这些输入数据，共 5 个匹配文件（文件引用已脱敏）。	["CLINICAL_DATA_EXCEL", "METADATA_SAMPLE_INFO", "TABULAR_BIO_DATA"]	[]	["可视化与报告"]	["Clinical", "bulk_RNA"]		[{"semantic_format": "CLINICAL_DATA_EXCEL", "data_desc": "临床表型数据", "count": 1, "study": "HRA000122", "project_name": "Integrated Genomic Analyses Identify High-Risk Factors Associated with Poor Outcomes of T-ALL", "tumor_subtype": "Acute T cell leukemia"}, {"semantic_format": "METADATA_SAMPLE_INFO", "data_desc": "样本元数据", "count": 1, "study": "HRA000122", "project_name": "Integrated Genomic Analyses Identify High-Risk Factors Associated with Poor Outcomes of T-ALL", "tumor_subtype": "Acute T cell leukemia"}, {"semantic_format": "TABULAR_BIO_DATA", "data_desc": "基因表达矩阵/表格数据", "count": 3, "study": "HRA000122", "project_name": "Integrated Genomic Analyses Identify High-Risk Factors Associated with Poor Outcomes of T-ALL", "tumor_subtype": "Acute T cell leukemia"}]
class100233	class1_tool_recommend	single_tool	DNA序列比对	T049	wes_somatic_pair	HRA001749	scRNA-seq of liver cancer	Liver Cancer	要完成DNA序列比对，手上有原始双端测序数据（R1），适合的工具是什么？	推荐工具 wes_somatic_pair（DNA序列比对）。该工具需要输入：变异 VCF 数据、原始双端测序数据（R1）、原始双端测序数据（R2）（另需公共参考资源：参考基因组 FASTA、目标区间列表）。图谱中项目 scRNA-seq of liver cancer 的 HRA001749（癌种：Liver Cancer）存在这些输入数据，共 692 个匹配文件（文件引用已脱敏）。	["DNA_VARIANT_VCF_GENERAL", "RAW_PAIRED_END_R1_FASTQ", "RAW_PAIRED_END_R2_FASTQ"]	["REFERENCE_GENOME_FASTA", "TARGET_INTERVAL_LIST"]	["DNA序列比对", "体细胞变异检测", "变异注释", "变异质量校正", "可视化与报告", "测序质量评估"]	["WES", "WGS"]		[{"semantic_format": "DNA_VARIANT_VCF_GENERAL", "data_desc": "变异 VCF 数据", "count": 336, "study": "HRA001749", "project_name": "scRNA-seq of liver cancer", "tumor_subtype": "Liver Cancer"}, {"semantic_format": "RAW_PAIRED_END_R1_FASTQ", "data_desc": "原始双端测序数据（R1）", "count": 178, "study": "HRA001749", "project_name": "scRNA-seq of liver cancer", "tumor_subtype": "Liver Cancer"}, {"semantic_format": "RAW_PAIRED_END_R2_FASTQ", "data_desc": "原始双端测序数据（R2）", "count": 178, "study": "HRA001749", "project_name": "scRNA-seq of liver cancer", "tumor_subtype": "Liver Cancer"}]
class100234	class1_tool_recommend	single_tool	共表达网络分析	T050	wgcna_hub	HRA000122	Integrated Genomic Analyses Identify High-Risk Factors Associated with Poor Outcomes of T-ALL	Acute T cell leukemia	基于Integrated Genomic Analyses Identify High-Risk Factors Associated with Poor Outcomes of T-ALL的基因表达矩阵/表格数据做共表达网络分析，应该使用什么工具？	推荐工具 wgcna_hub（共表达网络分析）。该工具需要输入：临床表型数据、样本元数据、基因表达矩阵/表格数据。图谱中项目 Integrated Genomic Analyses Identify High-Risk Factors Associated with Poor Outcomes of T-ALL 的 HRA000122（癌种：Acute T cell leukemia）存在这些输入数据，共 5 个匹配文件（文件引用已脱敏）。	["CLINICAL_DATA_EXCEL", "METADATA_SAMPLE_INFO", "TABULAR_BIO_DATA"]	[]	["共表达网络分析"]	["Clinical", "bulk_RNA"]		[{"semantic_format": "CLINICAL_DATA_EXCEL", "data_desc": "临床表型数据", "count": 1, "study": "HRA000122", "project_name": "Integrated Genomic Analyses Identify High-Risk Factors Associated with Poor Outcomes of T-ALL", "tumor_subtype": "Acute T cell leukemia"}, {"semantic_format": "METADATA_SAMPLE_INFO", "data_desc": "样本元数据", "count": 1, "study": "HRA000122", "project_name": "Integrated Genomic Analyses Identify High-Risk Factors Associated with Poor Outcomes of T-ALL", "tumor_subtype": "Acute T cell leukemia"}, {"semantic_format": "TABULAR_BIO_DATA", "data_desc": "基因表达矩阵/表格数据", "count": 3, "study": "HRA000122", "project_name": "Integrated Genomic Analyses Identify High-Risk Factors Associated with Poor Outcomes of T-ALL", "tumor_subtype": "Acute T cell leukemia"}]
class100235	class1_tool_recommend	single_tool	共表达网络分析	T051	wgcna_module_trait	HRA000122	Integrated Genomic Analyses Identify High-Risk Factors Associated with Poor Outcomes of T-ALL	Acute T cell leukemia	我想对基因表达矩阵/表格数据完成共表达网络分析，应该用什么工具？	推荐工具 wgcna_module_trait（共表达网络分析）。该工具需要输入：临床表型数据、样本元数据、基因表达矩阵/表格数据。图谱中项目 Integrated Genomic Analyses Identify High-Risk Factors Associated with Poor Outcomes of T-ALL 的 HRA000122（癌种：Acute T cell leukemia）存在这些输入数据，共 5 个匹配文件（文件引用已脱敏）。	["CLINICAL_DATA_EXCEL", "METADATA_SAMPLE_INFO", "TABULAR_BIO_DATA"]	[]	["共表达网络分析"]	["Clinical", "bulk_RNA"]		[{"semantic_format": "CLINICAL_DATA_EXCEL", "data_desc": "临床表型数据", "count": 1, "study": "HRA000122", "project_name": "Integrated Genomic Analyses Identify High-Risk Factors Associated with Poor Outcomes of T-ALL", "tumor_subtype": "Acute T cell leukemia"}, {"semantic_format": "METADATA_SAMPLE_INFO", "data_desc": "样本元数据", "count": 1, "study": "HRA000122", "project_name": "Integrated Genomic Analyses Identify High-Risk Factors Associated with Poor Outcomes of T-ALL", "tumor_subtype": "Acute T cell leukemia"}, {"semantic_format": "TABULAR_BIO_DATA", "data_desc": "基因表达矩阵/表格数据", "count": 3, "study": "HRA000122", "project_name": "Integrated Genomic Analyses Identify High-Risk Factors Associated with Poor Outcomes of T-ALL", "tumor_subtype": "Acute T cell leukemia"}]
class100236	class1_tool_recommend	single_tool	变异过滤与处理	T052	gatk_germline_cohort	HRA016026	Multi-omics Landscape of Central Nervous System Tumors	Lung Cancer	项目Multi-omics Landscape of Central Nervous System Tumors中有碱基质量校正后的比对 BAM 数据，要完成变异过滤与处理，推荐使用哪个工具？	推荐工具 gatk_germline_cohort（变异过滤与处理）。该工具需要输入：临床表型数据、基因组比对 BAM 数据、VCF 索引数据、变异 VCF 数据、样本元数据（另需公共参考资源：参考基因组 FASTA、目标区间列表）。图谱中项目 Multi-omics Landscape of Central Nervous System Tumors 的 HRA016026（癌种：Lung Cancer）存在这些输入数据，共 2802 个匹配文件（文件引用已脱敏）。	["CLINICAL_DATA_EXCEL", "DNA_GENOMIC_ALIGNMENT_BAM", "DNA_VARIANT_INDEX_TBI", "DNA_VARIANT_VCF_GENERAL", "METADATA_SAMPLE_INFO"]	["REFERENCE_GENOME_FASTA", "TARGET_INTERVAL_LIST"]	["变异过滤与处理", "胚系变异检测"]	["Clinical", "WES", "WGS"]		[{"semantic_format": "CLINICAL_DATA_EXCEL", "data_desc": "临床表型数据", "count": 1, "study": "HRA016026", "project_name": "Multi-omics Landscape of Central Nervous System Tumors", "tumor_subtype": "Lung Cancer"}, {"semantic_format": "DNA_ALIGNMENT_BQSR_BAM", "data_desc": "碱基质量校正后的比对 BAM 数据", "count": 700, "study": "HRA016026", "project_name": "Multi-omics Landscape of Central Nervous System Tumors", "tumor_subtype": "Lung Cancer"}, {"semantic_format": "DNA_VARIANT_INDEX_TBI", "data_desc": "VCF 索引数据", "count": 1050, "study": "HRA016026", "project_name": "Multi-omics Landscape of Central Nervous System Tumors", "tumor_subtype": "Lung Cancer"}, {"semantic_format": "DNA_VARIANT_VCF_GENERAL", "data_desc": "变异 VCF 数据", "count": 1050, "study": "HRA016026", "project_name": "Multi-omics Landscape of Central Nervous System Tumors", "tumor_subtype": "Lung Cancer"}, {"semantic_format": "METADATA_SAMPLE_INFO", "data_desc": "样本元数据", "count": 1, "study": "HRA016026", "project_name": "Multi-omics Landscape of Central Nervous System Tumors", "tumor_subtype": "Lung Cancer"}]
class100237	class1_tool_recommend	single_tool	结构变异检测	T053	manta_structural_variants	HRA001272	Integrated genomic and transcriptomic profiling dissects spatiotemporal evolution of metastatic hepatocellular carcinoma	Hepatocellular carcinoma	我拿到了Integrated genomic and transcriptomic profiling dissects spatiotemporal evolution of metastatic hepatocellular carcinoma的转录组比对 BAM 数据，目标是结构变异检测，应该选哪个工具？	推荐工具 manta_structural_variants（结构变异检测）。该工具需要输入：基因组比对 BAM 数据（另需公共参考资源：参考基因组 FASTA）。图谱中项目 Integrated genomic and transcriptomic profiling dissects spatiotemporal evolution of metastatic hepatocellular carcinoma 的 HRA001272（癌种：Hepatocellular carcinoma）存在这些输入数据，共 1180 个匹配文件（文件引用已脱敏）。	["DNA_GENOMIC_ALIGNMENT_BAM"]	["REFERENCE_GENOME_FASTA"]	["结构变异检测"]	["WES", "WGS"]		[{"semantic_format": "DNA_ALIGNMENT_BQSR_BAM", "data_desc": "碱基质量校正后的比对 BAM 数据", "count": 750, "study": "HRA001272", "project_name": "Integrated genomic and transcriptomic profiling dissects spatiotemporal evolution of metastatic hepatocellular carcinoma", "tumor_subtype": "Hepatocellular carcinoma"}, {"semantic_format": "RNA_TRANSCRIPTOME_ALIGNMENT_BAM", "data_desc": "转录组比对 BAM 数据", "count": 430, "study": "HRA001272", "project_name": "Integrated genomic and transcriptomic profiling dissects spatiotemporal evolution of metastatic hepatocellular carcinoma", "tumor_subtype": "Hepatocellular carcinoma"}]
class100238	class1_tool_recommend	single_tool	基因融合检测	T054	star_fusion	HRA000087	Single-cell RNA analysis reveals an epithelial-immune dual feature of tumor cells in nasopharyngeal carcinoma	Nasopharynx Carcinoma	要完成基因融合检测，手上有原始双端测序数据（R1），适合的工具是什么？	推荐工具 star_fusion（基因融合检测）。该工具需要输入：样本元数据、原始双端测序数据（R1）、原始双端测序数据（R2）。图谱中项目 Single-cell RNA analysis reveals an epithelial-immune dual feature of tumor cells in nasopharyngeal carcinoma 的 HRA000087（癌种：Nasopharynx Carcinoma）存在这些输入数据，共 3107 个匹配文件（文件引用已脱敏）。	["METADATA_SAMPLE_INFO", "RAW_PAIRED_END_R1_FASTQ", "RAW_PAIRED_END_R2_FASTQ"]	[]	["基因融合检测"]	["Clinical", "bulk_RNA"]		[{"semantic_format": "METADATA_SAMPLE_INFO", "data_desc": "样本元数据", "count": 1, "study": "HRA000087", "project_name": "Single-cell RNA analysis reveals an epithelial-immune dual feature of tumor cells in nasopharyngeal carcinoma", "tumor_subtype": "Nasopharynx Carcinoma"}, {"semantic_format": "RAW_PAIRED_END_R1_FASTQ", "data_desc": "原始双端测序数据（R1）", "count": 1553, "study": "HRA000087", "project_name": "Single-cell RNA analysis reveals an epithelial-immune dual feature of tumor cells in nasopharyngeal carcinoma", "tumor_subtype": "Nasopharynx Carcinoma"}, {"semantic_format": "RAW_PAIRED_END_R2_FASTQ", "data_desc": "原始双端测序数据（R2）", "count": 1553, "study": "HRA000087", "project_name": "Single-cell RNA analysis reveals an epithelial-immune dual feature of tumor cells in nasopharyngeal carcinoma", "tumor_subtype": "Nasopharynx Carcinoma"}]
class100239	class1_tool_recommend	single_tool	接头与低质量序列修剪	T001	fastp	HRA006499	Pharmacogenomic profiling of intra-tumor heterogeneity by a large organoid biobank of liver cancer	Liver Cancer	基于Pharmacogenomic profiling of intra-tumor heterogeneity by a large organoid biobank of liver cancer的原始双端测序数据（R1）做接头与低质量序列修剪，应该使用什么工具？	推荐工具 fastp（接头与低质量序列修剪）。该工具需要输入：原始双端测序数据（R1）、原始双端测序数据（R2）。图谱中项目 Pharmacogenomic profiling of intra-tumor heterogeneity by a large organoid biobank of liver cancer 的 HRA006499（癌种：Liver Cancer）存在这些输入数据，共 1526 个匹配文件（文件引用已脱敏）。	["RAW_PAIRED_END_R1_FASTQ", "RAW_PAIRED_END_R2_FASTQ"]	[]	["接头与低质量序列修剪", "测序质量评估"]	["WES"]		[{"semantic_format": "RAW_PAIRED_END_R1_FASTQ", "data_desc": "原始双端测序数据（R1）", "count": 763, "study": "HRA006499", "project_name": "Pharmacogenomic profiling of intra-tumor heterogeneity by a large organoid biobank of liver cancer", "tumor_subtype": "Liver Cancer"}, {"semantic_format": "RAW_PAIRED_END_R2_FASTQ", "data_desc": "原始双端测序数据（R2）", "count": 763, "study": "HRA006499", "project_name": "Pharmacogenomic profiling of intra-tumor heterogeneity by a large organoid biobank of liver cancer", "tumor_subtype": "Liver Cancer"}]
class100240	class1_tool_recommend	single_tool	测序质量评估	T002	fastqc	HRA000087	Single-cell RNA analysis reveals an epithelial-immune dual feature of tumor cells in nasopharyngeal carcinoma	Nasopharynx Carcinoma	我想对原始双端测序数据（R1）完成测序质量评估，应该用什么工具？	推荐工具 fastqc（测序质量评估）。该工具需要输入：原始单端测序数据。图谱中项目 Single-cell RNA analysis reveals an epithelial-immune dual feature of tumor cells in nasopharyngeal carcinoma 的 HRA000087（癌种：Nasopharynx Carcinoma）存在这些输入数据，共 3106 个匹配文件（文件引用已脱敏）。	["RAW_SINGLE_END_FASTQ"]	[]	["可视化与报告", "测序质量评估"]	["WES", "WGS", "bulk_RNA", "sc-RNA"]		[{"semantic_format": "RAW_PAIRED_END_R1_FASTQ", "data_desc": "原始双端测序数据（R1）", "count": 1553, "study": "HRA000087", "project_name": "Single-cell RNA analysis reveals an epithelial-immune dual feature of tumor cells in nasopharyngeal carcinoma", "tumor_subtype": "Nasopharynx Carcinoma"}, {"semantic_format": "RAW_PAIRED_END_R2_FASTQ", "data_desc": "原始双端测序数据（R2）", "count": 1553, "study": "HRA000087", "project_name": "Single-cell RNA analysis reveals an epithelial-immune dual feature of tumor cells in nasopharyngeal carcinoma", "tumor_subtype": "Nasopharynx Carcinoma"}]
class100241	class1_tool_recommend	single_tool	单细胞比对与定量	T003	cellranger_workflow	HRA003107	Multi-omics integrative analysis of esophageal squamous carcinoma	Esophageal Squamous Cell Carcinoma	项目Multi-omics integrative analysis of esophageal squamous carcinoma中有原始双端测序数据（R1），要完成单细胞比对与定量，推荐使用哪个工具？	推荐工具 cellranger_workflow（单细胞比对与定量）。该工具需要输入：基因组比对 BAM 数据、原始单端测序数据。图谱中项目 Multi-omics integrative analysis of esophageal squamous carcinoma 的 HRA003107（癌种：Esophageal Squamous Cell Carcinoma）存在这些输入数据，共 1462 个匹配文件（文件引用已脱敏）。	["DNA_GENOMIC_ALIGNMENT_BAM", "RAW_SINGLE_END_FASTQ"]	[]	["单细胞比对与定量", "可视化与报告", "测序质量评估"]	["bulk_RNA", "sc-RNA"]		[{"semantic_format": "RNA_TRANSCRIPTOME_ALIGNMENT_BAM", "data_desc": "转录组比对 BAM 数据", "count": 310, "study": "HRA003107", "project_name": "Multi-omics integrative analysis of esophageal squamous carcinoma", "tumor_subtype": "Esophageal Squamous Cell Carcinoma"}, {"semantic_format": "RAW_PAIRED_END_R1_FASTQ", "data_desc": "原始双端测序数据（R1）", "count": 576, "study": "HRA003107", "project_name": "Multi-omics integrative analysis of esophageal squamous carcinoma", "tumor_subtype": "Esophageal Squamous Cell Carcinoma"}, {"semantic_format": "RAW_PAIRED_END_R2_FASTQ", "data_desc": "原始双端测序数据（R2）", "count": 576, "study": "HRA003107", "project_name": "Multi-omics integrative analysis of esophageal squamous carcinoma", "tumor_subtype": "Esophageal Squamous Cell Carcinoma"}]
class100242	class1_tool_recommend	single_tool	接头与低质量序列修剪	T004	trim_galore	HRA002693	Multi-center RNA sequencing analysis for acute myeloid leukemia	Acute Myeloid Leukemia	我拿到了Multi-center RNA sequencing analysis for acute myeloid leukemia的原始双端测序数据（R1），目标是接头与低质量序列修剪，应该选哪个工具？	推荐工具 trim_galore（接头与低质量序列修剪）。该工具需要输入：原始双端测序数据（R1）、原始双端测序数据（R2）。图谱中项目 Multi-center RNA sequencing analysis for acute myeloid leukemia 的 HRA002693（癌种：Acute Myeloid Leukemia）存在这些输入数据，共 1310 个匹配文件（文件引用已脱敏）。	["RAW_PAIRED_END_R1_FASTQ", "RAW_PAIRED_END_R2_FASTQ"]	[]	["接头与低质量序列修剪"]	["bulk_RNA"]		[{"semantic_format": "RAW_PAIRED_END_R1_FASTQ", "data_desc": "原始双端测序数据（R1）", "count": 655, "study": "HRA002693", "project_name": "Multi-center RNA sequencing analysis for acute myeloid leukemia", "tumor_subtype": "Acute Myeloid Leukemia"}, {"semantic_format": "RAW_PAIRED_END_R2_FASTQ", "data_desc": "原始双端测序数据（R2）", "count": 655, "study": "HRA002693", "project_name": "Multi-center RNA sequencing analysis for acute myeloid leukemia", "tumor_subtype": "Acute Myeloid Leukemia"}]
class100243	class1_tool_recommend	single_tool	RNA序列比对	T005	star	HRA002693	Multi-center RNA sequencing analysis for acute myeloid leukemia	Acute Myeloid Leukemia	要完成RNA序列比对，手上有原始双端测序数据（R1），适合的工具是什么？	推荐工具 star（RNA序列比对）。该工具需要输入：原始双端测序数据（R1）、原始双端测序数据（R2）（另需公共参考资源：参考基因组 FASTA）。图谱中项目 Multi-center RNA sequencing analysis for acute myeloid leukemia 的 HRA002693（癌种：Acute Myeloid Leukemia）存在这些输入数据，共 1310 个匹配文件（文件引用已脱敏）。	["RAW_PAIRED_END_R1_FASTQ", "RAW_PAIRED_END_R2_FASTQ"]	["REFERENCE_GENOME_FASTA"]	["RNA序列比对"]	["bulk_RNA"]		[{"semantic_format": "RAW_PAIRED_END_R1_FASTQ", "data_desc": "原始双端测序数据（R1）", "count": 655, "study": "HRA002693", "project_name": "Multi-center RNA sequencing analysis for acute myeloid leukemia", "tumor_subtype": "Acute Myeloid Leukemia"}, {"semantic_format": "RAW_PAIRED_END_R2_FASTQ", "data_desc": "原始双端测序数据（R2）", "count": 655, "study": "HRA002693", "project_name": "Multi-center RNA sequencing analysis for acute myeloid leukemia", "tumor_subtype": "Acute Myeloid Leukemia"}]
class100244	class1_tool_recommend	single_tool	DNA序列比对	T006	bwa	HRA006499	Pharmacogenomic profiling of intra-tumor heterogeneity by a large organoid biobank of liver cancer	Liver Cancer	基于Pharmacogenomic profiling of intra-tumor heterogeneity by a large organoid biobank of liver cancer的原始双端测序数据（R1）做DNA序列比对，应该使用什么工具？	推荐工具 bwa（DNA序列比对）。该工具需要输入：原始双端测序数据（R1）、原始双端测序数据（R2）（另需公共参考资源：参考基因组 FASTA）。图谱中项目 Pharmacogenomic profiling of intra-tumor heterogeneity by a large organoid biobank of liver cancer 的 HRA006499（癌种：Liver Cancer）存在这些输入数据，共 1526 个匹配文件（文件引用已脱敏）。	["RAW_PAIRED_END_R1_FASTQ", "RAW_PAIRED_END_R2_FASTQ"]	["REFERENCE_GENOME_FASTA"]	["DNA序列比对"]	["WES"]		[{"semantic_format": "RAW_PAIRED_END_R1_FASTQ", "data_desc": "原始双端测序数据（R1）", "count": 763, "study": "HRA006499", "project_name": "Pharmacogenomic profiling of intra-tumor heterogeneity by a large organoid biobank of liver cancer", "tumor_subtype": "Liver Cancer"}, {"semantic_format": "RAW_PAIRED_END_R2_FASTQ", "data_desc": "原始双端测序数据（R2）", "count": 763, "study": "HRA006499", "project_name": "Pharmacogenomic profiling of intra-tumor heterogeneity by a large organoid biobank of liver cancer", "tumor_subtype": "Liver Cancer"}]
class100245	class1_tool_recommend	single_tool	比对后处理与去重	T007	samtools	HRA000873	Whole  exome sequencing  of patients with CRC from the Changkang project	Colorectal Cancer	我想对碱基质量校正后的比对 BAM 数据完成比对后处理与去重，应该用什么工具？	推荐工具 samtools（比对后处理与去重）。该工具需要输入：基因组比对 BAM 数据。图谱中项目 Whole  exome sequencing  of patients with CRC from the Changkang project 的 HRA000873（癌种：Colorectal Cancer）存在这些输入数据，共 2030 个匹配文件（文件引用已脱敏）。	["DNA_GENOMIC_ALIGNMENT_BAM"]	[]	["比对后处理与去重"]	["WES", "WGS", "bulk_RNA"]		[{"semantic_format": "DNA_ALIGNMENT_BQSR_BAM", "data_desc": "碱基质量校正后的比对 BAM 数据", "count": 2030, "study": "HRA000873", "project_name": "Whole  exome sequencing  of patients with CRC from the Changkang project", "tumor_subtype": "Colorectal Cancer"}]
class100246	class1_tool_recommend	single_tool	体细胞变异检测	T008	gatk	HRA006499	Pharmacogenomic profiling of intra-tumor heterogeneity by a large organoid biobank of liver cancer	Liver Cancer	项目Pharmacogenomic profiling of intra-tumor heterogeneity by a large organoid biobank of liver cancer中有碱基质量校正后的比对 BAM 数据，要完成体细胞变异检测，推荐使用哪个工具？	推荐工具 gatk（体细胞变异检测）。该工具需要输入：基因组比对 BAM 数据（另需公共参考资源：参考基因组 FASTA、目标区间列表）。图谱中项目 Pharmacogenomic profiling of intra-tumor heterogeneity by a large organoid biobank of liver cancer 的 HRA006499（癌种：Liver Cancer）存在这些输入数据，共 763 个匹配文件（文件引用已脱敏）。	["DNA_GENOMIC_ALIGNMENT_BAM"]	["REFERENCE_GENOME_FASTA", "TARGET_INTERVAL_LIST"]	["体细胞变异检测", "变异质量校正"]	["WES"]		[{"semantic_format": "DNA_ALIGNMENT_BQSR_BAM", "data_desc": "碱基质量校正后的比对 BAM 数据", "count": 763, "study": "HRA006499", "project_name": "Pharmacogenomic profiling of intra-tumor heterogeneity by a large organoid biobank of liver cancer", "tumor_subtype": "Liver Cancer"}]
class100247	class1_tool_recommend	single_tool	变异注释	T010	snpeff	HRA006499	Pharmacogenomic profiling of intra-tumor heterogeneity by a large organoid biobank of liver cancer	Liver Cancer	我拿到了Pharmacogenomic profiling of intra-tumor heterogeneity by a large organoid biobank of liver cancer的变异 VCF 数据，目标是变异注释，应该选哪个工具？	推荐工具 snpeff（变异注释）。该工具需要输入：变异 VCF 数据（另需公共参考资源：参考基因组 FASTA）。图谱中项目 Pharmacogenomic profiling of intra-tumor heterogeneity by a large organoid biobank of liver cancer 的 HRA006499（癌种：Liver Cancer）存在这些输入数据，共 1014 个匹配文件（文件引用已脱敏）。	["DNA_VARIANT_VCF_GENERAL"]	["REFERENCE_GENOME_FASTA"]	["变异注释", "可视化与报告"]	["WES", "WGS"]		[{"semantic_format": "DNA_VARIANT_VCF_GENERAL", "data_desc": "变异 VCF 数据", "count": 1014, "study": "HRA006499", "project_name": "Pharmacogenomic profiling of intra-tumor heterogeneity by a large organoid biobank of liver cancer", "tumor_subtype": "Liver Cancer"}]
class100248	class1_tool_recommend	single_tool	表达定量	T011	rsem	HRA003107	Multi-omics integrative analysis of esophageal squamous carcinoma	Esophageal Squamous Cell Carcinoma	要完成表达定量，手上有转录组比对 BAM 数据，适合的工具是什么？	推荐工具 rsem（表达定量）。该工具需要输入：转录组比对 BAM 数据。图谱中项目 Multi-omics integrative analysis of esophageal squamous carcinoma 的 HRA003107（癌种：Esophageal Squamous Cell Carcinoma）存在这些输入数据，共 310 个匹配文件（文件引用已脱敏）。	["RNA_TRANSCRIPTOME_ALIGNMENT_BAM"]	[]	["表达定量"]	["bulk_RNA"]		[{"semantic_format": "RNA_TRANSCRIPTOME_ALIGNMENT_BAM", "data_desc": "转录组比对 BAM 数据", "count": 310, "study": "HRA003107", "project_name": "Multi-omics integrative analysis of esophageal squamous carcinoma", "tumor_subtype": "Esophageal Squamous Cell Carcinoma"}]
class100249	class1_tool_recommend	single_tool	表达定量	T012	featurecounts	HRA003107	Multi-omics integrative analysis of esophageal squamous carcinoma	Esophageal Squamous Cell Carcinoma	基于Multi-omics integrative analysis of esophageal squamous carcinoma的转录组比对 BAM 数据做表达定量，应该使用什么工具？	推荐工具 featurecounts（表达定量）。该工具需要输入：基因组比对 BAM 数据。图谱中项目 Multi-omics integrative analysis of esophageal squamous carcinoma 的 HRA003107（癌种：Esophageal Squamous Cell Carcinoma）存在这些输入数据，共 310 个匹配文件（文件引用已脱敏）。	["DNA_GENOMIC_ALIGNMENT_BAM"]	[]	["表达定量"]	["bulk_RNA"]		[{"semantic_format": "RNA_TRANSCRIPTOME_ALIGNMENT_BAM", "data_desc": "转录组比对 BAM 数据", "count": 310, "study": "HRA003107", "project_name": "Multi-omics integrative analysis of esophageal squamous carcinoma", "tumor_subtype": "Esophageal Squamous Cell Carcinoma"}]
class100250	class1_tool_recommend	single_tool	功能富集分析	T014	diff_expr_go	HRA002693	Multi-center RNA sequencing analysis for acute myeloid leukemia	Acute Myeloid Leukemia	我想对基因表达矩阵/表格数据完成功能富集分析，应该用什么工具？	推荐工具 diff_expr_go（功能富集分析）。该工具需要输入：基因表达矩阵/表格数据。图谱中项目 Multi-center RNA sequencing analysis for acute myeloid leukemia 的 HRA002693（癌种：Acute Myeloid Leukemia）存在这些输入数据，共 3 个匹配文件（文件引用已脱敏）。	["TABULAR_BIO_DATA"]	[]	["功能富集分析", "差异表达分析"]	["bulk_RNA"]		[{"semantic_format": "TABULAR_BIO_DATA", "data_desc": "基因表达矩阵/表格数据", "count": 3, "study": "HRA002693", "project_name": "Multi-center RNA sequencing analysis for acute myeloid leukemia", "tumor_subtype": "Acute Myeloid Leukemia"}]
class100251	class1_tool_recommend	single_tool	功能富集分析	T015	diff_expr_kegg	HRA002693	Multi-center RNA sequencing analysis for acute myeloid leukemia	Acute Myeloid Leukemia	项目Multi-center RNA sequencing analysis for acute myeloid leukemia中有基因表达矩阵/表格数据，要完成功能富集分析，推荐使用哪个工具？	推荐工具 diff_expr_kegg（功能富集分析）。该工具需要输入：基因表达矩阵/表格数据。图谱中项目 Multi-center RNA sequencing analysis for acute myeloid leukemia 的 HRA002693（癌种：Acute Myeloid Leukemia）存在这些输入数据，共 3 个匹配文件（文件引用已脱敏）。	["TABULAR_BIO_DATA"]	[]	["功能富集分析", "差异表达分析"]	["bulk_RNA"]		[{"semantic_format": "TABULAR_BIO_DATA", "data_desc": "基因表达矩阵/表格数据", "count": 3, "study": "HRA002693", "project_name": "Multi-center RNA sequencing analysis for acute myeloid leukemia", "tumor_subtype": "Acute Myeloid Leukemia"}]
class100252	class1_tool_recommend	single_tool	突变景观与可视化	T016	driver_gene_gender_analysis	HRA007169	Multi-omics of acral melanoma	Acral melanoma	我拿到了Multi-omics of acral melanoma的体细胞突变 MAF 数据，目标是突变景观与可视化，应该选哪个工具？	推荐工具 driver_gene_gender_analysis（突变景观与可视化）。该工具需要输入：临床表型数据、体细胞突变 MAF 数据。图谱中项目 Multi-omics of acral melanoma 的 HRA007169（癌种：Acral melanoma）存在这些输入数据，共 78 个匹配文件（文件引用已脱敏）。	["CLINICAL_DATA_EXCEL", "MUTATION_ANNOTATION_FORMAT_MAF"]	[]	["可视化与报告", "突变景观与可视化"]	["Clinical", "WES"]		[{"semantic_format": "CLINICAL_DATA_EXCEL", "data_desc": "临床表型数据", "count": 1, "study": "HRA007169", "project_name": "Multi-omics of acral melanoma", "tumor_subtype": "Acral melanoma"}, {"semantic_format": "MUTATION_ANNOTATION_FORMAT_MAF", "data_desc": "体细胞突变 MAF 数据", "count": 77, "study": "HRA007169", "project_name": "Multi-omics of acral melanoma", "tumor_subtype": "Acral melanoma"}]
class100253	class1_tool_recommend	single_tool	生存分析	T017	her2_pfs_survival	HRA001272	Integrated genomic and transcriptomic profiling dissects spatiotemporal evolution of metastatic hepatocellular carcinoma	Hepatocellular carcinoma	要完成生存分析，手上有基因表达矩阵/表格数据，适合的工具是什么？	推荐工具 her2_pfs_survival（生存分析）。该工具需要输入：临床表型数据、基因表达矩阵/表格数据。图谱中项目 Integrated genomic and transcriptomic profiling dissects spatiotemporal evolution of metastatic hepatocellular carcinoma 的 HRA001272（癌种：Hepatocellular carcinoma）存在这些输入数据，共 436 个匹配文件（文件引用已脱敏）。	["CLINICAL_DATA_EXCEL", "TABULAR_BIO_DATA"]	[]	["可视化与报告", "生存分析"]	["Clinical", "bulk_RNA"]		[{"semantic_format": "CLINICAL_DATA_EXCEL", "data_desc": "临床表型数据", "count": 1, "study": "HRA001272", "project_name": "Integrated genomic and transcriptomic profiling dissects spatiotemporal evolution of metastatic hepatocellular carcinoma", "tumor_subtype": "Hepatocellular carcinoma"}, {"semantic_format": "SOMATIC_CNV_TSV", "data_desc": "体细胞拷贝数变异数据", "count": 1, "study": "HRA001272", "project_name": "Integrated genomic and transcriptomic profiling dissects spatiotemporal evolution of metastatic hepatocellular carcinoma", "tumor_subtype": "Hepatocellular carcinoma"}, {"semantic_format": "TABULAR_BIO_DATA", "data_desc": "基因表达矩阵/表格数据", "count": 434, "study": "HRA001272", "project_name": "Integrated genomic and transcriptomic profiling dissects spatiotemporal evolution of metastatic hepatocellular carcinoma", "tumor_subtype": "Hepatocellular carcinoma"}]
class100254	class1_tool_recommend	single_tool	免疫浸润与微环境分析	T018	immune_infiltration_iobr	HRA001272	Integrated genomic and transcriptomic profiling dissects spatiotemporal evolution of metastatic hepatocellular carcinoma	Hepatocellular carcinoma	基于Integrated genomic and transcriptomic profiling dissects spatiotemporal evolution of metastatic hepatocellular carcinoma的基因表达矩阵/表格数据做免疫浸润与微环境分析，应该使用什么工具？	推荐工具 immune_infiltration_iobr（免疫浸润与微环境分析）。该工具需要输入：临床表型数据、基因表达矩阵/表格数据。图谱中项目 Integrated genomic and transcriptomic profiling dissects spatiotemporal evolution of metastatic hepatocellular carcinoma 的 HRA001272（癌种：Hepatocellular carcinoma）存在这些输入数据，共 436 个匹配文件（文件引用已脱敏）。	["CLINICAL_DATA_EXCEL", "TABULAR_BIO_DATA"]	[]	["免疫浸润与微环境分析", "可视化与报告"]	["Clinical", "bulk_RNA"]		[{"semantic_format": "CLINICAL_DATA_EXCEL", "data_desc": "临床表型数据", "count": 1, "study": "HRA001272", "project_name": "Integrated genomic and transcriptomic profiling dissects spatiotemporal evolution of metastatic hepatocellular carcinoma", "tumor_subtype": "Hepatocellular carcinoma"}, {"semantic_format": "SOMATIC_CNV_TSV", "data_desc": "体细胞拷贝数变异数据", "count": 1, "study": "HRA001272", "project_name": "Integrated genomic and transcriptomic profiling dissects spatiotemporal evolution of metastatic hepatocellular carcinoma", "tumor_subtype": "Hepatocellular carcinoma"}, {"semantic_format": "TABULAR_BIO_DATA", "data_desc": "基因表达矩阵/表格数据", "count": 434, "study": "HRA001272", "project_name": "Integrated genomic and transcriptomic profiling dissects spatiotemporal evolution of metastatic hepatocellular carcinoma", "tumor_subtype": "Hepatocellular carcinoma"}]
class100255	class1_tool_recommend	single_tool	序列格式转换	T019	paired_fastq_to_unmapped_bam	HRA006499	Pharmacogenomic profiling of intra-tumor heterogeneity by a large organoid biobank of liver cancer	Liver Cancer	我想对原始双端测序数据（R1）完成序列格式转换，应该用什么工具？	推荐工具 paired_fastq_to_unmapped_bam（序列格式转换）。该工具需要输入：基因组比对 BAM 数据、原始双端测序数据（R1）、原始双端测序数据（R2）。图谱中项目 Pharmacogenomic profiling of intra-tumor heterogeneity by a large organoid biobank of liver cancer 的 HRA006499（癌种：Liver Cancer）存在这些输入数据，共 2289 个匹配文件（文件引用已脱敏）。	["DNA_GENOMIC_ALIGNMENT_BAM", "RAW_PAIRED_END_R1_FASTQ", "RAW_PAIRED_END_R2_FASTQ"]	[]	["序列格式转换"]	["WES"]		[{"semantic_format": "DNA_ALIGNMENT_BQSR_BAM", "data_desc": "碱基质量校正后的比对 BAM 数据", "count": 763, "study": "HRA006499", "project_name": "Pharmacogenomic profiling of intra-tumor heterogeneity by a large organoid biobank of liver cancer", "tumor_subtype": "Liver Cancer"}, {"semantic_format": "RAW_PAIRED_END_R1_FASTQ", "data_desc": "原始双端测序数据（R1）", "count": 763, "study": "HRA006499", "project_name": "Pharmacogenomic profiling of intra-tumor heterogeneity by a large organoid biobank of liver cancer", "tumor_subtype": "Liver Cancer"}, {"semantic_format": "RAW_PAIRED_END_R2_FASTQ", "data_desc": "原始双端测序数据（R2）", "count": 763, "study": "HRA006499", "project_name": "Pharmacogenomic profiling of intra-tumor heterogeneity by a large organoid biobank of liver cancer", "tumor_subtype": "Liver Cancer"}]
class100256	class1_tool_recommend	single_tool	无监督聚类分析	T020	rnaseq_unsupervised_cluster	HRA002693	Multi-center RNA sequencing analysis for acute myeloid leukemia	Acute Myeloid Leukemia	项目Multi-center RNA sequencing analysis for acute myeloid leukemia中有基因表达矩阵/表格数据，要完成无监督聚类分析，推荐使用哪个工具？	推荐工具 rnaseq_unsupervised_cluster（无监督聚类分析）。该工具需要输入：基因表达矩阵/表格数据。图谱中项目 Multi-center RNA sequencing analysis for acute myeloid leukemia 的 HRA002693（癌种：Acute Myeloid Leukemia）存在这些输入数据，共 3 个匹配文件（文件引用已脱敏）。	["TABULAR_BIO_DATA"]	[]	["可视化与报告", "无监督聚类分析"]	["bulk_RNA"]		[{"semantic_format": "TABULAR_BIO_DATA", "data_desc": "基因表达矩阵/表格数据", "count": 3, "study": "HRA002693", "project_name": "Multi-center RNA sequencing analysis for acute myeloid leukemia", "tumor_subtype": "Acute Myeloid Leukemia"}]
class100257	class1_tool_recommend	single_tool	生存分析	T021	survival_analysis	HRA007169	Multi-omics of acral melanoma	Acral melanoma	我拿到了Multi-omics of acral melanoma的体细胞突变 MAF 数据，目标是生存分析，应该选哪个工具？	推荐工具 survival_analysis（生存分析）。该工具需要输入：临床表型数据、体细胞突变 MAF 数据。图谱中项目 Multi-omics of acral melanoma 的 HRA007169（癌种：Acral melanoma）存在这些输入数据，共 78 个匹配文件（文件引用已脱敏）。	["CLINICAL_DATA_EXCEL", "MUTATION_ANNOTATION_FORMAT_MAF"]	[]	["生存分析"]	["Clinical", "WES"]		[{"semantic_format": "CLINICAL_DATA_EXCEL", "data_desc": "临床表型数据", "count": 1, "study": "HRA007169", "project_name": "Multi-omics of acral melanoma", "tumor_subtype": "Acral melanoma"}, {"semantic_format": "MUTATION_ANNOTATION_FORMAT_MAF", "data_desc": "体细胞突变 MAF 数据", "count": 77, "study": "HRA007169", "project_name": "Multi-omics of acral melanoma", "tumor_subtype": "Acral melanoma"}]
class100258	class1_tool_recommend	single_tool	生存分析	T022	tmb_survival_analysis	HRA007169	Multi-omics of acral melanoma	Acral melanoma	要完成生存分析，手上有体细胞突变 MAF 数据，适合的工具是什么？	推荐工具 tmb_survival_analysis（生存分析）。该工具需要输入：临床表型数据、体细胞突变 MAF 数据。图谱中项目 Multi-omics of acral melanoma 的 HRA007169（癌种：Acral melanoma）存在这些输入数据，共 78 个匹配文件（文件引用已脱敏）。	["CLINICAL_DATA_EXCEL", "MUTATION_ANNOTATION_FORMAT_MAF"]	[]	["生存分析", "突变景观与可视化"]	["Clinical", "WES"]		[{"semantic_format": "CLINICAL_DATA_EXCEL", "data_desc": "临床表型数据", "count": 1, "study": "HRA007169", "project_name": "Multi-omics of acral melanoma", "tumor_subtype": "Acral melanoma"}, {"semantic_format": "MUTATION_ANNOTATION_FORMAT_MAF", "data_desc": "体细胞突变 MAF 数据", "count": 77, "study": "HRA007169", "project_name": "Multi-omics of acral melanoma", "tumor_subtype": "Acral melanoma"}]
class100259	class1_tool_recommend	single_tool	突变景观与可视化	T023	wes_somatic_maf_landscape	HRA007169	Multi-omics of acral melanoma	Acral melanoma	基于Multi-omics of acral melanoma的体细胞突变 MAF 数据做突变景观与可视化，应该使用什么工具？	推荐工具 wes_somatic_maf_landscape（突变景观与可视化）。该工具需要输入：体细胞突变 MAF 数据。图谱中项目 Multi-omics of acral melanoma 的 HRA007169（癌种：Acral melanoma）存在这些输入数据，共 77 个匹配文件（文件引用已脱敏）。	["MUTATION_ANNOTATION_FORMAT_MAF"]	[]	["突变景观与可视化"]	["WES"]		[{"semantic_format": "MUTATION_ANNOTATION_FORMAT_MAF", "data_desc": "体细胞突变 MAF 数据", "count": 77, "study": "HRA007169", "project_name": "Multi-omics of acral melanoma", "tumor_subtype": "Acral melanoma"}]
class100260	class1_tool_recommend	single_tool	共表达网络分析	T024	wgcna	HRA001272	Integrated genomic and transcriptomic profiling dissects spatiotemporal evolution of metastatic hepatocellular carcinoma	Hepatocellular carcinoma	我想对基因表达矩阵/表格数据完成共表达网络分析，应该用什么工具？	推荐工具 wgcna（共表达网络分析）。该工具需要输入：临床表型数据、基因表达矩阵/表格数据。图谱中项目 Integrated genomic and transcriptomic profiling dissects spatiotemporal evolution of metastatic hepatocellular carcinoma 的 HRA001272（癌种：Hepatocellular carcinoma）存在这些输入数据，共 436 个匹配文件（文件引用已脱敏）。	["CLINICAL_DATA_EXCEL", "TABULAR_BIO_DATA"]	[]	["共表达网络分析"]	["Clinical", "bulk_RNA"]		[{"semantic_format": "CLINICAL_DATA_EXCEL", "data_desc": "临床表型数据", "count": 1, "study": "HRA001272", "project_name": "Integrated genomic and transcriptomic profiling dissects spatiotemporal evolution of metastatic hepatocellular carcinoma", "tumor_subtype": "Hepatocellular carcinoma"}, {"semantic_format": "SOMATIC_CNV_TSV", "data_desc": "体细胞拷贝数变异数据", "count": 1, "study": "HRA001272", "project_name": "Integrated genomic and transcriptomic profiling dissects spatiotemporal evolution of metastatic hepatocellular carcinoma", "tumor_subtype": "Hepatocellular carcinoma"}, {"semantic_format": "TABULAR_BIO_DATA", "data_desc": "基因表达矩阵/表格数据", "count": 434, "study": "HRA001272", "project_name": "Integrated genomic and transcriptomic profiling dissects spatiotemporal evolution of metastatic hepatocellular carcinoma", "tumor_subtype": "Hepatocellular carcinoma"}]
class100261	class1_tool_recommend	single_tool	拷贝数变异分析	T028	cnvkit_cnv_clinical	HRA000873	Whole  exome sequencing  of patients with CRC from the Changkang project	Colorectal Cancer	项目Whole  exome sequencing  of patients with CRC from the Changkang project中有碱基质量校正后的比对 BAM 数据，要完成拷贝数变异分析，推荐使用哪个工具？	推荐工具 cnvkit_cnv_clinical（拷贝数变异分析）。该工具需要输入：基因组比对 BAM 数据。图谱中项目 Whole  exome sequencing  of patients with CRC from the Changkang project 的 HRA000873（癌种：Colorectal Cancer）存在这些输入数据，共 2030 个匹配文件（文件引用已脱敏）。	["DNA_GENOMIC_ALIGNMENT_BAM"]	[]	["可视化与报告", "拷贝数变异分析"]	["Clinical", "WES", "WGS"]		[{"semantic_format": "DNA_ALIGNMENT_BQSR_BAM", "data_desc": "碱基质量校正后的比对 BAM 数据", "count": 2030, "study": "HRA000873", "project_name": "Whole  exome sequencing  of patients with CRC from the Changkang project", "tumor_subtype": "Colorectal Cancer"}]
class100262	class1_tool_recommend	single_tool	生存分析	T029	cox_model	HRA001272	Integrated genomic and transcriptomic profiling dissects spatiotemporal evolution of metastatic hepatocellular carcinoma	Hepatocellular carcinoma	我拿到了Integrated genomic and transcriptomic profiling dissects spatiotemporal evolution of metastatic hepatocellular carcinoma的基因表达矩阵/表格数据，目标是生存分析，应该选哪个工具？	推荐工具 cox_model（生存分析）。该工具需要输入：临床表型数据、样本元数据、基因表达矩阵/表格数据。图谱中项目 Integrated genomic and transcriptomic profiling dissects spatiotemporal evolution of metastatic hepatocellular carcinoma 的 HRA001272（癌种：Hepatocellular carcinoma）存在这些输入数据，共 437 个匹配文件（文件引用已脱敏）。	["CLINICAL_DATA_EXCEL", "METADATA_SAMPLE_INFO", "TABULAR_BIO_DATA"]	[]	["生存分析"]	["Clinical", "bulk_RNA"]		[{"semantic_format": "CLINICAL_DATA_EXCEL", "data_desc": "临床表型数据", "count": 1, "study": "HRA001272", "project_name": "Integrated genomic and transcriptomic profiling dissects spatiotemporal evolution of metastatic hepatocellular carcinoma", "tumor_subtype": "Hepatocellular carcinoma"}, {"semantic_format": "METADATA_SAMPLE_INFO", "data_desc": "样本元数据", "count": 1, "study": "HRA001272", "project_name": "Integrated genomic and transcriptomic profiling dissects spatiotemporal evolution of metastatic hepatocellular carcinoma", "tumor_subtype": "Hepatocellular carcinoma"}, {"semantic_format": "SOMATIC_CNV_TSV", "data_desc": "体细胞拷贝数变异数据", "count": 1, "study": "HRA001272", "project_name": "Integrated genomic and transcriptomic profiling dissects spatiotemporal evolution of metastatic hepatocellular carcinoma", "tumor_subtype": "Hepatocellular carcinoma"}, {"semantic_format": "TABULAR_BIO_DATA", "data_desc": "基因表达矩阵/表格数据", "count": 434, "study": "HRA001272", "project_name": "Integrated genomic and transcriptomic profiling dissects spatiotemporal evolution of metastatic hepatocellular carcinoma", "tumor_subtype": "Hepatocellular carcinoma"}]
class100263	class1_tool_recommend	single_tool	功能富集分析	T032	de_enrichment	HRA001272	Integrated genomic and transcriptomic profiling dissects spatiotemporal evolution of metastatic hepatocellular carcinoma	Hepatocellular carcinoma	要完成功能富集分析，手上有基因表达矩阵/表格数据，适合的工具是什么？	推荐工具 de_enrichment（功能富集分析）。该工具需要输入：临床表型数据、样本元数据、基因表达矩阵/表格数据。图谱中项目 Integrated genomic and transcriptomic profiling dissects spatiotemporal evolution of metastatic hepatocellular carcinoma 的 HRA001272（癌种：Hepatocellular carcinoma）存在这些输入数据，共 437 个匹配文件（文件引用已脱敏）。	["CLINICAL_DATA_EXCEL", "METADATA_SAMPLE_INFO", "TABULAR_BIO_DATA"]	[]	["功能富集分析", "可视化与报告", "差异表达分析"]	["Clinical", "bulk_RNA"]		[{"semantic_format": "CLINICAL_DATA_EXCEL", "data_desc": "临床表型数据", "count": 1, "study": "HRA001272", "project_name": "Integrated genomic and transcriptomic profiling dissects spatiotemporal evolution of metastatic hepatocellular carcinoma", "tumor_subtype": "Hepatocellular carcinoma"}, {"semantic_format": "METADATA_SAMPLE_INFO", "data_desc": "样本元数据", "count": 1, "study": "HRA001272", "project_name": "Integrated genomic and transcriptomic profiling dissects spatiotemporal evolution of metastatic hepatocellular carcinoma", "tumor_subtype": "Hepatocellular carcinoma"}, {"semantic_format": "SOMATIC_CNV_TSV", "data_desc": "体细胞拷贝数变异数据", "count": 1, "study": "HRA001272", "project_name": "Integrated genomic and transcriptomic profiling dissects spatiotemporal evolution of metastatic hepatocellular carcinoma", "tumor_subtype": "Hepatocellular carcinoma"}, {"semantic_format": "TABULAR_BIO_DATA", "data_desc": "基因表达矩阵/表格数据", "count": 434, "study": "HRA001272", "project_name": "Integrated genomic and transcriptomic profiling dissects spatiotemporal evolution of metastatic hepatocellular carcinoma", "tumor_subtype": "Hepatocellular carcinoma"}]
class100264	class1_tool_recommend	single_tool	功能富集分析	T033	deg_enrichment	HRA001272	Integrated genomic and transcriptomic profiling dissects spatiotemporal evolution of metastatic hepatocellular carcinoma	Hepatocellular carcinoma	基于Integrated genomic and transcriptomic profiling dissects spatiotemporal evolution of metastatic hepatocellular carcinoma的基因表达矩阵/表格数据做功能富集分析，应该使用什么工具？	推荐工具 deg_enrichment（功能富集分析）。该工具需要输入：临床表型数据、样本元数据、基因表达矩阵/表格数据。图谱中项目 Integrated genomic and transcriptomic profiling dissects spatiotemporal evolution of metastatic hepatocellular carcinoma 的 HRA001272（癌种：Hepatocellular carcinoma）存在这些输入数据，共 437 个匹配文件（文件引用已脱敏）。	["CLINICAL_DATA_EXCEL", "METADATA_SAMPLE_INFO", "TABULAR_BIO_DATA"]	[]	["功能富集分析", "差异表达分析"]	["Clinical", "bulk_RNA"]		[{"semantic_format": "CLINICAL_DATA_EXCEL", "data_desc": "临床表型数据", "count": 1, "study": "HRA001272", "project_name": "Integrated genomic and transcriptomic profiling dissects spatiotemporal evolution of metastatic hepatocellular carcinoma", "tumor_subtype": "Hepatocellular carcinoma"}, {"semantic_format": "METADATA_SAMPLE_INFO", "data_desc": "样本元数据", "count": 1, "study": "HRA001272", "project_name": "Integrated genomic and transcriptomic profiling dissects spatiotemporal evolution of metastatic hepatocellular carcinoma", "tumor_subtype": "Hepatocellular carcinoma"}, {"semantic_format": "SOMATIC_CNV_TSV", "data_desc": "体细胞拷贝数变异数据", "count": 1, "study": "HRA001272", "project_name": "Integrated genomic and transcriptomic profiling dissects spatiotemporal evolution of metastatic hepatocellular carcinoma", "tumor_subtype": "Hepatocellular carcinoma"}, {"semantic_format": "TABULAR_BIO_DATA", "data_desc": "基因表达矩阵/表格数据", "count": 434, "study": "HRA001272", "project_name": "Integrated genomic and transcriptomic profiling dissects spatiotemporal evolution of metastatic hepatocellular carcinoma", "tumor_subtype": "Hepatocellular carcinoma"}]
class100265	class1_tool_recommend	single_tool	差异表达分析	T034	deg_trend	HRA001272	Integrated genomic and transcriptomic profiling dissects spatiotemporal evolution of metastatic hepatocellular carcinoma	Hepatocellular carcinoma	我想对基因表达矩阵/表格数据完成差异表达分析，应该用什么工具？	推荐工具 deg_trend（差异表达分析）。该工具需要输入：临床表型数据、样本元数据、基因表达矩阵/表格数据。图谱中项目 Integrated genomic and transcriptomic profiling dissects spatiotemporal evolution of metastatic hepatocellular carcinoma 的 HRA001272（癌种：Hepatocellular carcinoma）存在这些输入数据，共 437 个匹配文件（文件引用已脱敏）。	["CLINICAL_DATA_EXCEL", "METADATA_SAMPLE_INFO", "TABULAR_BIO_DATA"]	[]	["可视化与报告", "差异表达分析"]	["Clinical", "bulk_RNA"]		[{"semantic_format": "CLINICAL_DATA_EXCEL", "data_desc": "临床表型数据", "count": 1, "study": "HRA001272", "project_name": "Integrated genomic and transcriptomic profiling dissects spatiotemporal evolution of metastatic hepatocellular carcinoma", "tumor_subtype": "Hepatocellular carcinoma"}, {"semantic_format": "METADATA_SAMPLE_INFO", "data_desc": "样本元数据", "count": 1, "study": "HRA001272", "project_name": "Integrated genomic and transcriptomic profiling dissects spatiotemporal evolution of metastatic hepatocellular carcinoma", "tumor_subtype": "Hepatocellular carcinoma"}, {"semantic_format": "SOMATIC_CNV_TSV", "data_desc": "体细胞拷贝数变异数据", "count": 1, "study": "HRA001272", "project_name": "Integrated genomic and transcriptomic profiling dissects spatiotemporal evolution of metastatic hepatocellular carcinoma", "tumor_subtype": "Hepatocellular carcinoma"}, {"semantic_format": "TABULAR_BIO_DATA", "data_desc": "基因表达矩阵/表格数据", "count": 434, "study": "HRA001272", "project_name": "Integrated genomic and transcriptomic profiling dissects spatiotemporal evolution of metastatic hepatocellular carcinoma", "tumor_subtype": "Hepatocellular carcinoma"}]
class100266	class1_tool_recommend	single_tool	可视化与报告	T035	gene_boxplot	HRA001272	Integrated genomic and transcriptomic profiling dissects spatiotemporal evolution of metastatic hepatocellular carcinoma	Hepatocellular carcinoma	项目Integrated genomic and transcriptomic profiling dissects spatiotemporal evolution of metastatic hepatocellular carcinoma中有基因表达矩阵/表格数据，要完成可视化与报告，推荐使用哪个工具？	推荐工具 gene_boxplot（可视化与报告）。该工具需要输入：临床表型数据、样本元数据、基因表达矩阵/表格数据。图谱中项目 Integrated genomic and transcriptomic profiling dissects spatiotemporal evolution of metastatic hepatocellular carcinoma 的 HRA001272（癌种：Hepatocellular carcinoma）存在这些输入数据，共 437 个匹配文件（文件引用已脱敏）。	["CLINICAL_DATA_EXCEL", "METADATA_SAMPLE_INFO", "TABULAR_BIO_DATA"]	[]	["可视化与报告"]	["Clinical", "bulk_RNA"]		[{"semantic_format": "CLINICAL_DATA_EXCEL", "data_desc": "临床表型数据", "count": 1, "study": "HRA001272", "project_name": "Integrated genomic and transcriptomic profiling dissects spatiotemporal evolution of metastatic hepatocellular carcinoma", "tumor_subtype": "Hepatocellular carcinoma"}, {"semantic_format": "METADATA_SAMPLE_INFO", "data_desc": "样本元数据", "count": 1, "study": "HRA001272", "project_name": "Integrated genomic and transcriptomic profiling dissects spatiotemporal evolution of metastatic hepatocellular carcinoma", "tumor_subtype": "Hepatocellular carcinoma"}, {"semantic_format": "SOMATIC_CNV_TSV", "data_desc": "体细胞拷贝数变异数据", "count": 1, "study": "HRA001272", "project_name": "Integrated genomic and transcriptomic profiling dissects spatiotemporal evolution of metastatic hepatocellular carcinoma", "tumor_subtype": "Hepatocellular carcinoma"}, {"semantic_format": "TABULAR_BIO_DATA", "data_desc": "基因表达矩阵/表格数据", "count": 434, "study": "HRA001272", "project_name": "Integrated genomic and transcriptomic profiling dissects spatiotemporal evolution of metastatic hepatocellular carcinoma", "tumor_subtype": "Hepatocellular carcinoma"}]
class100267	class1_tool_recommend	single_tool	功能富集分析	T036	gsea_pathway_enrichment	HRA001272	Integrated genomic and transcriptomic profiling dissects spatiotemporal evolution of metastatic hepatocellular carcinoma	Hepatocellular carcinoma	我拿到了Integrated genomic and transcriptomic profiling dissects spatiotemporal evolution of metastatic hepatocellular carcinoma的基因表达矩阵/表格数据，目标是功能富集分析，应该选哪个工具？	推荐工具 gsea_pathway_enrichment（功能富集分析）。该工具需要输入：基因表达矩阵/表格数据。图谱中项目 Integrated genomic and transcriptomic profiling dissects spatiotemporal evolution of metastatic hepatocellular carcinoma 的 HRA001272（癌种：Hepatocellular carcinoma）存在这些输入数据，共 435 个匹配文件（文件引用已脱敏）。	["TABULAR_BIO_DATA"]	[]	["功能富集分析"]	["Clinical", "bulk_RNA"]		[{"semantic_format": "SOMATIC_CNV_TSV", "data_desc": "体细胞拷贝数变异数据", "count": 1, "study": "HRA001272", "project_name": "Integrated genomic and transcriptomic profiling dissects spatiotemporal evolution of metastatic hepatocellular carcinoma", "tumor_subtype": "Hepatocellular carcinoma"}, {"semantic_format": "TABULAR_BIO_DATA", "data_desc": "基因表达矩阵/表格数据", "count": 434, "study": "HRA001272", "project_name": "Integrated genomic and transcriptomic profiling dissects spatiotemporal evolution of metastatic hepatocellular carcinoma", "tumor_subtype": "Hepatocellular carcinoma"}]
class100268	class1_tool_recommend	single_tool	生存分析	T040	km_survival	HRA001272	Integrated genomic and transcriptomic profiling dissects spatiotemporal evolution of metastatic hepatocellular carcinoma	Hepatocellular carcinoma	要完成生存分析，手上有基因表达矩阵/表格数据，适合的工具是什么？	推荐工具 km_survival（生存分析）。该工具需要输入：临床表型数据、样本元数据、基因表达矩阵/表格数据。图谱中项目 Integrated genomic and transcriptomic profiling dissects spatiotemporal evolution of metastatic hepatocellular carcinoma 的 HRA001272（癌种：Hepatocellular carcinoma）存在这些输入数据，共 437 个匹配文件（文件引用已脱敏）。	["CLINICAL_DATA_EXCEL", "METADATA_SAMPLE_INFO", "TABULAR_BIO_DATA"]	[]	["可视化与报告", "生存分析"]	["Clinical", "bulk_RNA"]		[{"semantic_format": "CLINICAL_DATA_EXCEL", "data_desc": "临床表型数据", "count": 1, "study": "HRA001272", "project_name": "Integrated genomic and transcriptomic profiling dissects spatiotemporal evolution of metastatic hepatocellular carcinoma", "tumor_subtype": "Hepatocellular carcinoma"}, {"semantic_format": "METADATA_SAMPLE_INFO", "data_desc": "样本元数据", "count": 1, "study": "HRA001272", "project_name": "Integrated genomic and transcriptomic profiling dissects spatiotemporal evolution of metastatic hepatocellular carcinoma", "tumor_subtype": "Hepatocellular carcinoma"}, {"semantic_format": "SOMATIC_CNV_TSV", "data_desc": "体细胞拷贝数变异数据", "count": 1, "study": "HRA001272", "project_name": "Integrated genomic and transcriptomic profiling dissects spatiotemporal evolution of metastatic hepatocellular carcinoma", "tumor_subtype": "Hepatocellular carcinoma"}, {"semantic_format": "TABULAR_BIO_DATA", "data_desc": "基因表达矩阵/表格数据", "count": 434, "study": "HRA001272", "project_name": "Integrated genomic and transcriptomic profiling dissects spatiotemporal evolution of metastatic hepatocellular carcinoma", "tumor_subtype": "Hepatocellular carcinoma"}]
class100269	class1_tool_recommend	single_tool	表达矩阵预处理与归一化	T042	preprocess_counts	HRA002693	Multi-center RNA sequencing analysis for acute myeloid leukemia	Acute Myeloid Leukemia	基于Multi-center RNA sequencing analysis for acute myeloid leukemia的基因表达矩阵/表格数据做表达矩阵预处理与归一化，应该使用什么工具？	推荐工具 preprocess_counts（表达矩阵预处理与归一化）。该工具需要输入：基因表达矩阵/表格数据。图谱中项目 Multi-center RNA sequencing analysis for acute myeloid leukemia 的 HRA002693（癌种：Acute Myeloid Leukemia）存在这些输入数据，共 3 个匹配文件（文件引用已脱敏）。	["TABULAR_BIO_DATA"]	[]	["表达矩阵预处理与归一化"]	["bulk_RNA"]		[{"semantic_format": "TABULAR_BIO_DATA", "data_desc": "基因表达矩阵/表格数据", "count": 3, "study": "HRA002693", "project_name": "Multi-center RNA sequencing analysis for acute myeloid leukemia", "tumor_subtype": "Acute Myeloid Leukemia"}]
class100270	class1_tool_recommend	single_tool	可变剪接分析	T043	rmats_alternative_splicing	HRA003107	Multi-omics integrative analysis of esophageal squamous carcinoma	Esophageal Squamous Cell Carcinoma	我想对转录组比对 BAM 数据完成可变剪接分析，应该用什么工具？	推荐工具 rmats_alternative_splicing（可变剪接分析）。该工具需要输入：转录组比对 BAM 数据（另需公共参考资源：参考基因组 FASTA）。图谱中项目 Multi-omics integrative analysis of esophageal squamous carcinoma 的 HRA003107（癌种：Esophageal Squamous Cell Carcinoma）存在这些输入数据，共 310 个匹配文件（文件引用已脱敏）。	["RNA_TRANSCRIPTOME_ALIGNMENT_BAM"]	["REFERENCE_GENOME_FASTA"]	["可变剪接分析"]	["bulk_RNA"]		[{"semantic_format": "RNA_TRANSCRIPTOME_ALIGNMENT_BAM", "data_desc": "转录组比对 BAM 数据", "count": 310, "study": "HRA003107", "project_name": "Multi-omics integrative analysis of esophageal squamous carcinoma", "tumor_subtype": "Esophageal Squamous Cell Carcinoma"}]
class100271	class1_tool_recommend	single_tool	RNA序列比对	T044	rnaseq_singletask	HRA002693	Multi-center RNA sequencing analysis for acute myeloid leukemia	Acute Myeloid Leukemia	项目Multi-center RNA sequencing analysis for acute myeloid leukemia中有原始双端测序数据（R1），要完成RNA序列比对，推荐使用哪个工具？	推荐工具 rnaseq_singletask（RNA序列比对）。该工具需要输入：原始双端测序数据（R1）、原始双端测序数据（R2）（另需公共参考资源：参考基因组 FASTA）。图谱中项目 Multi-center RNA sequencing analysis for acute myeloid leukemia 的 HRA002693（癌种：Acute Myeloid Leukemia）存在这些输入数据，共 1310 个匹配文件（文件引用已脱敏）。	["RAW_PAIRED_END_R1_FASTQ", "RAW_PAIRED_END_R2_FASTQ"]	["REFERENCE_GENOME_FASTA"]	["RNA序列比对", "接头与低质量序列修剪", "测序质量评估", "表达定量"]	["bulk_RNA"]		[{"semantic_format": "RAW_PAIRED_END_R1_FASTQ", "data_desc": "原始双端测序数据（R1）", "count": 655, "study": "HRA002693", "project_name": "Multi-center RNA sequencing analysis for acute myeloid leukemia", "tumor_subtype": "Acute Myeloid Leukemia"}, {"semantic_format": "RAW_PAIRED_END_R2_FASTQ", "data_desc": "原始双端测序数据（R2）", "count": 655, "study": "HRA002693", "project_name": "Multi-center RNA sequencing analysis for acute myeloid leukemia", "tumor_subtype": "Acute Myeloid Leukemia"}]
class100272	class1_tool_recommend	single_tool	可视化与报告	T046	stage_heatmap	HRA001272	Integrated genomic and transcriptomic profiling dissects spatiotemporal evolution of metastatic hepatocellular carcinoma	Hepatocellular carcinoma	我拿到了Integrated genomic and transcriptomic profiling dissects spatiotemporal evolution of metastatic hepatocellular carcinoma的基因表达矩阵/表格数据，目标是可视化与报告，应该选哪个工具？	推荐工具 stage_heatmap（可视化与报告）。该工具需要输入：临床表型数据、样本元数据、基因表达矩阵/表格数据。图谱中项目 Integrated genomic and transcriptomic profiling dissects spatiotemporal evolution of metastatic hepatocellular carcinoma 的 HRA001272（癌种：Hepatocellular carcinoma）存在这些输入数据，共 437 个匹配文件（文件引用已脱敏）。	["CLINICAL_DATA_EXCEL", "METADATA_SAMPLE_INFO", "TABULAR_BIO_DATA"]	[]	["可视化与报告"]	["Clinical", "bulk_RNA"]		[{"semantic_format": "CLINICAL_DATA_EXCEL", "data_desc": "临床表型数据", "count": 1, "study": "HRA001272", "project_name": "Integrated genomic and transcriptomic profiling dissects spatiotemporal evolution of metastatic hepatocellular carcinoma", "tumor_subtype": "Hepatocellular carcinoma"}, {"semantic_format": "METADATA_SAMPLE_INFO", "data_desc": "样本元数据", "count": 1, "study": "HRA001272", "project_name": "Integrated genomic and transcriptomic profiling dissects spatiotemporal evolution of metastatic hepatocellular carcinoma", "tumor_subtype": "Hepatocellular carcinoma"}, {"semantic_format": "SOMATIC_CNV_TSV", "data_desc": "体细胞拷贝数变异数据", "count": 1, "study": "HRA001272", "project_name": "Integrated genomic and transcriptomic profiling dissects spatiotemporal evolution of metastatic hepatocellular carcinoma", "tumor_subtype": "Hepatocellular carcinoma"}, {"semantic_format": "TABULAR_BIO_DATA", "data_desc": "基因表达矩阵/表格数据", "count": 434, "study": "HRA001272", "project_name": "Integrated genomic and transcriptomic profiling dissects spatiotemporal evolution of metastatic hepatocellular carcinoma", "tumor_subtype": "Hepatocellular carcinoma"}]
class100273	class1_tool_recommend	single_tool	可视化与报告	T048	umap	HRA001272	Integrated genomic and transcriptomic profiling dissects spatiotemporal evolution of metastatic hepatocellular carcinoma	Hepatocellular carcinoma	要完成可视化与报告，手上有基因表达矩阵/表格数据，适合的工具是什么？	推荐工具 umap（可视化与报告）。该工具需要输入：临床表型数据、样本元数据、基因表达矩阵/表格数据。图谱中项目 Integrated genomic and transcriptomic profiling dissects spatiotemporal evolution of metastatic hepatocellular carcinoma 的 HRA001272（癌种：Hepatocellular carcinoma）存在这些输入数据，共 437 个匹配文件（文件引用已脱敏）。	["CLINICAL_DATA_EXCEL", "METADATA_SAMPLE_INFO", "TABULAR_BIO_DATA"]	[]	["可视化与报告"]	["Clinical", "bulk_RNA"]		[{"semantic_format": "CLINICAL_DATA_EXCEL", "data_desc": "临床表型数据", "count": 1, "study": "HRA001272", "project_name": "Integrated genomic and transcriptomic profiling dissects spatiotemporal evolution of metastatic hepatocellular carcinoma", "tumor_subtype": "Hepatocellular carcinoma"}, {"semantic_format": "METADATA_SAMPLE_INFO", "data_desc": "样本元数据", "count": 1, "study": "HRA001272", "project_name": "Integrated genomic and transcriptomic profiling dissects spatiotemporal evolution of metastatic hepatocellular carcinoma", "tumor_subtype": "Hepatocellular carcinoma"}, {"semantic_format": "SOMATIC_CNV_TSV", "data_desc": "体细胞拷贝数变异数据", "count": 1, "study": "HRA001272", "project_name": "Integrated genomic and transcriptomic profiling dissects spatiotemporal evolution of metastatic hepatocellular carcinoma", "tumor_subtype": "Hepatocellular carcinoma"}, {"semantic_format": "TABULAR_BIO_DATA", "data_desc": "基因表达矩阵/表格数据", "count": 434, "study": "HRA001272", "project_name": "Integrated genomic and transcriptomic profiling dissects spatiotemporal evolution of metastatic hepatocellular carcinoma", "tumor_subtype": "Hepatocellular carcinoma"}]
class100274	class1_tool_recommend	single_tool	DNA序列比对	T049	wes_somatic_pair	HRA006499	Pharmacogenomic profiling of intra-tumor heterogeneity by a large organoid biobank of liver cancer	Liver Cancer	基于Pharmacogenomic profiling of intra-tumor heterogeneity by a large organoid biobank of liver cancer的原始双端测序数据（R1）做DNA序列比对，应该使用什么工具？	推荐工具 wes_somatic_pair（DNA序列比对）。该工具需要输入：变异 VCF 数据、原始双端测序数据（R1）、原始双端测序数据（R2）（另需公共参考资源：参考基因组 FASTA、目标区间列表）。图谱中项目 Pharmacogenomic profiling of intra-tumor heterogeneity by a large organoid biobank of liver cancer 的 HRA006499（癌种：Liver Cancer）存在这些输入数据，共 2540 个匹配文件（文件引用已脱敏）。	["DNA_VARIANT_VCF_GENERAL", "RAW_PAIRED_END_R1_FASTQ", "RAW_PAIRED_END_R2_FASTQ"]	["REFERENCE_GENOME_FASTA", "TARGET_INTERVAL_LIST"]	["DNA序列比对", "体细胞变异检测", "变异注释", "变异质量校正", "可视化与报告", "测序质量评估"]	["WES", "WGS"]		[{"semantic_format": "DNA_VARIANT_VCF_GENERAL", "data_desc": "变异 VCF 数据", "count": 1014, "study": "HRA006499", "project_name": "Pharmacogenomic profiling of intra-tumor heterogeneity by a large organoid biobank of liver cancer", "tumor_subtype": "Liver Cancer"}, {"semantic_format": "RAW_PAIRED_END_R1_FASTQ", "data_desc": "原始双端测序数据（R1）", "count": 763, "study": "HRA006499", "project_name": "Pharmacogenomic profiling of intra-tumor heterogeneity by a large organoid biobank of liver cancer", "tumor_subtype": "Liver Cancer"}, {"semantic_format": "RAW_PAIRED_END_R2_FASTQ", "data_desc": "原始双端测序数据（R2）", "count": 763, "study": "HRA006499", "project_name": "Pharmacogenomic profiling of intra-tumor heterogeneity by a large organoid biobank of liver cancer", "tumor_subtype": "Liver Cancer"}]
class100275	class1_tool_recommend	single_tool	共表达网络分析	T050	wgcna_hub	HRA001272	Integrated genomic and transcriptomic profiling dissects spatiotemporal evolution of metastatic hepatocellular carcinoma	Hepatocellular carcinoma	我想对基因表达矩阵/表格数据完成共表达网络分析，应该用什么工具？	推荐工具 wgcna_hub（共表达网络分析）。该工具需要输入：临床表型数据、样本元数据、基因表达矩阵/表格数据。图谱中项目 Integrated genomic and transcriptomic profiling dissects spatiotemporal evolution of metastatic hepatocellular carcinoma 的 HRA001272（癌种：Hepatocellular carcinoma）存在这些输入数据，共 437 个匹配文件（文件引用已脱敏）。	["CLINICAL_DATA_EXCEL", "METADATA_SAMPLE_INFO", "TABULAR_BIO_DATA"]	[]	["共表达网络分析"]	["Clinical", "bulk_RNA"]		[{"semantic_format": "CLINICAL_DATA_EXCEL", "data_desc": "临床表型数据", "count": 1, "study": "HRA001272", "project_name": "Integrated genomic and transcriptomic profiling dissects spatiotemporal evolution of metastatic hepatocellular carcinoma", "tumor_subtype": "Hepatocellular carcinoma"}, {"semantic_format": "METADATA_SAMPLE_INFO", "data_desc": "样本元数据", "count": 1, "study": "HRA001272", "project_name": "Integrated genomic and transcriptomic profiling dissects spatiotemporal evolution of metastatic hepatocellular carcinoma", "tumor_subtype": "Hepatocellular carcinoma"}, {"semantic_format": "SOMATIC_CNV_TSV", "data_desc": "体细胞拷贝数变异数据", "count": 1, "study": "HRA001272", "project_name": "Integrated genomic and transcriptomic profiling dissects spatiotemporal evolution of metastatic hepatocellular carcinoma", "tumor_subtype": "Hepatocellular carcinoma"}, {"semantic_format": "TABULAR_BIO_DATA", "data_desc": "基因表达矩阵/表格数据", "count": 434, "study": "HRA001272", "project_name": "Integrated genomic and transcriptomic profiling dissects spatiotemporal evolution of metastatic hepatocellular carcinoma", "tumor_subtype": "Hepatocellular carcinoma"}]
class100276	class1_tool_recommend	single_tool	共表达网络分析	T051	wgcna_module_trait	HRA001272	Integrated genomic and transcriptomic profiling dissects spatiotemporal evolution of metastatic hepatocellular carcinoma	Hepatocellular carcinoma	项目Integrated genomic and transcriptomic profiling dissects spatiotemporal evolution of metastatic hepatocellular carcinoma中有基因表达矩阵/表格数据，要完成共表达网络分析，推荐使用哪个工具？	推荐工具 wgcna_module_trait（共表达网络分析）。该工具需要输入：临床表型数据、样本元数据、基因表达矩阵/表格数据。图谱中项目 Integrated genomic and transcriptomic profiling dissects spatiotemporal evolution of metastatic hepatocellular carcinoma 的 HRA001272（癌种：Hepatocellular carcinoma）存在这些输入数据，共 437 个匹配文件（文件引用已脱敏）。	["CLINICAL_DATA_EXCEL", "METADATA_SAMPLE_INFO", "TABULAR_BIO_DATA"]	[]	["共表达网络分析"]	["Clinical", "bulk_RNA"]		[{"semantic_format": "CLINICAL_DATA_EXCEL", "data_desc": "临床表型数据", "count": 1, "study": "HRA001272", "project_name": "Integrated genomic and transcriptomic profiling dissects spatiotemporal evolution of metastatic hepatocellular carcinoma", "tumor_subtype": "Hepatocellular carcinoma"}, {"semantic_format": "METADATA_SAMPLE_INFO", "data_desc": "样本元数据", "count": 1, "study": "HRA001272", "project_name": "Integrated genomic and transcriptomic profiling dissects spatiotemporal evolution of metastatic hepatocellular carcinoma", "tumor_subtype": "Hepatocellular carcinoma"}, {"semantic_format": "SOMATIC_CNV_TSV", "data_desc": "体细胞拷贝数变异数据", "count": 1, "study": "HRA001272", "project_name": "Integrated genomic and transcriptomic profiling dissects spatiotemporal evolution of metastatic hepatocellular carcinoma", "tumor_subtype": "Hepatocellular carcinoma"}, {"semantic_format": "TABULAR_BIO_DATA", "data_desc": "基因表达矩阵/表格数据", "count": 434, "study": "HRA001272", "project_name": "Integrated genomic and transcriptomic profiling dissects spatiotemporal evolution of metastatic hepatocellular carcinoma", "tumor_subtype": "Hepatocellular carcinoma"}]
class100277	class1_tool_recommend	single_tool	结构变异检测	T053	manta_structural_variants	HRA001749	scRNA-seq of liver cancer	Liver Cancer	我拿到了scRNA-seq of liver cancer的碱基质量校正后的比对 BAM 数据，目标是结构变异检测，应该选哪个工具？	推荐工具 manta_structural_variants（结构变异检测）。该工具需要输入：基因组比对 BAM 数据（另需公共参考资源：参考基因组 FASTA）。图谱中项目 scRNA-seq of liver cancer 的 HRA001749（癌种：Liver Cancer）存在这些输入数据，共 178 个匹配文件（文件引用已脱敏）。	["DNA_GENOMIC_ALIGNMENT_BAM"]	["REFERENCE_GENOME_FASTA"]	["结构变异检测"]	["WES", "WGS"]		[{"semantic_format": "DNA_ALIGNMENT_BQSR_BAM", "data_desc": "碱基质量校正后的比对 BAM 数据", "count": 178, "study": "HRA001749", "project_name": "scRNA-seq of liver cancer", "tumor_subtype": "Liver Cancer"}]
class100278	class1_tool_recommend	single_tool	基因融合检测	T054	star_fusion	HRA000122	Integrated Genomic Analyses Identify High-Risk Factors Associated with Poor Outcomes of T-ALL	Acute T cell leukemia	要完成基因融合检测，手上有原始双端测序数据（R1），适合的工具是什么？	推荐工具 star_fusion（基因融合检测）。该工具需要输入：样本元数据、原始双端测序数据（R1）、原始双端测序数据（R2）。图谱中项目 Integrated Genomic Analyses Identify High-Risk Factors Associated with Poor Outcomes of T-ALL 的 HRA000122（癌种：Acute T cell leukemia）存在这些输入数据，共 697 个匹配文件（文件引用已脱敏）。	["METADATA_SAMPLE_INFO", "RAW_PAIRED_END_R1_FASTQ", "RAW_PAIRED_END_R2_FASTQ"]	[]	["基因融合检测"]	["Clinical", "bulk_RNA"]		[{"semantic_format": "METADATA_SAMPLE_INFO", "data_desc": "样本元数据", "count": 1, "study": "HRA000122", "project_name": "Integrated Genomic Analyses Identify High-Risk Factors Associated with Poor Outcomes of T-ALL", "tumor_subtype": "Acute T cell leukemia"}, {"semantic_format": "RAW_PAIRED_END_R1_FASTQ", "data_desc": "原始双端测序数据（R1）", "count": 348, "study": "HRA000122", "project_name": "Integrated Genomic Analyses Identify High-Risk Factors Associated with Poor Outcomes of T-ALL", "tumor_subtype": "Acute T cell leukemia"}, {"semantic_format": "RAW_PAIRED_END_R2_FASTQ", "data_desc": "原始双端测序数据（R2）", "count": 348, "study": "HRA000122", "project_name": "Integrated Genomic Analyses Identify High-Risk Factors Associated with Poor Outcomes of T-ALL", "tumor_subtype": "Acute T cell leukemia"}]
class100279	class1_tool_recommend	single_tool	接头与低质量序列修剪	T001	fastp	HRA007169	Multi-omics of acral melanoma	Acral melanoma	基于Multi-omics of acral melanoma的原始双端测序数据（R1）做接头与低质量序列修剪，应该使用什么工具？	推荐工具 fastp（接头与低质量序列修剪）。该工具需要输入：原始双端测序数据（R1）、原始双端测序数据（R2）。图谱中项目 Multi-omics of acral melanoma 的 HRA007169（癌种：Acral melanoma）存在这些输入数据，共 336 个匹配文件（文件引用已脱敏）。	["RAW_PAIRED_END_R1_FASTQ", "RAW_PAIRED_END_R2_FASTQ"]	[]	["接头与低质量序列修剪", "测序质量评估"]	["WES"]		[{"semantic_format": "RAW_PAIRED_END_R1_FASTQ", "data_desc": "原始双端测序数据（R1）", "count": 168, "study": "HRA007169", "project_name": "Multi-omics of acral melanoma", "tumor_subtype": "Acral melanoma"}, {"semantic_format": "RAW_PAIRED_END_R2_FASTQ", "data_desc": "原始双端测序数据（R2）", "count": 168, "study": "HRA007169", "project_name": "Multi-omics of acral melanoma", "tumor_subtype": "Acral melanoma"}]
class100280	class1_tool_recommend	single_tool	测序质量评估	T002	fastqc	HRA000122	Integrated Genomic Analyses Identify High-Risk Factors Associated with Poor Outcomes of T-ALL	Acute T cell leukemia	我想对原始双端测序数据（R1）完成测序质量评估，应该用什么工具？	推荐工具 fastqc（测序质量评估）。该工具需要输入：原始单端测序数据。图谱中项目 Integrated Genomic Analyses Identify High-Risk Factors Associated with Poor Outcomes of T-ALL 的 HRA000122（癌种：Acute T cell leukemia）存在这些输入数据，共 696 个匹配文件（文件引用已脱敏）。	["RAW_SINGLE_END_FASTQ"]	[]	["可视化与报告", "测序质量评估"]	["WES", "WGS", "bulk_RNA", "sc-RNA"]		[{"semantic_format": "RAW_PAIRED_END_R1_FASTQ", "data_desc": "原始双端测序数据（R1）", "count": 348, "study": "HRA000122", "project_name": "Integrated Genomic Analyses Identify High-Risk Factors Associated with Poor Outcomes of T-ALL", "tumor_subtype": "Acute T cell leukemia"}, {"semantic_format": "RAW_PAIRED_END_R2_FASTQ", "data_desc": "原始双端测序数据（R2）", "count": 348, "study": "HRA000122", "project_name": "Integrated Genomic Analyses Identify High-Risk Factors Associated with Poor Outcomes of T-ALL", "tumor_subtype": "Acute T cell leukemia"}]
class100281	class1_tool_recommend	single_tool	单细胞比对与定量	T003	cellranger_workflow	HRA006117	Aging and leukemia	Acute Myeloid Leukemia	项目Aging and leukemia中有原始双端测序数据（R1），要完成单细胞比对与定量，推荐使用哪个工具？	推荐工具 cellranger_workflow（单细胞比对与定量）。该工具需要输入：基因组比对 BAM 数据、原始单端测序数据。图谱中项目 Aging and leukemia 的 HRA006117（癌种：Acute Myeloid Leukemia）存在这些输入数据，共 2240 个匹配文件（文件引用已脱敏）。	["DNA_GENOMIC_ALIGNMENT_BAM", "RAW_SINGLE_END_FASTQ"]	[]	["单细胞比对与定量", "可视化与报告", "测序质量评估"]	["bulk_RNA", "sc-RNA"]		[{"semantic_format": "RNA_TRANSCRIPTOME_ALIGNMENT_BAM", "data_desc": "转录组比对 BAM 数据", "count": 570, "study": "HRA006117", "project_name": "Aging and leukemia", "tumor_subtype": "Acute Myeloid Leukemia"}, {"semantic_format": "RAW_PAIRED_END_R1_FASTQ", "data_desc": "原始双端测序数据（R1）", "count": 835, "study": "HRA006117", "project_name": "Aging and leukemia", "tumor_subtype": "Acute Myeloid Leukemia"}, {"semantic_format": "RAW_PAIRED_END_R2_FASTQ", "data_desc": "原始双端测序数据（R2）", "count": 835, "study": "HRA006117", "project_name": "Aging and leukemia", "tumor_subtype": "Acute Myeloid Leukemia"}]
class100282	class1_tool_recommend	single_tool	接头与低质量序列修剪	T004	trim_galore	HRA003107	Multi-omics integrative analysis of esophageal squamous carcinoma	Esophageal Squamous Cell Carcinoma	我拿到了Multi-omics integrative analysis of esophageal squamous carcinoma的原始双端测序数据（R1），目标是接头与低质量序列修剪，应该选哪个工具？	推荐工具 trim_galore（接头与低质量序列修剪）。该工具需要输入：原始双端测序数据（R1）、原始双端测序数据（R2）。图谱中项目 Multi-omics integrative analysis of esophageal squamous carcinoma 的 HRA003107（癌种：Esophageal Squamous Cell Carcinoma）存在这些输入数据，共 1152 个匹配文件（文件引用已脱敏）。	["RAW_PAIRED_END_R1_FASTQ", "RAW_PAIRED_END_R2_FASTQ"]	[]	["接头与低质量序列修剪"]	["bulk_RNA"]		[{"semantic_format": "RAW_PAIRED_END_R1_FASTQ", "data_desc": "原始双端测序数据（R1）", "count": 576, "study": "HRA003107", "project_name": "Multi-omics integrative analysis of esophageal squamous carcinoma", "tumor_subtype": "Esophageal Squamous Cell Carcinoma"}, {"semantic_format": "RAW_PAIRED_END_R2_FASTQ", "data_desc": "原始双端测序数据（R2）", "count": 576, "study": "HRA003107", "project_name": "Multi-omics integrative analysis of esophageal squamous carcinoma", "tumor_subtype": "Esophageal Squamous Cell Carcinoma"}]
class100283	class1_tool_recommend	single_tool	RNA序列比对	T005	star	HRA003107	Multi-omics integrative analysis of esophageal squamous carcinoma	Esophageal Squamous Cell Carcinoma	要完成RNA序列比对，手上有原始双端测序数据（R1），适合的工具是什么？	推荐工具 star（RNA序列比对）。该工具需要输入：原始双端测序数据（R1）、原始双端测序数据（R2）（另需公共参考资源：参考基因组 FASTA）。图谱中项目 Multi-omics integrative analysis of esophageal squamous carcinoma 的 HRA003107（癌种：Esophageal Squamous Cell Carcinoma）存在这些输入数据，共 1152 个匹配文件（文件引用已脱敏）。	["RAW_PAIRED_END_R1_FASTQ", "RAW_PAIRED_END_R2_FASTQ"]	["REFERENCE_GENOME_FASTA"]	["RNA序列比对"]	["bulk_RNA"]		[{"semantic_format": "RAW_PAIRED_END_R1_FASTQ", "data_desc": "原始双端测序数据（R1）", "count": 576, "study": "HRA003107", "project_name": "Multi-omics integrative analysis of esophageal squamous carcinoma", "tumor_subtype": "Esophageal Squamous Cell Carcinoma"}, {"semantic_format": "RAW_PAIRED_END_R2_FASTQ", "data_desc": "原始双端测序数据（R2）", "count": 576, "study": "HRA003107", "project_name": "Multi-omics integrative analysis of esophageal squamous carcinoma", "tumor_subtype": "Esophageal Squamous Cell Carcinoma"}]
class100284	class1_tool_recommend	single_tool	DNA序列比对	T006	bwa	HRA007169	Multi-omics of acral melanoma	Acral melanoma	基于Multi-omics of acral melanoma的原始双端测序数据（R1）做DNA序列比对，应该使用什么工具？	推荐工具 bwa（DNA序列比对）。该工具需要输入：原始双端测序数据（R1）、原始双端测序数据（R2）（另需公共参考资源：参考基因组 FASTA）。图谱中项目 Multi-omics of acral melanoma 的 HRA007169（癌种：Acral melanoma）存在这些输入数据，共 336 个匹配文件（文件引用已脱敏）。	["RAW_PAIRED_END_R1_FASTQ", "RAW_PAIRED_END_R2_FASTQ"]	["REFERENCE_GENOME_FASTA"]	["DNA序列比对"]	["WES"]		[{"semantic_format": "RAW_PAIRED_END_R1_FASTQ", "data_desc": "原始双端测序数据（R1）", "count": 168, "study": "HRA007169", "project_name": "Multi-omics of acral melanoma", "tumor_subtype": "Acral melanoma"}, {"semantic_format": "RAW_PAIRED_END_R2_FASTQ", "data_desc": "原始双端测序数据（R2）", "count": 168, "study": "HRA007169", "project_name": "Multi-omics of acral melanoma", "tumor_subtype": "Acral melanoma"}]
class100285	class1_tool_recommend	single_tool	比对后处理与去重	T007	samtools	HRA001272	Integrated genomic and transcriptomic profiling dissects spatiotemporal evolution of metastatic hepatocellular carcinoma	Hepatocellular carcinoma	我想对转录组比对 BAM 数据完成比对后处理与去重，应该用什么工具？	推荐工具 samtools（比对后处理与去重）。该工具需要输入：基因组比对 BAM 数据。图谱中项目 Integrated genomic and transcriptomic profiling dissects spatiotemporal evolution of metastatic hepatocellular carcinoma 的 HRA001272（癌种：Hepatocellular carcinoma）存在这些输入数据，共 1180 个匹配文件（文件引用已脱敏）。	["DNA_GENOMIC_ALIGNMENT_BAM"]	[]	["比对后处理与去重"]	["WES", "WGS", "bulk_RNA"]		[{"semantic_format": "DNA_ALIGNMENT_BQSR_BAM", "data_desc": "碱基质量校正后的比对 BAM 数据", "count": 750, "study": "HRA001272", "project_name": "Integrated genomic and transcriptomic profiling dissects spatiotemporal evolution of metastatic hepatocellular carcinoma", "tumor_subtype": "Hepatocellular carcinoma"}, {"semantic_format": "RNA_TRANSCRIPTOME_ALIGNMENT_BAM", "data_desc": "转录组比对 BAM 数据", "count": 430, "study": "HRA001272", "project_name": "Integrated genomic and transcriptomic profiling dissects spatiotemporal evolution of metastatic hepatocellular carcinoma", "tumor_subtype": "Hepatocellular carcinoma"}]
class100286	class1_tool_recommend	single_tool	体细胞变异检测	T008	gatk	HRA007169	Multi-omics of acral melanoma	Acral melanoma	项目Multi-omics of acral melanoma中有碱基质量校正后的比对 BAM 数据，要完成体细胞变异检测，推荐使用哪个工具？	推荐工具 gatk（体细胞变异检测）。该工具需要输入：基因组比对 BAM 数据（另需公共参考资源：参考基因组 FASTA、目标区间列表）。图谱中项目 Multi-omics of acral melanoma 的 HRA007169（癌种：Acral melanoma）存在这些输入数据，共 168 个匹配文件（文件引用已脱敏）。	["DNA_GENOMIC_ALIGNMENT_BAM"]	["REFERENCE_GENOME_FASTA", "TARGET_INTERVAL_LIST"]	["体细胞变异检测", "变异质量校正"]	["WES"]		[{"semantic_format": "DNA_ALIGNMENT_BQSR_BAM", "data_desc": "碱基质量校正后的比对 BAM 数据", "count": 168, "study": "HRA007169", "project_name": "Multi-omics of acral melanoma", "tumor_subtype": "Acral melanoma"}]
class100287	class1_tool_recommend	single_tool	变异注释	T010	snpeff	HRA007169	Multi-omics of acral melanoma	Acral melanoma	我拿到了Multi-omics of acral melanoma的变异 VCF 数据，目标是变异注释，应该选哪个工具？	推荐工具 snpeff（变异注释）。该工具需要输入：变异 VCF 数据（另需公共参考资源：参考基因组 FASTA）。图谱中项目 Multi-omics of acral melanoma 的 HRA007169（癌种：Acral melanoma）存在这些输入数据，共 380 个匹配文件（文件引用已脱敏）。	["DNA_VARIANT_VCF_GENERAL"]	["REFERENCE_GENOME_FASTA"]	["变异注释", "可视化与报告"]	["WES", "WGS"]		[{"semantic_format": "DNA_VARIANT_VCF_GENERAL", "data_desc": "变异 VCF 数据", "count": 380, "study": "HRA007169", "project_name": "Multi-omics of acral melanoma", "tumor_subtype": "Acral melanoma"}]
class100288	class1_tool_recommend	single_tool	表达定量	T011	rsem	HRA006117	Aging and leukemia	Acute Myeloid Leukemia	要完成表达定量，手上有转录组比对 BAM 数据，适合的工具是什么？	推荐工具 rsem（表达定量）。该工具需要输入：转录组比对 BAM 数据。图谱中项目 Aging and leukemia 的 HRA006117（癌种：Acute Myeloid Leukemia）存在这些输入数据，共 570 个匹配文件（文件引用已脱敏）。	["RNA_TRANSCRIPTOME_ALIGNMENT_BAM"]	[]	["表达定量"]	["bulk_RNA"]		[{"semantic_format": "RNA_TRANSCRIPTOME_ALIGNMENT_BAM", "data_desc": "转录组比对 BAM 数据", "count": 570, "study": "HRA006117", "project_name": "Aging and leukemia", "tumor_subtype": "Acute Myeloid Leukemia"}]
class100289	class1_tool_recommend	single_tool	表达定量	T012	featurecounts	HRA006117	Aging and leukemia	Acute Myeloid Leukemia	基于Aging and leukemia的转录组比对 BAM 数据做表达定量，应该使用什么工具？	推荐工具 featurecounts（表达定量）。该工具需要输入：基因组比对 BAM 数据。图谱中项目 Aging and leukemia 的 HRA006117（癌种：Acute Myeloid Leukemia）存在这些输入数据，共 570 个匹配文件（文件引用已脱敏）。	["DNA_GENOMIC_ALIGNMENT_BAM"]	[]	["表达定量"]	["bulk_RNA"]		[{"semantic_format": "RNA_TRANSCRIPTOME_ALIGNMENT_BAM", "data_desc": "转录组比对 BAM 数据", "count": 570, "study": "HRA006117", "project_name": "Aging and leukemia", "tumor_subtype": "Acute Myeloid Leukemia"}]
class100290	class1_tool_recommend	single_tool	功能富集分析	T014	diff_expr_go	HRA003107	Multi-omics integrative analysis of esophageal squamous carcinoma	Esophageal Squamous Cell Carcinoma	我想对基因表达矩阵/表格数据完成功能富集分析，应该用什么工具？	推荐工具 diff_expr_go（功能富集分析）。该工具需要输入：基因表达矩阵/表格数据。图谱中项目 Multi-omics integrative analysis of esophageal squamous carcinoma 的 HRA003107（癌种：Esophageal Squamous Cell Carcinoma）存在这些输入数据，共 3 个匹配文件（文件引用已脱敏）。	["TABULAR_BIO_DATA"]	[]	["功能富集分析", "差异表达分析"]	["bulk_RNA"]		[{"semantic_format": "TABULAR_BIO_DATA", "data_desc": "基因表达矩阵/表格数据", "count": 3, "study": "HRA003107", "project_name": "Multi-omics integrative analysis of esophageal squamous carcinoma", "tumor_subtype": "Esophageal Squamous Cell Carcinoma"}]
class100291	class1_tool_recommend	single_tool	功能富集分析	T015	diff_expr_kegg	HRA003107	Multi-omics integrative analysis of esophageal squamous carcinoma	Esophageal Squamous Cell Carcinoma	项目Multi-omics integrative analysis of esophageal squamous carcinoma中有基因表达矩阵/表格数据，要完成功能富集分析，推荐使用哪个工具？	推荐工具 diff_expr_kegg（功能富集分析）。该工具需要输入：基因表达矩阵/表格数据。图谱中项目 Multi-omics integrative analysis of esophageal squamous carcinoma 的 HRA003107（癌种：Esophageal Squamous Cell Carcinoma）存在这些输入数据，共 3 个匹配文件（文件引用已脱敏）。	["TABULAR_BIO_DATA"]	[]	["功能富集分析", "差异表达分析"]	["bulk_RNA"]		[{"semantic_format": "TABULAR_BIO_DATA", "data_desc": "基因表达矩阵/表格数据", "count": 3, "study": "HRA003107", "project_name": "Multi-omics integrative analysis of esophageal squamous carcinoma", "tumor_subtype": "Esophageal Squamous Cell Carcinoma"}]
class100292	class1_tool_recommend	single_tool	突变景观与可视化	T016	driver_gene_gender_analysis	HRA016026	Multi-omics Landscape of Central Nervous System Tumors	Lung Cancer	我拿到了Multi-omics Landscape of Central Nervous System Tumors的体细胞突变 MAF 数据，目标是突变景观与可视化，应该选哪个工具？	推荐工具 driver_gene_gender_analysis（突变景观与可视化）。该工具需要输入：临床表型数据、体细胞突变 MAF 数据。图谱中项目 Multi-omics Landscape of Central Nervous System Tumors 的 HRA016026（癌种：Lung Cancer）存在这些输入数据，共 352 个匹配文件（文件引用已脱敏）。	["CLINICAL_DATA_EXCEL", "MUTATION_ANNOTATION_FORMAT_MAF"]	[]	["可视化与报告", "突变景观与可视化"]	["Clinical", "WES"]		[{"semantic_format": "CLINICAL_DATA_EXCEL", "data_desc": "临床表型数据", "count": 1, "study": "HRA016026", "project_name": "Multi-omics Landscape of Central Nervous System Tumors", "tumor_subtype": "Lung Cancer"}, {"semantic_format": "MUTATION_ANNOTATION_FORMAT_MAF", "data_desc": "体细胞突变 MAF 数据", "count": 351, "study": "HRA016026", "project_name": "Multi-omics Landscape of Central Nervous System Tumors", "tumor_subtype": "Lung Cancer"}]
class100293	class1_tool_recommend	single_tool	生存分析	T017	her2_pfs_survival	HRA001748	scRNA-seq of liver cancer	Liver Cancer	要完成生存分析，手上有基因表达矩阵/表格数据，适合的工具是什么？	推荐工具 her2_pfs_survival（生存分析）。该工具需要输入：临床表型数据、基因表达矩阵/表格数据。图谱中项目 scRNA-seq of liver cancer 的 HRA001748（癌种：Liver Cancer）存在这些输入数据，共 33 个匹配文件（文件引用已脱敏）。	["CLINICAL_DATA_EXCEL", "TABULAR_BIO_DATA"]	[]	["可视化与报告", "生存分析"]	["Clinical", "bulk_RNA"]		[{"semantic_format": "CLINICAL_DATA_EXCEL", "data_desc": "临床表型数据", "count": 2, "study": "HRA001748", "project_name": "scRNA-seq of liver cancer", "tumor_subtype": "Liver Cancer"}, {"semantic_format": "TABULAR_BIO_DATA", "data_desc": "基因表达矩阵/表格数据", "count": 31, "study": "HRA001748", "project_name": "scRNA-seq of liver cancer", "tumor_subtype": "Liver Cancer"}]
class100294	class1_tool_recommend	single_tool	免疫浸润与微环境分析	T018	immune_infiltration_iobr	HRA001748	scRNA-seq of liver cancer	Liver Cancer	基于scRNA-seq of liver cancer的基因表达矩阵/表格数据做免疫浸润与微环境分析，应该使用什么工具？	推荐工具 immune_infiltration_iobr（免疫浸润与微环境分析）。该工具需要输入：临床表型数据、基因表达矩阵/表格数据。图谱中项目 scRNA-seq of liver cancer 的 HRA001748（癌种：Liver Cancer）存在这些输入数据，共 33 个匹配文件（文件引用已脱敏）。	["CLINICAL_DATA_EXCEL", "TABULAR_BIO_DATA"]	[]	["免疫浸润与微环境分析", "可视化与报告"]	["Clinical", "bulk_RNA"]		[{"semantic_format": "CLINICAL_DATA_EXCEL", "data_desc": "临床表型数据", "count": 2, "study": "HRA001748", "project_name": "scRNA-seq of liver cancer", "tumor_subtype": "Liver Cancer"}, {"semantic_format": "TABULAR_BIO_DATA", "data_desc": "基因表达矩阵/表格数据", "count": 31, "study": "HRA001748", "project_name": "scRNA-seq of liver cancer", "tumor_subtype": "Liver Cancer"}]
class100295	class1_tool_recommend	single_tool	序列格式转换	T019	paired_fastq_to_unmapped_bam	HRA007169	Multi-omics of acral melanoma	Acral melanoma	我想对原始双端测序数据（R1）完成序列格式转换，应该用什么工具？	推荐工具 paired_fastq_to_unmapped_bam（序列格式转换）。该工具需要输入：基因组比对 BAM 数据、原始双端测序数据（R1）、原始双端测序数据（R2）。图谱中项目 Multi-omics of acral melanoma 的 HRA007169（癌种：Acral melanoma）存在这些输入数据，共 504 个匹配文件（文件引用已脱敏）。	["DNA_GENOMIC_ALIGNMENT_BAM", "RAW_PAIRED_END_R1_FASTQ", "RAW_PAIRED_END_R2_FASTQ"]	[]	["序列格式转换"]	["WES"]		[{"semantic_format": "DNA_ALIGNMENT_BQSR_BAM", "data_desc": "碱基质量校正后的比对 BAM 数据", "count": 168, "study": "HRA007169", "project_name": "Multi-omics of acral melanoma", "tumor_subtype": "Acral melanoma"}, {"semantic_format": "RAW_PAIRED_END_R1_FASTQ", "data_desc": "原始双端测序数据（R1）", "count": 168, "study": "HRA007169", "project_name": "Multi-omics of acral melanoma", "tumor_subtype": "Acral melanoma"}, {"semantic_format": "RAW_PAIRED_END_R2_FASTQ", "data_desc": "原始双端测序数据（R2）", "count": 168, "study": "HRA007169", "project_name": "Multi-omics of acral melanoma", "tumor_subtype": "Acral melanoma"}]
class100296	class1_tool_recommend	single_tool	无监督聚类分析	T020	rnaseq_unsupervised_cluster	HRA003107	Multi-omics integrative analysis of esophageal squamous carcinoma	Esophageal Squamous Cell Carcinoma	项目Multi-omics integrative analysis of esophageal squamous carcinoma中有基因表达矩阵/表格数据，要完成无监督聚类分析，推荐使用哪个工具？	推荐工具 rnaseq_unsupervised_cluster（无监督聚类分析）。该工具需要输入：基因表达矩阵/表格数据。图谱中项目 Multi-omics integrative analysis of esophageal squamous carcinoma 的 HRA003107（癌种：Esophageal Squamous Cell Carcinoma）存在这些输入数据，共 3 个匹配文件（文件引用已脱敏）。	["TABULAR_BIO_DATA"]	[]	["可视化与报告", "无监督聚类分析"]	["bulk_RNA"]		[{"semantic_format": "TABULAR_BIO_DATA", "data_desc": "基因表达矩阵/表格数据", "count": 3, "study": "HRA003107", "project_name": "Multi-omics integrative analysis of esophageal squamous carcinoma", "tumor_subtype": "Esophageal Squamous Cell Carcinoma"}]
class100297	class1_tool_recommend	single_tool	生存分析	T021	survival_analysis	HRA016026	Multi-omics Landscape of Central Nervous System Tumors	Lung Cancer	我拿到了Multi-omics Landscape of Central Nervous System Tumors的体细胞突变 MAF 数据，目标是生存分析，应该选哪个工具？	推荐工具 survival_analysis（生存分析）。该工具需要输入：临床表型数据、体细胞突变 MAF 数据。图谱中项目 Multi-omics Landscape of Central Nervous System Tumors 的 HRA016026（癌种：Lung Cancer）存在这些输入数据，共 352 个匹配文件（文件引用已脱敏）。	["CLINICAL_DATA_EXCEL", "MUTATION_ANNOTATION_FORMAT_MAF"]	[]	["生存分析"]	["Clinical", "WES"]		[{"semantic_format": "CLINICAL_DATA_EXCEL", "data_desc": "临床表型数据", "count": 1, "study": "HRA016026", "project_name": "Multi-omics Landscape of Central Nervous System Tumors", "tumor_subtype": "Lung Cancer"}, {"semantic_format": "MUTATION_ANNOTATION_FORMAT_MAF", "data_desc": "体细胞突变 MAF 数据", "count": 351, "study": "HRA016026", "project_name": "Multi-omics Landscape of Central Nervous System Tumors", "tumor_subtype": "Lung Cancer"}]
class100298	class1_tool_recommend	single_tool	生存分析	T022	tmb_survival_analysis	HRA016026	Multi-omics Landscape of Central Nervous System Tumors	Lung Cancer	要完成生存分析，手上有体细胞突变 MAF 数据，适合的工具是什么？	推荐工具 tmb_survival_analysis（生存分析）。该工具需要输入：临床表型数据、体细胞突变 MAF 数据。图谱中项目 Multi-omics Landscape of Central Nervous System Tumors 的 HRA016026（癌种：Lung Cancer）存在这些输入数据，共 352 个匹配文件（文件引用已脱敏）。	["CLINICAL_DATA_EXCEL", "MUTATION_ANNOTATION_FORMAT_MAF"]	[]	["生存分析", "突变景观与可视化"]	["Clinical", "WES"]		[{"semantic_format": "CLINICAL_DATA_EXCEL", "data_desc": "临床表型数据", "count": 1, "study": "HRA016026", "project_name": "Multi-omics Landscape of Central Nervous System Tumors", "tumor_subtype": "Lung Cancer"}, {"semantic_format": "MUTATION_ANNOTATION_FORMAT_MAF", "data_desc": "体细胞突变 MAF 数据", "count": 351, "study": "HRA016026", "project_name": "Multi-omics Landscape of Central Nervous System Tumors", "tumor_subtype": "Lung Cancer"}]
class100299	class1_tool_recommend	single_tool	突变景观与可视化	T023	wes_somatic_maf_landscape	HRA016026	Multi-omics Landscape of Central Nervous System Tumors	Lung Cancer	基于Multi-omics Landscape of Central Nervous System Tumors的体细胞突变 MAF 数据做突变景观与可视化，应该使用什么工具？	推荐工具 wes_somatic_maf_landscape（突变景观与可视化）。该工具需要输入：体细胞突变 MAF 数据。图谱中项目 Multi-omics Landscape of Central Nervous System Tumors 的 HRA016026（癌种：Lung Cancer）存在这些输入数据，共 351 个匹配文件（文件引用已脱敏）。	["MUTATION_ANNOTATION_FORMAT_MAF"]	[]	["突变景观与可视化"]	["WES"]		[{"semantic_format": "MUTATION_ANNOTATION_FORMAT_MAF", "data_desc": "体细胞突变 MAF 数据", "count": 351, "study": "HRA016026", "project_name": "Multi-omics Landscape of Central Nervous System Tumors", "tumor_subtype": "Lung Cancer"}]
class100300	class1_tool_recommend	single_tool	共表达网络分析	T024	wgcna	HRA001748	scRNA-seq of liver cancer	Liver Cancer	我想对基因表达矩阵/表格数据完成共表达网络分析，应该用什么工具？	推荐工具 wgcna（共表达网络分析）。该工具需要输入：临床表型数据、基因表达矩阵/表格数据。图谱中项目 scRNA-seq of liver cancer 的 HRA001748（癌种：Liver Cancer）存在这些输入数据，共 33 个匹配文件（文件引用已脱敏）。	["CLINICAL_DATA_EXCEL", "TABULAR_BIO_DATA"]	[]	["共表达网络分析"]	["Clinical", "bulk_RNA"]		[{"semantic_format": "CLINICAL_DATA_EXCEL", "data_desc": "临床表型数据", "count": 2, "study": "HRA001748", "project_name": "scRNA-seq of liver cancer", "tumor_subtype": "Liver Cancer"}, {"semantic_format": "TABULAR_BIO_DATA", "data_desc": "基因表达矩阵/表格数据", "count": 31, "study": "HRA001748", "project_name": "scRNA-seq of liver cancer", "tumor_subtype": "Liver Cancer"}]
class100301	class1_tool_recommend	single_tool	拷贝数变异分析	T028	cnvkit_cnv_clinical	HRA001272	Integrated genomic and transcriptomic profiling dissects spatiotemporal evolution of metastatic hepatocellular carcinoma	Hepatocellular carcinoma	项目Integrated genomic and transcriptomic profiling dissects spatiotemporal evolution of metastatic hepatocellular carcinoma中有转录组比对 BAM 数据，要完成拷贝数变异分析，推荐使用哪个工具？	推荐工具 cnvkit_cnv_clinical（拷贝数变异分析）。该工具需要输入：基因组比对 BAM 数据。图谱中项目 Integrated genomic and transcriptomic profiling dissects spatiotemporal evolution of metastatic hepatocellular carcinoma 的 HRA001272（癌种：Hepatocellular carcinoma）存在这些输入数据，共 1180 个匹配文件（文件引用已脱敏）。	["DNA_GENOMIC_ALIGNMENT_BAM"]	[]	["可视化与报告", "拷贝数变异分析"]	["Clinical", "WES", "WGS"]		[{"semantic_format": "DNA_ALIGNMENT_BQSR_BAM", "data_desc": "碱基质量校正后的比对 BAM 数据", "count": 750, "study": "HRA001272", "project_name": "Integrated genomic and transcriptomic profiling dissects spatiotemporal evolution of metastatic hepatocellular carcinoma", "tumor_subtype": "Hepatocellular carcinoma"}, {"semantic_format": "RNA_TRANSCRIPTOME_ALIGNMENT_BAM", "data_desc": "转录组比对 BAM 数据", "count": 430, "study": "HRA001272", "project_name": "Integrated genomic and transcriptomic profiling dissects spatiotemporal evolution of metastatic hepatocellular carcinoma", "tumor_subtype": "Hepatocellular carcinoma"}]
class100302	class1_tool_recommend	single_tool	生存分析	T029	cox_model	HRA001748	scRNA-seq of liver cancer	Liver Cancer	我拿到了scRNA-seq of liver cancer的基因表达矩阵/表格数据，目标是生存分析，应该选哪个工具？	推荐工具 cox_model（生存分析）。该工具需要输入：临床表型数据、样本元数据、基因表达矩阵/表格数据。图谱中项目 scRNA-seq of liver cancer 的 HRA001748（癌种：Liver Cancer）存在这些输入数据，共 35 个匹配文件（文件引用已脱敏）。	["CLINICAL_DATA_EXCEL", "METADATA_SAMPLE_INFO", "TABULAR_BIO_DATA"]	[]	["生存分析"]	["Clinical", "bulk_RNA"]		[{"semantic_format": "CLINICAL_DATA_EXCEL", "data_desc": "临床表型数据", "count": 2, "study": "HRA001748", "project_name": "scRNA-seq of liver cancer", "tumor_subtype": "Liver Cancer"}, {"semantic_format": "METADATA_SAMPLE_INFO", "data_desc": "样本元数据", "count": 2, "study": "HRA001748", "project_name": "scRNA-seq of liver cancer", "tumor_subtype": "Liver Cancer"}, {"semantic_format": "TABULAR_BIO_DATA", "data_desc": "基因表达矩阵/表格数据", "count": 31, "study": "HRA001748", "project_name": "scRNA-seq of liver cancer", "tumor_subtype": "Liver Cancer"}]
class100303	class1_tool_recommend	single_tool	功能富集分析	T032	de_enrichment	HRA001748	scRNA-seq of liver cancer	Liver Cancer	要完成功能富集分析，手上有基因表达矩阵/表格数据，适合的工具是什么？	推荐工具 de_enrichment（功能富集分析）。该工具需要输入：临床表型数据、样本元数据、基因表达矩阵/表格数据。图谱中项目 scRNA-seq of liver cancer 的 HRA001748（癌种：Liver Cancer）存在这些输入数据，共 35 个匹配文件（文件引用已脱敏）。	["CLINICAL_DATA_EXCEL", "METADATA_SAMPLE_INFO", "TABULAR_BIO_DATA"]	[]	["功能富集分析", "可视化与报告", "差异表达分析"]	["Clinical", "bulk_RNA"]		[{"semantic_format": "CLINICAL_DATA_EXCEL", "data_desc": "临床表型数据", "count": 2, "study": "HRA001748", "project_name": "scRNA-seq of liver cancer", "tumor_subtype": "Liver Cancer"}, {"semantic_format": "METADATA_SAMPLE_INFO", "data_desc": "样本元数据", "count": 2, "study": "HRA001748", "project_name": "scRNA-seq of liver cancer", "tumor_subtype": "Liver Cancer"}, {"semantic_format": "TABULAR_BIO_DATA", "data_desc": "基因表达矩阵/表格数据", "count": 31, "study": "HRA001748", "project_name": "scRNA-seq of liver cancer", "tumor_subtype": "Liver Cancer"}]
class100304	class1_tool_recommend	single_tool	功能富集分析	T033	deg_enrichment	HRA001748	scRNA-seq of liver cancer	Liver Cancer	基于scRNA-seq of liver cancer的基因表达矩阵/表格数据做功能富集分析，应该使用什么工具？	推荐工具 deg_enrichment（功能富集分析）。该工具需要输入：临床表型数据、样本元数据、基因表达矩阵/表格数据。图谱中项目 scRNA-seq of liver cancer 的 HRA001748（癌种：Liver Cancer）存在这些输入数据，共 35 个匹配文件（文件引用已脱敏）。	["CLINICAL_DATA_EXCEL", "METADATA_SAMPLE_INFO", "TABULAR_BIO_DATA"]	[]	["功能富集分析", "差异表达分析"]	["Clinical", "bulk_RNA"]		[{"semantic_format": "CLINICAL_DATA_EXCEL", "data_desc": "临床表型数据", "count": 2, "study": "HRA001748", "project_name": "scRNA-seq of liver cancer", "tumor_subtype": "Liver Cancer"}, {"semantic_format": "METADATA_SAMPLE_INFO", "data_desc": "样本元数据", "count": 2, "study": "HRA001748", "project_name": "scRNA-seq of liver cancer", "tumor_subtype": "Liver Cancer"}, {"semantic_format": "TABULAR_BIO_DATA", "data_desc": "基因表达矩阵/表格数据", "count": 31, "study": "HRA001748", "project_name": "scRNA-seq of liver cancer", "tumor_subtype": "Liver Cancer"}]
class100305	class1_tool_recommend	single_tool	差异表达分析	T034	deg_trend	HRA001748	scRNA-seq of liver cancer	Liver Cancer	我想对基因表达矩阵/表格数据完成差异表达分析，应该用什么工具？	推荐工具 deg_trend（差异表达分析）。该工具需要输入：临床表型数据、样本元数据、基因表达矩阵/表格数据。图谱中项目 scRNA-seq of liver cancer 的 HRA001748（癌种：Liver Cancer）存在这些输入数据，共 35 个匹配文件（文件引用已脱敏）。	["CLINICAL_DATA_EXCEL", "METADATA_SAMPLE_INFO", "TABULAR_BIO_DATA"]	[]	["可视化与报告", "差异表达分析"]	["Clinical", "bulk_RNA"]		[{"semantic_format": "CLINICAL_DATA_EXCEL", "data_desc": "临床表型数据", "count": 2, "study": "HRA001748", "project_name": "scRNA-seq of liver cancer", "tumor_subtype": "Liver Cancer"}, {"semantic_format": "METADATA_SAMPLE_INFO", "data_desc": "样本元数据", "count": 2, "study": "HRA001748", "project_name": "scRNA-seq of liver cancer", "tumor_subtype": "Liver Cancer"}, {"semantic_format": "TABULAR_BIO_DATA", "data_desc": "基因表达矩阵/表格数据", "count": 31, "study": "HRA001748", "project_name": "scRNA-seq of liver cancer", "tumor_subtype": "Liver Cancer"}]
class100306	class1_tool_recommend	single_tool	可视化与报告	T035	gene_boxplot	HRA001748	scRNA-seq of liver cancer	Liver Cancer	项目scRNA-seq of liver cancer中有基因表达矩阵/表格数据，要完成可视化与报告，推荐使用哪个工具？	推荐工具 gene_boxplot（可视化与报告）。该工具需要输入：临床表型数据、样本元数据、基因表达矩阵/表格数据。图谱中项目 scRNA-seq of liver cancer 的 HRA001748（癌种：Liver Cancer）存在这些输入数据，共 35 个匹配文件（文件引用已脱敏）。	["CLINICAL_DATA_EXCEL", "METADATA_SAMPLE_INFO", "TABULAR_BIO_DATA"]	[]	["可视化与报告"]	["Clinical", "bulk_RNA"]		[{"semantic_format": "CLINICAL_DATA_EXCEL", "data_desc": "临床表型数据", "count": 2, "study": "HRA001748", "project_name": "scRNA-seq of liver cancer", "tumor_subtype": "Liver Cancer"}, {"semantic_format": "METADATA_SAMPLE_INFO", "data_desc": "样本元数据", "count": 2, "study": "HRA001748", "project_name": "scRNA-seq of liver cancer", "tumor_subtype": "Liver Cancer"}, {"semantic_format": "TABULAR_BIO_DATA", "data_desc": "基因表达矩阵/表格数据", "count": 31, "study": "HRA001748", "project_name": "scRNA-seq of liver cancer", "tumor_subtype": "Liver Cancer"}]
class100307	class1_tool_recommend	single_tool	功能富集分析	T036	gsea_pathway_enrichment	HRA001748	scRNA-seq of liver cancer	Liver Cancer	我拿到了scRNA-seq of liver cancer的基因表达矩阵/表格数据，目标是功能富集分析，应该选哪个工具？	推荐工具 gsea_pathway_enrichment（功能富集分析）。该工具需要输入：基因表达矩阵/表格数据。图谱中项目 scRNA-seq of liver cancer 的 HRA001748（癌种：Liver Cancer）存在这些输入数据，共 31 个匹配文件（文件引用已脱敏）。	["TABULAR_BIO_DATA"]	[]	["功能富集分析"]	["Clinical", "bulk_RNA"]		[{"semantic_format": "TABULAR_BIO_DATA", "data_desc": "基因表达矩阵/表格数据", "count": 31, "study": "HRA001748", "project_name": "scRNA-seq of liver cancer", "tumor_subtype": "Liver Cancer"}]
class100308	class1_tool_recommend	single_tool	生存分析	T040	km_survival	HRA001748	scRNA-seq of liver cancer	Liver Cancer	要完成生存分析，手上有基因表达矩阵/表格数据，适合的工具是什么？	推荐工具 km_survival（生存分析）。该工具需要输入：临床表型数据、样本元数据、基因表达矩阵/表格数据。图谱中项目 scRNA-seq of liver cancer 的 HRA001748（癌种：Liver Cancer）存在这些输入数据，共 35 个匹配文件（文件引用已脱敏）。	["CLINICAL_DATA_EXCEL", "METADATA_SAMPLE_INFO", "TABULAR_BIO_DATA"]	[]	["可视化与报告", "生存分析"]	["Clinical", "bulk_RNA"]		[{"semantic_format": "CLINICAL_DATA_EXCEL", "data_desc": "临床表型数据", "count": 2, "study": "HRA001748", "project_name": "scRNA-seq of liver cancer", "tumor_subtype": "Liver Cancer"}, {"semantic_format": "METADATA_SAMPLE_INFO", "data_desc": "样本元数据", "count": 2, "study": "HRA001748", "project_name": "scRNA-seq of liver cancer", "tumor_subtype": "Liver Cancer"}, {"semantic_format": "TABULAR_BIO_DATA", "data_desc": "基因表达矩阵/表格数据", "count": 31, "study": "HRA001748", "project_name": "scRNA-seq of liver cancer", "tumor_subtype": "Liver Cancer"}]
class100309	class1_tool_recommend	single_tool	表达矩阵预处理与归一化	T042	preprocess_counts	HRA003107	Multi-omics integrative analysis of esophageal squamous carcinoma	Esophageal Squamous Cell Carcinoma	基于Multi-omics integrative analysis of esophageal squamous carcinoma的基因表达矩阵/表格数据做表达矩阵预处理与归一化，应该使用什么工具？	推荐工具 preprocess_counts（表达矩阵预处理与归一化）。该工具需要输入：基因表达矩阵/表格数据。图谱中项目 Multi-omics integrative analysis of esophageal squamous carcinoma 的 HRA003107（癌种：Esophageal Squamous Cell Carcinoma）存在这些输入数据，共 3 个匹配文件（文件引用已脱敏）。	["TABULAR_BIO_DATA"]	[]	["表达矩阵预处理与归一化"]	["bulk_RNA"]		[{"semantic_format": "TABULAR_BIO_DATA", "data_desc": "基因表达矩阵/表格数据", "count": 3, "study": "HRA003107", "project_name": "Multi-omics integrative analysis of esophageal squamous carcinoma", "tumor_subtype": "Esophageal Squamous Cell Carcinoma"}]
class100310	class1_tool_recommend	single_tool	可变剪接分析	T043	rmats_alternative_splicing	HRA006117	Aging and leukemia	Acute Myeloid Leukemia	我想对转录组比对 BAM 数据完成可变剪接分析，应该用什么工具？	推荐工具 rmats_alternative_splicing（可变剪接分析）。该工具需要输入：转录组比对 BAM 数据（另需公共参考资源：参考基因组 FASTA）。图谱中项目 Aging and leukemia 的 HRA006117（癌种：Acute Myeloid Leukemia）存在这些输入数据，共 570 个匹配文件（文件引用已脱敏）。	["RNA_TRANSCRIPTOME_ALIGNMENT_BAM"]	["REFERENCE_GENOME_FASTA"]	["可变剪接分析"]	["bulk_RNA"]		[{"semantic_format": "RNA_TRANSCRIPTOME_ALIGNMENT_BAM", "data_desc": "转录组比对 BAM 数据", "count": 570, "study": "HRA006117", "project_name": "Aging and leukemia", "tumor_subtype": "Acute Myeloid Leukemia"}]
class100311	class1_tool_recommend	single_tool	RNA序列比对	T044	rnaseq_singletask	HRA003107	Multi-omics integrative analysis of esophageal squamous carcinoma	Esophageal Squamous Cell Carcinoma	项目Multi-omics integrative analysis of esophageal squamous carcinoma中有原始双端测序数据（R1），要完成RNA序列比对，推荐使用哪个工具？	推荐工具 rnaseq_singletask（RNA序列比对）。该工具需要输入：原始双端测序数据（R1）、原始双端测序数据（R2）（另需公共参考资源：参考基因组 FASTA）。图谱中项目 Multi-omics integrative analysis of esophageal squamous carcinoma 的 HRA003107（癌种：Esophageal Squamous Cell Carcinoma）存在这些输入数据，共 1152 个匹配文件（文件引用已脱敏）。	["RAW_PAIRED_END_R1_FASTQ", "RAW_PAIRED_END_R2_FASTQ"]	["REFERENCE_GENOME_FASTA"]	["RNA序列比对", "接头与低质量序列修剪", "测序质量评估", "表达定量"]	["bulk_RNA"]		[{"semantic_format": "RAW_PAIRED_END_R1_FASTQ", "data_desc": "原始双端测序数据（R1）", "count": 576, "study": "HRA003107", "project_name": "Multi-omics integrative analysis of esophageal squamous carcinoma", "tumor_subtype": "Esophageal Squamous Cell Carcinoma"}, {"semantic_format": "RAW_PAIRED_END_R2_FASTQ", "data_desc": "原始双端测序数据（R2）", "count": 576, "study": "HRA003107", "project_name": "Multi-omics integrative analysis of esophageal squamous carcinoma", "tumor_subtype": "Esophageal Squamous Cell Carcinoma"}]
class100312	class1_tool_recommend	single_tool	可视化与报告	T046	stage_heatmap	HRA001748	scRNA-seq of liver cancer	Liver Cancer	我拿到了scRNA-seq of liver cancer的基因表达矩阵/表格数据，目标是可视化与报告，应该选哪个工具？	推荐工具 stage_heatmap（可视化与报告）。该工具需要输入：临床表型数据、样本元数据、基因表达矩阵/表格数据。图谱中项目 scRNA-seq of liver cancer 的 HRA001748（癌种：Liver Cancer）存在这些输入数据，共 35 个匹配文件（文件引用已脱敏）。	["CLINICAL_DATA_EXCEL", "METADATA_SAMPLE_INFO", "TABULAR_BIO_DATA"]	[]	["可视化与报告"]	["Clinical", "bulk_RNA"]		[{"semantic_format": "CLINICAL_DATA_EXCEL", "data_desc": "临床表型数据", "count": 2, "study": "HRA001748", "project_name": "scRNA-seq of liver cancer", "tumor_subtype": "Liver Cancer"}, {"semantic_format": "METADATA_SAMPLE_INFO", "data_desc": "样本元数据", "count": 2, "study": "HRA001748", "project_name": "scRNA-seq of liver cancer", "tumor_subtype": "Liver Cancer"}, {"semantic_format": "TABULAR_BIO_DATA", "data_desc": "基因表达矩阵/表格数据", "count": 31, "study": "HRA001748", "project_name": "scRNA-seq of liver cancer", "tumor_subtype": "Liver Cancer"}]
class100313	class1_tool_recommend	single_tool	可视化与报告	T048	umap	HRA001748	scRNA-seq of liver cancer	Liver Cancer	要完成可视化与报告，手上有基因表达矩阵/表格数据，适合的工具是什么？	推荐工具 umap（可视化与报告）。该工具需要输入：临床表型数据、样本元数据、基因表达矩阵/表格数据。图谱中项目 scRNA-seq of liver cancer 的 HRA001748（癌种：Liver Cancer）存在这些输入数据，共 35 个匹配文件（文件引用已脱敏）。	["CLINICAL_DATA_EXCEL", "METADATA_SAMPLE_INFO", "TABULAR_BIO_DATA"]	[]	["可视化与报告"]	["Clinical", "bulk_RNA"]		[{"semantic_format": "CLINICAL_DATA_EXCEL", "data_desc": "临床表型数据", "count": 2, "study": "HRA001748", "project_name": "scRNA-seq of liver cancer", "tumor_subtype": "Liver Cancer"}, {"semantic_format": "METADATA_SAMPLE_INFO", "data_desc": "样本元数据", "count": 2, "study": "HRA001748", "project_name": "scRNA-seq of liver cancer", "tumor_subtype": "Liver Cancer"}, {"semantic_format": "TABULAR_BIO_DATA", "data_desc": "基因表达矩阵/表格数据", "count": 31, "study": "HRA001748", "project_name": "scRNA-seq of liver cancer", "tumor_subtype": "Liver Cancer"}]
class100314	class1_tool_recommend	single_tool	DNA序列比对	T049	wes_somatic_pair	HRA007169	Multi-omics of acral melanoma	Acral melanoma	基于Multi-omics of acral melanoma的原始双端测序数据（R1）做DNA序列比对，应该使用什么工具？	推荐工具 wes_somatic_pair（DNA序列比对）。该工具需要输入：变异 VCF 数据、原始双端测序数据（R1）、原始双端测序数据（R2）（另需公共参考资源：参考基因组 FASTA、目标区间列表）。图谱中项目 Multi-omics of acral melanoma 的 HRA007169（癌种：Acral melanoma）存在这些输入数据，共 716 个匹配文件（文件引用已脱敏）。	["DNA_VARIANT_VCF_GENERAL", "RAW_PAIRED_END_R1_FASTQ", "RAW_PAIRED_END_R2_FASTQ"]	["REFERENCE_GENOME_FASTA", "TARGET_INTERVAL_LIST"]	["DNA序列比对", "体细胞变异检测", "变异注释", "变异质量校正", "可视化与报告", "测序质量评估"]	["WES", "WGS"]		[{"semantic_format": "DNA_VARIANT_VCF_GENERAL", "data_desc": "变异 VCF 数据", "count": 380, "study": "HRA007169", "project_name": "Multi-omics of acral melanoma", "tumor_subtype": "Acral melanoma"}, {"semantic_format": "RAW_PAIRED_END_R1_FASTQ", "data_desc": "原始双端测序数据（R1）", "count": 168, "study": "HRA007169", "project_name": "Multi-omics of acral melanoma", "tumor_subtype": "Acral melanoma"}, {"semantic_format": "RAW_PAIRED_END_R2_FASTQ", "data_desc": "原始双端测序数据（R2）", "count": 168, "study": "HRA007169", "project_name": "Multi-omics of acral melanoma", "tumor_subtype": "Acral melanoma"}]
class100315	class1_tool_recommend	single_tool	共表达网络分析	T050	wgcna_hub	HRA001748	scRNA-seq of liver cancer	Liver Cancer	我想对基因表达矩阵/表格数据完成共表达网络分析，应该用什么工具？	推荐工具 wgcna_hub（共表达网络分析）。该工具需要输入：临床表型数据、样本元数据、基因表达矩阵/表格数据。图谱中项目 scRNA-seq of liver cancer 的 HRA001748（癌种：Liver Cancer）存在这些输入数据，共 35 个匹配文件（文件引用已脱敏）。	["CLINICAL_DATA_EXCEL", "METADATA_SAMPLE_INFO", "TABULAR_BIO_DATA"]	[]	["共表达网络分析"]	["Clinical", "bulk_RNA"]		[{"semantic_format": "CLINICAL_DATA_EXCEL", "data_desc": "临床表型数据", "count": 2, "study": "HRA001748", "project_name": "scRNA-seq of liver cancer", "tumor_subtype": "Liver Cancer"}, {"semantic_format": "METADATA_SAMPLE_INFO", "data_desc": "样本元数据", "count": 2, "study": "HRA001748", "project_name": "scRNA-seq of liver cancer", "tumor_subtype": "Liver Cancer"}, {"semantic_format": "TABULAR_BIO_DATA", "data_desc": "基因表达矩阵/表格数据", "count": 31, "study": "HRA001748", "project_name": "scRNA-seq of liver cancer", "tumor_subtype": "Liver Cancer"}]
class100316	class1_tool_recommend	single_tool	共表达网络分析	T051	wgcna_module_trait	HRA001748	scRNA-seq of liver cancer	Liver Cancer	项目scRNA-seq of liver cancer中有基因表达矩阵/表格数据，要完成共表达网络分析，推荐使用哪个工具？	推荐工具 wgcna_module_trait（共表达网络分析）。该工具需要输入：临床表型数据、样本元数据、基因表达矩阵/表格数据。图谱中项目 scRNA-seq of liver cancer 的 HRA001748（癌种：Liver Cancer）存在这些输入数据，共 35 个匹配文件（文件引用已脱敏）。	["CLINICAL_DATA_EXCEL", "METADATA_SAMPLE_INFO", "TABULAR_BIO_DATA"]	[]	["共表达网络分析"]	["Clinical", "bulk_RNA"]		[{"semantic_format": "CLINICAL_DATA_EXCEL", "data_desc": "临床表型数据", "count": 2, "study": "HRA001748", "project_name": "scRNA-seq of liver cancer", "tumor_subtype": "Liver Cancer"}, {"semantic_format": "METADATA_SAMPLE_INFO", "data_desc": "样本元数据", "count": 2, "study": "HRA001748", "project_name": "scRNA-seq of liver cancer", "tumor_subtype": "Liver Cancer"}, {"semantic_format": "TABULAR_BIO_DATA", "data_desc": "基因表达矩阵/表格数据", "count": 31, "study": "HRA001748", "project_name": "scRNA-seq of liver cancer", "tumor_subtype": "Liver Cancer"}]
class100317	class1_tool_recommend	single_tool	结构变异检测	T053	manta_structural_variants	HRA003107	Multi-omics integrative analysis of esophageal squamous carcinoma	Esophageal Squamous Cell Carcinoma	我拿到了Multi-omics integrative analysis of esophageal squamous carcinoma的转录组比对 BAM 数据，目标是结构变异检测，应该选哪个工具？	推荐工具 manta_structural_variants（结构变异检测）。该工具需要输入：基因组比对 BAM 数据（另需公共参考资源：参考基因组 FASTA）。图谱中项目 Multi-omics integrative analysis of esophageal squamous carcinoma 的 HRA003107（癌种：Esophageal Squamous Cell Carcinoma）存在这些输入数据，共 310 个匹配文件（文件引用已脱敏）。	["DNA_GENOMIC_ALIGNMENT_BAM"]	["REFERENCE_GENOME_FASTA"]	["结构变异检测"]	["WES", "WGS"]		[{"semantic_format": "RNA_TRANSCRIPTOME_ALIGNMENT_BAM", "data_desc": "转录组比对 BAM 数据", "count": 310, "study": "HRA003107", "project_name": "Multi-omics integrative analysis of esophageal squamous carcinoma", "tumor_subtype": "Esophageal Squamous Cell Carcinoma"}]
class100318	class1_tool_recommend	single_tool	基因融合检测	T054	star_fusion	HRA000873	Whole  exome sequencing  of patients with CRC from the Changkang project	Colorectal Cancer	要完成基因融合检测，手上有原始双端测序数据（R1），适合的工具是什么？	推荐工具 star_fusion（基因融合检测）。该工具需要输入：样本元数据、原始双端测序数据（R1）、原始双端测序数据（R2）。图谱中项目 Whole  exome sequencing  of patients with CRC from the Changkang project 的 HRA000873（癌种：Colorectal Cancer）存在这些输入数据，共 4061 个匹配文件（文件引用已脱敏）。	["METADATA_SAMPLE_INFO", "RAW_PAIRED_END_R1_FASTQ", "RAW_PAIRED_END_R2_FASTQ"]	[]	["基因融合检测"]	["Clinical", "bulk_RNA"]		[{"semantic_format": "METADATA_SAMPLE_INFO", "data_desc": "样本元数据", "count": 1, "study": "HRA000873", "project_name": "Whole  exome sequencing  of patients with CRC from the Changkang project", "tumor_subtype": "Colorectal Cancer"}, {"semantic_format": "RAW_PAIRED_END_R1_FASTQ", "data_desc": "原始双端测序数据（R1）", "count": 2030, "study": "HRA000873", "project_name": "Whole  exome sequencing  of patients with CRC from the Changkang project", "tumor_subtype": "Colorectal Cancer"}, {"semantic_format": "RAW_PAIRED_END_R2_FASTQ", "data_desc": "原始双端测序数据（R2）", "count": 2030, "study": "HRA000873", "project_name": "Whole  exome sequencing  of patients with CRC from the Changkang project", "tumor_subtype": "Colorectal Cancer"}]
class100319	class1_tool_recommend	single_tool	接头与低质量序列修剪	T001	fastp	HRA007413	Multi-omics research of acute myeloid leukemia	Acute Myeloid Leukemia	基于Multi-omics research of acute myeloid leukemia的原始双端测序数据（R1）做接头与低质量序列修剪，应该使用什么工具？	推荐工具 fastp（接头与低质量序列修剪）。该工具需要输入：原始双端测序数据（R1）、原始双端测序数据（R2）。图谱中项目 Multi-omics research of acute myeloid leukemia 的 HRA007413（癌种：Acute Myeloid Leukemia）存在这些输入数据，共 1468 个匹配文件（文件引用已脱敏）。	["RAW_PAIRED_END_R1_FASTQ", "RAW_PAIRED_END_R2_FASTQ"]	[]	["接头与低质量序列修剪", "测序质量评估"]	["WES"]		[{"semantic_format": "RAW_PAIRED_END_R1_FASTQ", "data_desc": "原始双端测序数据（R1）", "count": 734, "study": "HRA007413", "project_name": "Multi-omics research of acute myeloid leukemia", "tumor_subtype": "Acute Myeloid Leukemia"}, {"semantic_format": "RAW_PAIRED_END_R2_FASTQ", "data_desc": "原始双端测序数据（R2）", "count": 734, "study": "HRA007413", "project_name": "Multi-omics research of acute myeloid leukemia", "tumor_subtype": "Acute Myeloid Leukemia"}]
class100320	class1_tool_recommend	single_tool	测序质量评估	T002	fastqc	HRA000873	Whole  exome sequencing  of patients with CRC from the Changkang project	Colorectal Cancer	我想对原始双端测序数据（R1）完成测序质量评估，应该用什么工具？	推荐工具 fastqc（测序质量评估）。该工具需要输入：原始单端测序数据。图谱中项目 Whole  exome sequencing  of patients with CRC from the Changkang project 的 HRA000873（癌种：Colorectal Cancer）存在这些输入数据，共 4060 个匹配文件（文件引用已脱敏）。	["RAW_SINGLE_END_FASTQ"]	[]	["可视化与报告", "测序质量评估"]	["WES", "WGS", "bulk_RNA", "sc-RNA"]		[{"semantic_format": "RAW_PAIRED_END_R1_FASTQ", "data_desc": "原始双端测序数据（R1）", "count": 2030, "study": "HRA000873", "project_name": "Whole  exome sequencing  of patients with CRC from the Changkang project", "tumor_subtype": "Colorectal Cancer"}, {"semantic_format": "RAW_PAIRED_END_R2_FASTQ", "data_desc": "原始双端测序数据（R2）", "count": 2030, "study": "HRA000873", "project_name": "Whole  exome sequencing  of patients with CRC from the Changkang project", "tumor_subtype": "Colorectal Cancer"}]
class100321	class1_tool_recommend	single_tool	单细胞比对与定量	T003	cellranger_workflow	HRA006499	Pharmacogenomic profiling of intra-tumor heterogeneity by a large organoid biobank of liver cancer	Liver Cancer	项目Pharmacogenomic profiling of intra-tumor heterogeneity by a large organoid biobank of liver cancer中有原始双端测序数据（R1），要完成单细胞比对与定量，推荐使用哪个工具？	推荐工具 cellranger_workflow（单细胞比对与定量）。该工具需要输入：基因组比对 BAM 数据、原始单端测序数据。图谱中项目 Pharmacogenomic profiling of intra-tumor heterogeneity by a large organoid biobank of liver cancer 的 HRA006499（癌种：Liver Cancer）存在这些输入数据，共 2289 个匹配文件（文件引用已脱敏）。	["DNA_GENOMIC_ALIGNMENT_BAM", "RAW_SINGLE_END_FASTQ"]	[]	["单细胞比对与定量", "可视化与报告", "测序质量评估"]	["bulk_RNA", "sc-RNA"]		[{"semantic_format": "DNA_ALIGNMENT_BQSR_BAM", "data_desc": "碱基质量校正后的比对 BAM 数据", "count": 763, "study": "HRA006499", "project_name": "Pharmacogenomic profiling of intra-tumor heterogeneity by a large organoid biobank of liver cancer", "tumor_subtype": "Liver Cancer"}, {"semantic_format": "RAW_PAIRED_END_R1_FASTQ", "data_desc": "原始双端测序数据（R1）", "count": 763, "study": "HRA006499", "project_name": "Pharmacogenomic profiling of intra-tumor heterogeneity by a large organoid biobank of liver cancer", "tumor_subtype": "Liver Cancer"}, {"semantic_format": "RAW_PAIRED_END_R2_FASTQ", "data_desc": "原始双端测序数据（R2）", "count": 763, "study": "HRA006499", "project_name": "Pharmacogenomic profiling of intra-tumor heterogeneity by a large organoid biobank of liver cancer", "tumor_subtype": "Liver Cancer"}]
class100322	class1_tool_recommend	single_tool	接头与低质量序列修剪	T004	trim_galore	HRA005191	Immune Correlates of Response and Resistance to Neoadjuvant Chemo-immunotherapy in Non-small Cell Lung Cancer	Non-small cell lung carcinoma	我拿到了Immune Correlates of Response and Resistance to Neoadjuvant Chemo-immunotherapy in Non-small Cell Lung Cancer的原始双端测序数据（R1），目标是接头与低质量序列修剪，应该选哪个工具？	推荐工具 trim_galore（接头与低质量序列修剪）。该工具需要输入：原始双端测序数据（R1）、原始双端测序数据（R2）。图谱中项目 Immune Correlates of Response and Resistance to Neoadjuvant Chemo-immunotherapy in Non-small Cell Lung Cancer 的 HRA005191（癌种：Non-small cell lung carcinoma）存在这些输入数据，共 970 个匹配文件（文件引用已脱敏）。	["RAW_PAIRED_END_R1_FASTQ", "RAW_PAIRED_END_R2_FASTQ"]	[]	["接头与低质量序列修剪"]	["bulk_RNA"]		[{"semantic_format": "RAW_PAIRED_END_R1_FASTQ", "data_desc": "原始双端测序数据（R1）", "count": 485, "study": "HRA005191", "project_name": "Immune Correlates of Response and Resistance to Neoadjuvant Chemo-immunotherapy in Non-small Cell Lung Cancer", "tumor_subtype": "Non-small cell lung carcinoma"}, {"semantic_format": "RAW_PAIRED_END_R2_FASTQ", "data_desc": "原始双端测序数据（R2）", "count": 485, "study": "HRA005191", "project_name": "Immune Correlates of Response and Resistance to Neoadjuvant Chemo-immunotherapy in Non-small Cell Lung Cancer", "tumor_subtype": "Non-small cell lung carcinoma"}]
class100323	class1_tool_recommend	single_tool	RNA序列比对	T005	star	HRA005191	Immune Correlates of Response and Resistance to Neoadjuvant Chemo-immunotherapy in Non-small Cell Lung Cancer	Non-small cell lung carcinoma	要完成RNA序列比对，手上有原始双端测序数据（R1），适合的工具是什么？	推荐工具 star（RNA序列比对）。该工具需要输入：原始双端测序数据（R1）、原始双端测序数据（R2）（另需公共参考资源：参考基因组 FASTA）。图谱中项目 Immune Correlates of Response and Resistance to Neoadjuvant Chemo-immunotherapy in Non-small Cell Lung Cancer 的 HRA005191（癌种：Non-small cell lung carcinoma）存在这些输入数据，共 970 个匹配文件（文件引用已脱敏）。	["RAW_PAIRED_END_R1_FASTQ", "RAW_PAIRED_END_R2_FASTQ"]	["REFERENCE_GENOME_FASTA"]	["RNA序列比对"]	["bulk_RNA"]		[{"semantic_format": "RAW_PAIRED_END_R1_FASTQ", "data_desc": "原始双端测序数据（R1）", "count": 485, "study": "HRA005191", "project_name": "Immune Correlates of Response and Resistance to Neoadjuvant Chemo-immunotherapy in Non-small Cell Lung Cancer", "tumor_subtype": "Non-small cell lung carcinoma"}, {"semantic_format": "RAW_PAIRED_END_R2_FASTQ", "data_desc": "原始双端测序数据（R2）", "count": 485, "study": "HRA005191", "project_name": "Immune Correlates of Response and Resistance to Neoadjuvant Chemo-immunotherapy in Non-small Cell Lung Cancer", "tumor_subtype": "Non-small cell lung carcinoma"}]
class100324	class1_tool_recommend	single_tool	DNA序列比对	T006	bwa	HRA007413	Multi-omics research of acute myeloid leukemia	Acute Myeloid Leukemia	基于Multi-omics research of acute myeloid leukemia的原始双端测序数据（R1）做DNA序列比对，应该使用什么工具？	推荐工具 bwa（DNA序列比对）。该工具需要输入：原始双端测序数据（R1）、原始双端测序数据（R2）（另需公共参考资源：参考基因组 FASTA）。图谱中项目 Multi-omics research of acute myeloid leukemia 的 HRA007413（癌种：Acute Myeloid Leukemia）存在这些输入数据，共 1468 个匹配文件（文件引用已脱敏）。	["RAW_PAIRED_END_R1_FASTQ", "RAW_PAIRED_END_R2_FASTQ"]	["REFERENCE_GENOME_FASTA"]	["DNA序列比对"]	["WES"]		[{"semantic_format": "RAW_PAIRED_END_R1_FASTQ", "data_desc": "原始双端测序数据（R1）", "count": 734, "study": "HRA007413", "project_name": "Multi-omics research of acute myeloid leukemia", "tumor_subtype": "Acute Myeloid Leukemia"}, {"semantic_format": "RAW_PAIRED_END_R2_FASTQ", "data_desc": "原始双端测序数据（R2）", "count": 734, "study": "HRA007413", "project_name": "Multi-omics research of acute myeloid leukemia", "tumor_subtype": "Acute Myeloid Leukemia"}]
class100325	class1_tool_recommend	single_tool	比对后处理与去重	T007	samtools	HRA001749	scRNA-seq of liver cancer	Liver Cancer	我想对碱基质量校正后的比对 BAM 数据完成比对后处理与去重，应该用什么工具？	推荐工具 samtools（比对后处理与去重）。该工具需要输入：基因组比对 BAM 数据。图谱中项目 scRNA-seq of liver cancer 的 HRA001749（癌种：Liver Cancer）存在这些输入数据，共 178 个匹配文件（文件引用已脱敏）。	["DNA_GENOMIC_ALIGNMENT_BAM"]	[]	["比对后处理与去重"]	["WES", "WGS", "bulk_RNA"]		[{"semantic_format": "DNA_ALIGNMENT_BQSR_BAM", "data_desc": "碱基质量校正后的比对 BAM 数据", "count": 178, "study": "HRA001749", "project_name": "scRNA-seq of liver cancer", "tumor_subtype": "Liver Cancer"}]
class100326	class1_tool_recommend	single_tool	体细胞变异检测	T008	gatk	HRA007413	Multi-omics research of acute myeloid leukemia	Acute Myeloid Leukemia	项目Multi-omics research of acute myeloid leukemia中有转录组比对 BAM 数据，要完成体细胞变异检测，推荐使用哪个工具？	推荐工具 gatk（体细胞变异检测）。该工具需要输入：基因组比对 BAM 数据（另需公共参考资源：参考基因组 FASTA、目标区间列表）。图谱中项目 Multi-omics research of acute myeloid leukemia 的 HRA007413（癌种：Acute Myeloid Leukemia）存在这些输入数据，共 3 个匹配文件（文件引用已脱敏）。	["DNA_GENOMIC_ALIGNMENT_BAM"]	["REFERENCE_GENOME_FASTA", "TARGET_INTERVAL_LIST"]	["体细胞变异检测", "变异质量校正"]	["WES"]		[{"semantic_format": "RNA_TRANSCRIPTOME_ALIGNMENT_BAM", "data_desc": "转录组比对 BAM 数据", "count": 3, "study": "HRA007413", "project_name": "Multi-omics research of acute myeloid leukemia", "tumor_subtype": "Acute Myeloid Leukemia"}]
class100327	class1_tool_recommend	single_tool	变异注释	T010	snpeff	HRA016026	Multi-omics Landscape of Central Nervous System Tumors	Lung Cancer	我拿到了Multi-omics Landscape of Central Nervous System Tumors的变异 VCF 数据，目标是变异注释，应该选哪个工具？	推荐工具 snpeff（变异注释）。该工具需要输入：变异 VCF 数据（另需公共参考资源：参考基因组 FASTA）。图谱中项目 Multi-omics Landscape of Central Nervous System Tumors 的 HRA016026（癌种：Lung Cancer）存在这些输入数据，共 1050 个匹配文件（文件引用已脱敏）。	["DNA_VARIANT_VCF_GENERAL"]	["REFERENCE_GENOME_FASTA"]	["变异注释", "可视化与报告"]	["WES", "WGS"]		[{"semantic_format": "DNA_VARIANT_VCF_GENERAL", "data_desc": "变异 VCF 数据", "count": 1050, "study": "HRA016026", "project_name": "Multi-omics Landscape of Central Nervous System Tumors", "tumor_subtype": "Lung Cancer"}]
class100328	class1_tool_recommend	single_tool	表达定量	T011	rsem	HRA007167	Multi-omics of acral melanoma	Acral melanoma	要完成表达定量，手上有转录组比对 BAM 数据，适合的工具是什么？	推荐工具 rsem（表达定量）。该工具需要输入：转录组比对 BAM 数据。图谱中项目 Multi-omics of acral melanoma 的 HRA007167（癌种：Acral melanoma）存在这些输入数据，共 391 个匹配文件（文件引用已脱敏）。	["RNA_TRANSCRIPTOME_ALIGNMENT_BAM"]	[]	["表达定量"]	["bulk_RNA"]		[{"semantic_format": "RNA_TRANSCRIPTOME_ALIGNMENT_BAM", "data_desc": "转录组比对 BAM 数据", "count": 391, "study": "HRA007167", "project_name": "Multi-omics of acral melanoma", "tumor_subtype": "Acral melanoma"}]
class100329	class1_tool_recommend	single_tool	表达定量	T012	featurecounts	HRA006499	Pharmacogenomic profiling of intra-tumor heterogeneity by a large organoid biobank of liver cancer	Liver Cancer	基于Pharmacogenomic profiling of intra-tumor heterogeneity by a large organoid biobank of liver cancer的碱基质量校正后的比对 BAM 数据做表达定量，应该使用什么工具？	推荐工具 featurecounts（表达定量）。该工具需要输入：基因组比对 BAM 数据。图谱中项目 Pharmacogenomic profiling of intra-tumor heterogeneity by a large organoid biobank of liver cancer 的 HRA006499（癌种：Liver Cancer）存在这些输入数据，共 763 个匹配文件（文件引用已脱敏）。	["DNA_GENOMIC_ALIGNMENT_BAM"]	[]	["表达定量"]	["bulk_RNA"]		[{"semantic_format": "DNA_ALIGNMENT_BQSR_BAM", "data_desc": "碱基质量校正后的比对 BAM 数据", "count": 763, "study": "HRA006499", "project_name": "Pharmacogenomic profiling of intra-tumor heterogeneity by a large organoid biobank of liver cancer", "tumor_subtype": "Liver Cancer"}]
class100330	class1_tool_recommend	single_tool	功能富集分析	T014	diff_expr_go	HRA005191	Immune Correlates of Response and Resistance to Neoadjuvant Chemo-immunotherapy in Non-small Cell Lung Cancer	Non-small cell lung carcinoma	我想对基因表达矩阵/表格数据完成功能富集分析，应该用什么工具？	推荐工具 diff_expr_go（功能富集分析）。该工具需要输入：基因表达矩阵/表格数据。图谱中项目 Immune Correlates of Response and Resistance to Neoadjuvant Chemo-immunotherapy in Non-small Cell Lung Cancer 的 HRA005191（癌种：Non-small cell lung carcinoma）存在这些输入数据，共 18 个匹配文件（文件引用已脱敏）。	["TABULAR_BIO_DATA"]	[]	["功能富集分析", "差异表达分析"]	["bulk_RNA"]		[{"semantic_format": "TABULAR_BIO_DATA", "data_desc": "基因表达矩阵/表格数据", "count": 18, "study": "HRA005191", "project_name": "Immune Correlates of Response and Resistance to Neoadjuvant Chemo-immunotherapy in Non-small Cell Lung Cancer", "tumor_subtype": "Non-small cell lung carcinoma"}]
class100331	class1_tool_recommend	single_tool	功能富集分析	T015	diff_expr_kegg	HRA005191	Immune Correlates of Response and Resistance to Neoadjuvant Chemo-immunotherapy in Non-small Cell Lung Cancer	Non-small cell lung carcinoma	项目Immune Correlates of Response and Resistance to Neoadjuvant Chemo-immunotherapy in Non-small Cell Lung Cancer中有基因表达矩阵/表格数据，要完成功能富集分析，推荐使用哪个工具？	推荐工具 diff_expr_kegg（功能富集分析）。该工具需要输入：基因表达矩阵/表格数据。图谱中项目 Immune Correlates of Response and Resistance to Neoadjuvant Chemo-immunotherapy in Non-small Cell Lung Cancer 的 HRA005191（癌种：Non-small cell lung carcinoma）存在这些输入数据，共 18 个匹配文件（文件引用已脱敏）。	["TABULAR_BIO_DATA"]	[]	["功能富集分析", "差异表达分析"]	["bulk_RNA"]		[{"semantic_format": "TABULAR_BIO_DATA", "data_desc": "基因表达矩阵/表格数据", "count": 18, "study": "HRA005191", "project_name": "Immune Correlates of Response and Resistance to Neoadjuvant Chemo-immunotherapy in Non-small Cell Lung Cancer", "tumor_subtype": "Non-small cell lung carcinoma"}]
class100332	class1_tool_recommend	single_tool	生存分析	T017	her2_pfs_survival	HRA001749	scRNA-seq of liver cancer	Liver Cancer	我拿到了scRNA-seq of liver cancer的体细胞拷贝数变异数据，目标是生存分析，应该选哪个工具？	推荐工具 her2_pfs_survival（生存分析）。该工具需要输入：临床表型数据、基因表达矩阵/表格数据。图谱中项目 scRNA-seq of liver cancer 的 HRA001749（癌种：Liver Cancer）存在这些输入数据，共 2 个匹配文件（文件引用已脱敏）。	["CLINICAL_DATA_EXCEL", "TABULAR_BIO_DATA"]	[]	["可视化与报告", "生存分析"]	["Clinical", "bulk_RNA"]		[{"semantic_format": "CLINICAL_DATA_EXCEL", "data_desc": "临床表型数据", "count": 1, "study": "HRA001749", "project_name": "scRNA-seq of liver cancer", "tumor_subtype": "Liver Cancer"}, {"semantic_format": "SOMATIC_CNV_TSV", "data_desc": "体细胞拷贝数变异数据", "count": 1, "study": "HRA001749", "project_name": "scRNA-seq of liver cancer", "tumor_subtype": "Liver Cancer"}]
class100333	class1_tool_recommend	single_tool	免疫浸润与微环境分析	T018	immune_infiltration_iobr	HRA001749	scRNA-seq of liver cancer	Liver Cancer	要完成免疫浸润与微环境分析，手上有体细胞拷贝数变异数据，适合的工具是什么？	推荐工具 immune_infiltration_iobr（免疫浸润与微环境分析）。该工具需要输入：临床表型数据、基因表达矩阵/表格数据。图谱中项目 scRNA-seq of liver cancer 的 HRA001749（癌种：Liver Cancer）存在这些输入数据，共 2 个匹配文件（文件引用已脱敏）。	["CLINICAL_DATA_EXCEL", "TABULAR_BIO_DATA"]	[]	["免疫浸润与微环境分析", "可视化与报告"]	["Clinical", "bulk_RNA"]		[{"semantic_format": "CLINICAL_DATA_EXCEL", "data_desc": "临床表型数据", "count": 1, "study": "HRA001749", "project_name": "scRNA-seq of liver cancer", "tumor_subtype": "Liver Cancer"}, {"semantic_format": "SOMATIC_CNV_TSV", "data_desc": "体细胞拷贝数变异数据", "count": 1, "study": "HRA001749", "project_name": "scRNA-seq of liver cancer", "tumor_subtype": "Liver Cancer"}]
class100334	class1_tool_recommend	single_tool	序列格式转换	T019	paired_fastq_to_unmapped_bam	HRA007413	Multi-omics research of acute myeloid leukemia	Acute Myeloid Leukemia	基于Multi-omics research of acute myeloid leukemia的原始双端测序数据（R1）做序列格式转换，应该使用什么工具？	推荐工具 paired_fastq_to_unmapped_bam（序列格式转换）。该工具需要输入：基因组比对 BAM 数据、原始双端测序数据（R1）、原始双端测序数据（R2）。图谱中项目 Multi-omics research of acute myeloid leukemia 的 HRA007413（癌种：Acute Myeloid Leukemia）存在这些输入数据，共 1471 个匹配文件（文件引用已脱敏）。	["DNA_GENOMIC_ALIGNMENT_BAM", "RAW_PAIRED_END_R1_FASTQ", "RAW_PAIRED_END_R2_FASTQ"]	[]	["序列格式转换"]	["WES"]		[{"semantic_format": "RNA_TRANSCRIPTOME_ALIGNMENT_BAM", "data_desc": "转录组比对 BAM 数据", "count": 3, "study": "HRA007413", "project_name": "Multi-omics research of acute myeloid leukemia", "tumor_subtype": "Acute Myeloid Leukemia"}, {"semantic_format": "RAW_PAIRED_END_R1_FASTQ", "data_desc": "原始双端测序数据（R1）", "count": 734, "study": "HRA007413", "project_name": "Multi-omics research of acute myeloid leukemia", "tumor_subtype": "Acute Myeloid Leukemia"}, {"semantic_format": "RAW_PAIRED_END_R2_FASTQ", "data_desc": "原始双端测序数据（R2）", "count": 734, "study": "HRA007413", "project_name": "Multi-omics research of acute myeloid leukemia", "tumor_subtype": "Acute Myeloid Leukemia"}]
class100335	class1_tool_recommend	single_tool	无监督聚类分析	T020	rnaseq_unsupervised_cluster	HRA005191	Immune Correlates of Response and Resistance to Neoadjuvant Chemo-immunotherapy in Non-small Cell Lung Cancer	Non-small cell lung carcinoma	我想对基因表达矩阵/表格数据完成无监督聚类分析，应该用什么工具？	推荐工具 rnaseq_unsupervised_cluster（无监督聚类分析）。该工具需要输入：基因表达矩阵/表格数据。图谱中项目 Immune Correlates of Response and Resistance to Neoadjuvant Chemo-immunotherapy in Non-small Cell Lung Cancer 的 HRA005191（癌种：Non-small cell lung carcinoma）存在这些输入数据，共 18 个匹配文件（文件引用已脱敏）。	["TABULAR_BIO_DATA"]	[]	["可视化与报告", "无监督聚类分析"]	["bulk_RNA"]		[{"semantic_format": "TABULAR_BIO_DATA", "data_desc": "基因表达矩阵/表格数据", "count": 18, "study": "HRA005191", "project_name": "Immune Correlates of Response and Resistance to Neoadjuvant Chemo-immunotherapy in Non-small Cell Lung Cancer", "tumor_subtype": "Non-small cell lung carcinoma"}]
class100336	class1_tool_recommend	single_tool	共表达网络分析	T024	wgcna	HRA001749	scRNA-seq of liver cancer	Liver Cancer	项目scRNA-seq of liver cancer中有体细胞拷贝数变异数据，要完成共表达网络分析，推荐使用哪个工具？	推荐工具 wgcna（共表达网络分析）。该工具需要输入：临床表型数据、基因表达矩阵/表格数据。图谱中项目 scRNA-seq of liver cancer 的 HRA001749（癌种：Liver Cancer）存在这些输入数据，共 2 个匹配文件（文件引用已脱敏）。	["CLINICAL_DATA_EXCEL", "TABULAR_BIO_DATA"]	[]	["共表达网络分析"]	["Clinical", "bulk_RNA"]		[{"semantic_format": "CLINICAL_DATA_EXCEL", "data_desc": "临床表型数据", "count": 1, "study": "HRA001749", "project_name": "scRNA-seq of liver cancer", "tumor_subtype": "Liver Cancer"}, {"semantic_format": "SOMATIC_CNV_TSV", "data_desc": "体细胞拷贝数变异数据", "count": 1, "study": "HRA001749", "project_name": "scRNA-seq of liver cancer", "tumor_subtype": "Liver Cancer"}]
class100337	class1_tool_recommend	single_tool	拷贝数变异分析	T028	cnvkit_cnv_clinical	HRA001749	scRNA-seq of liver cancer	Liver Cancer	我拿到了scRNA-seq of liver cancer的碱基质量校正后的比对 BAM 数据，目标是拷贝数变异分析，应该选哪个工具？	推荐工具 cnvkit_cnv_clinical（拷贝数变异分析）。该工具需要输入：基因组比对 BAM 数据。图谱中项目 scRNA-seq of liver cancer 的 HRA001749（癌种：Liver Cancer）存在这些输入数据，共 178 个匹配文件（文件引用已脱敏）。	["DNA_GENOMIC_ALIGNMENT_BAM"]	[]	["可视化与报告", "拷贝数变异分析"]	["Clinical", "WES", "WGS"]		[{"semantic_format": "DNA_ALIGNMENT_BQSR_BAM", "data_desc": "碱基质量校正后的比对 BAM 数据", "count": 178, "study": "HRA001749", "project_name": "scRNA-seq of liver cancer", "tumor_subtype": "Liver Cancer"}]
class100338	class1_tool_recommend	single_tool	生存分析	T029	cox_model	HRA001749	scRNA-seq of liver cancer	Liver Cancer	要完成生存分析，手上有体细胞拷贝数变异数据，适合的工具是什么？	推荐工具 cox_model（生存分析）。该工具需要输入：临床表型数据、样本元数据、基因表达矩阵/表格数据。图谱中项目 scRNA-seq of liver cancer 的 HRA001749（癌种：Liver Cancer）存在这些输入数据，共 3 个匹配文件（文件引用已脱敏）。	["CLINICAL_DATA_EXCEL", "METADATA_SAMPLE_INFO", "TABULAR_BIO_DATA"]	[]	["生存分析"]	["Clinical", "bulk_RNA"]		[{"semantic_format": "CLINICAL_DATA_EXCEL", "data_desc": "临床表型数据", "count": 1, "study": "HRA001749", "project_name": "scRNA-seq of liver cancer", "tumor_subtype": "Liver Cancer"}, {"semantic_format": "METADATA_SAMPLE_INFO", "data_desc": "样本元数据", "count": 1, "study": "HRA001749", "project_name": "scRNA-seq of liver cancer", "tumor_subtype": "Liver Cancer"}, {"semantic_format": "SOMATIC_CNV_TSV", "data_desc": "体细胞拷贝数变异数据", "count": 1, "study": "HRA001749", "project_name": "scRNA-seq of liver cancer", "tumor_subtype": "Liver Cancer"}]
class100339	class1_tool_recommend	single_tool	功能富集分析	T032	de_enrichment	HRA001749	scRNA-seq of liver cancer	Liver Cancer	基于scRNA-seq of liver cancer的体细胞拷贝数变异数据做功能富集分析，应该使用什么工具？	推荐工具 de_enrichment（功能富集分析）。该工具需要输入：临床表型数据、样本元数据、基因表达矩阵/表格数据。图谱中项目 scRNA-seq of liver cancer 的 HRA001749（癌种：Liver Cancer）存在这些输入数据，共 3 个匹配文件（文件引用已脱敏）。	["CLINICAL_DATA_EXCEL", "METADATA_SAMPLE_INFO", "TABULAR_BIO_DATA"]	[]	["功能富集分析", "可视化与报告", "差异表达分析"]	["Clinical", "bulk_RNA"]		[{"semantic_format": "CLINICAL_DATA_EXCEL", "data_desc": "临床表型数据", "count": 1, "study": "HRA001749", "project_name": "scRNA-seq of liver cancer", "tumor_subtype": "Liver Cancer"}, {"semantic_format": "METADATA_SAMPLE_INFO", "data_desc": "样本元数据", "count": 1, "study": "HRA001749", "project_name": "scRNA-seq of liver cancer", "tumor_subtype": "Liver Cancer"}, {"semantic_format": "SOMATIC_CNV_TSV", "data_desc": "体细胞拷贝数变异数据", "count": 1, "study": "HRA001749", "project_name": "scRNA-seq of liver cancer", "tumor_subtype": "Liver Cancer"}]
class100340	class1_tool_recommend	single_tool	功能富集分析	T033	deg_enrichment	HRA001749	scRNA-seq of liver cancer	Liver Cancer	我想对体细胞拷贝数变异数据完成功能富集分析，应该用什么工具？	推荐工具 deg_enrichment（功能富集分析）。该工具需要输入：临床表型数据、样本元数据、基因表达矩阵/表格数据。图谱中项目 scRNA-seq of liver cancer 的 HRA001749（癌种：Liver Cancer）存在这些输入数据，共 3 个匹配文件（文件引用已脱敏）。	["CLINICAL_DATA_EXCEL", "METADATA_SAMPLE_INFO", "TABULAR_BIO_DATA"]	[]	["功能富集分析", "差异表达分析"]	["Clinical", "bulk_RNA"]		[{"semantic_format": "CLINICAL_DATA_EXCEL", "data_desc": "临床表型数据", "count": 1, "study": "HRA001749", "project_name": "scRNA-seq of liver cancer", "tumor_subtype": "Liver Cancer"}, {"semantic_format": "METADATA_SAMPLE_INFO", "data_desc": "样本元数据", "count": 1, "study": "HRA001749", "project_name": "scRNA-seq of liver cancer", "tumor_subtype": "Liver Cancer"}, {"semantic_format": "SOMATIC_CNV_TSV", "data_desc": "体细胞拷贝数变异数据", "count": 1, "study": "HRA001749", "project_name": "scRNA-seq of liver cancer", "tumor_subtype": "Liver Cancer"}]
class100341	class1_tool_recommend	single_tool	差异表达分析	T034	deg_trend	HRA001749	scRNA-seq of liver cancer	Liver Cancer	项目scRNA-seq of liver cancer中有体细胞拷贝数变异数据，要完成差异表达分析，推荐使用哪个工具？	推荐工具 deg_trend（差异表达分析）。该工具需要输入：临床表型数据、样本元数据、基因表达矩阵/表格数据。图谱中项目 scRNA-seq of liver cancer 的 HRA001749（癌种：Liver Cancer）存在这些输入数据，共 3 个匹配文件（文件引用已脱敏）。	["CLINICAL_DATA_EXCEL", "METADATA_SAMPLE_INFO", "TABULAR_BIO_DATA"]	[]	["可视化与报告", "差异表达分析"]	["Clinical", "bulk_RNA"]		[{"semantic_format": "CLINICAL_DATA_EXCEL", "data_desc": "临床表型数据", "count": 1, "study": "HRA001749", "project_name": "scRNA-seq of liver cancer", "tumor_subtype": "Liver Cancer"}, {"semantic_format": "METADATA_SAMPLE_INFO", "data_desc": "样本元数据", "count": 1, "study": "HRA001749", "project_name": "scRNA-seq of liver cancer", "tumor_subtype": "Liver Cancer"}, {"semantic_format": "SOMATIC_CNV_TSV", "data_desc": "体细胞拷贝数变异数据", "count": 1, "study": "HRA001749", "project_name": "scRNA-seq of liver cancer", "tumor_subtype": "Liver Cancer"}]
class100342	class1_tool_recommend	single_tool	可视化与报告	T035	gene_boxplot	HRA001749	scRNA-seq of liver cancer	Liver Cancer	我拿到了scRNA-seq of liver cancer的体细胞拷贝数变异数据，目标是可视化与报告，应该选哪个工具？	推荐工具 gene_boxplot（可视化与报告）。该工具需要输入：临床表型数据、样本元数据、基因表达矩阵/表格数据。图谱中项目 scRNA-seq of liver cancer 的 HRA001749（癌种：Liver Cancer）存在这些输入数据，共 3 个匹配文件（文件引用已脱敏）。	["CLINICAL_DATA_EXCEL", "METADATA_SAMPLE_INFO", "TABULAR_BIO_DATA"]	[]	["可视化与报告"]	["Clinical", "bulk_RNA"]		[{"semantic_format": "CLINICAL_DATA_EXCEL", "data_desc": "临床表型数据", "count": 1, "study": "HRA001749", "project_name": "scRNA-seq of liver cancer", "tumor_subtype": "Liver Cancer"}, {"semantic_format": "METADATA_SAMPLE_INFO", "data_desc": "样本元数据", "count": 1, "study": "HRA001749", "project_name": "scRNA-seq of liver cancer", "tumor_subtype": "Liver Cancer"}, {"semantic_format": "SOMATIC_CNV_TSV", "data_desc": "体细胞拷贝数变异数据", "count": 1, "study": "HRA001749", "project_name": "scRNA-seq of liver cancer", "tumor_subtype": "Liver Cancer"}]
class100343	class1_tool_recommend	single_tool	功能富集分析	T036	gsea_pathway_enrichment	HRA001749	scRNA-seq of liver cancer	Liver Cancer	要完成功能富集分析，手上有体细胞拷贝数变异数据，适合的工具是什么？	推荐工具 gsea_pathway_enrichment（功能富集分析）。该工具需要输入：基因表达矩阵/表格数据。图谱中项目 scRNA-seq of liver cancer 的 HRA001749（癌种：Liver Cancer）存在这些输入数据，共 1 个匹配文件（文件引用已脱敏）。	["TABULAR_BIO_DATA"]	[]	["功能富集分析"]	["Clinical", "bulk_RNA"]		[{"semantic_format": "SOMATIC_CNV_TSV", "data_desc": "体细胞拷贝数变异数据", "count": 1, "study": "HRA001749", "project_name": "scRNA-seq of liver cancer", "tumor_subtype": "Liver Cancer"}]
class100344	class1_tool_recommend	single_tool	生存分析	T040	km_survival	HRA001749	scRNA-seq of liver cancer	Liver Cancer	基于scRNA-seq of liver cancer的体细胞拷贝数变异数据做生存分析，应该使用什么工具？	推荐工具 km_survival（生存分析）。该工具需要输入：临床表型数据、样本元数据、基因表达矩阵/表格数据。图谱中项目 scRNA-seq of liver cancer 的 HRA001749（癌种：Liver Cancer）存在这些输入数据，共 3 个匹配文件（文件引用已脱敏）。	["CLINICAL_DATA_EXCEL", "METADATA_SAMPLE_INFO", "TABULAR_BIO_DATA"]	[]	["可视化与报告", "生存分析"]	["Clinical", "bulk_RNA"]		[{"semantic_format": "CLINICAL_DATA_EXCEL", "data_desc": "临床表型数据", "count": 1, "study": "HRA001749", "project_name": "scRNA-seq of liver cancer", "tumor_subtype": "Liver Cancer"}, {"semantic_format": "METADATA_SAMPLE_INFO", "data_desc": "样本元数据", "count": 1, "study": "HRA001749", "project_name": "scRNA-seq of liver cancer", "tumor_subtype": "Liver Cancer"}, {"semantic_format": "SOMATIC_CNV_TSV", "data_desc": "体细胞拷贝数变异数据", "count": 1, "study": "HRA001749", "project_name": "scRNA-seq of liver cancer", "tumor_subtype": "Liver Cancer"}]
class100345	class1_tool_recommend	single_tool	表达矩阵预处理与归一化	T042	preprocess_counts	HRA005191	Immune Correlates of Response and Resistance to Neoadjuvant Chemo-immunotherapy in Non-small Cell Lung Cancer	Non-small cell lung carcinoma	我想对基因表达矩阵/表格数据完成表达矩阵预处理与归一化，应该用什么工具？	推荐工具 preprocess_counts（表达矩阵预处理与归一化）。该工具需要输入：基因表达矩阵/表格数据。图谱中项目 Immune Correlates of Response and Resistance to Neoadjuvant Chemo-immunotherapy in Non-small Cell Lung Cancer 的 HRA005191（癌种：Non-small cell lung carcinoma）存在这些输入数据，共 18 个匹配文件（文件引用已脱敏）。	["TABULAR_BIO_DATA"]	[]	["表达矩阵预处理与归一化"]	["bulk_RNA"]		[{"semantic_format": "TABULAR_BIO_DATA", "data_desc": "基因表达矩阵/表格数据", "count": 18, "study": "HRA005191", "project_name": "Immune Correlates of Response and Resistance to Neoadjuvant Chemo-immunotherapy in Non-small Cell Lung Cancer", "tumor_subtype": "Non-small cell lung carcinoma"}]
class100346	class1_tool_recommend	single_tool	可变剪接分析	T043	rmats_alternative_splicing	HRA007167	Multi-omics of acral melanoma	Acral melanoma	项目Multi-omics of acral melanoma中有转录组比对 BAM 数据，要完成可变剪接分析，推荐使用哪个工具？	推荐工具 rmats_alternative_splicing（可变剪接分析）。该工具需要输入：转录组比对 BAM 数据（另需公共参考资源：参考基因组 FASTA）。图谱中项目 Multi-omics of acral melanoma 的 HRA007167（癌种：Acral melanoma）存在这些输入数据，共 391 个匹配文件（文件引用已脱敏）。	["RNA_TRANSCRIPTOME_ALIGNMENT_BAM"]	["REFERENCE_GENOME_FASTA"]	["可变剪接分析"]	["bulk_RNA"]		[{"semantic_format": "RNA_TRANSCRIPTOME_ALIGNMENT_BAM", "data_desc": "转录组比对 BAM 数据", "count": 391, "study": "HRA007167", "project_name": "Multi-omics of acral melanoma", "tumor_subtype": "Acral melanoma"}]
class100347	class1_tool_recommend	single_tool	RNA序列比对	T044	rnaseq_singletask	HRA005191	Immune Correlates of Response and Resistance to Neoadjuvant Chemo-immunotherapy in Non-small Cell Lung Cancer	Non-small cell lung carcinoma	我拿到了Immune Correlates of Response and Resistance to Neoadjuvant Chemo-immunotherapy in Non-small Cell Lung Cancer的原始双端测序数据（R1），目标是RNA序列比对，应该选哪个工具？	推荐工具 rnaseq_singletask（RNA序列比对）。该工具需要输入：原始双端测序数据（R1）、原始双端测序数据（R2）（另需公共参考资源：参考基因组 FASTA）。图谱中项目 Immune Correlates of Response and Resistance to Neoadjuvant Chemo-immunotherapy in Non-small Cell Lung Cancer 的 HRA005191（癌种：Non-small cell lung carcinoma）存在这些输入数据，共 970 个匹配文件（文件引用已脱敏）。	["RAW_PAIRED_END_R1_FASTQ", "RAW_PAIRED_END_R2_FASTQ"]	["REFERENCE_GENOME_FASTA"]	["RNA序列比对", "接头与低质量序列修剪", "测序质量评估", "表达定量"]	["bulk_RNA"]		[{"semantic_format": "RAW_PAIRED_END_R1_FASTQ", "data_desc": "原始双端测序数据（R1）", "count": 485, "study": "HRA005191", "project_name": "Immune Correlates of Response and Resistance to Neoadjuvant Chemo-immunotherapy in Non-small Cell Lung Cancer", "tumor_subtype": "Non-small cell lung carcinoma"}, {"semantic_format": "RAW_PAIRED_END_R2_FASTQ", "data_desc": "原始双端测序数据（R2）", "count": 485, "study": "HRA005191", "project_name": "Immune Correlates of Response and Resistance to Neoadjuvant Chemo-immunotherapy in Non-small Cell Lung Cancer", "tumor_subtype": "Non-small cell lung carcinoma"}]
class100348	class1_tool_recommend	single_tool	可视化与报告	T046	stage_heatmap	HRA001749	scRNA-seq of liver cancer	Liver Cancer	要完成可视化与报告，手上有体细胞拷贝数变异数据，适合的工具是什么？	推荐工具 stage_heatmap（可视化与报告）。该工具需要输入：临床表型数据、样本元数据、基因表达矩阵/表格数据。图谱中项目 scRNA-seq of liver cancer 的 HRA001749（癌种：Liver Cancer）存在这些输入数据，共 3 个匹配文件（文件引用已脱敏）。	["CLINICAL_DATA_EXCEL", "METADATA_SAMPLE_INFO", "TABULAR_BIO_DATA"]	[]	["可视化与报告"]	["Clinical", "bulk_RNA"]		[{"semantic_format": "CLINICAL_DATA_EXCEL", "data_desc": "临床表型数据", "count": 1, "study": "HRA001749", "project_name": "scRNA-seq of liver cancer", "tumor_subtype": "Liver Cancer"}, {"semantic_format": "METADATA_SAMPLE_INFO", "data_desc": "样本元数据", "count": 1, "study": "HRA001749", "project_name": "scRNA-seq of liver cancer", "tumor_subtype": "Liver Cancer"}, {"semantic_format": "SOMATIC_CNV_TSV", "data_desc": "体细胞拷贝数变异数据", "count": 1, "study": "HRA001749", "project_name": "scRNA-seq of liver cancer", "tumor_subtype": "Liver Cancer"}]
class100349	class1_tool_recommend	single_tool	可视化与报告	T048	umap	HRA001749	scRNA-seq of liver cancer	Liver Cancer	基于scRNA-seq of liver cancer的体细胞拷贝数变异数据做可视化与报告，应该使用什么工具？	推荐工具 umap（可视化与报告）。该工具需要输入：临床表型数据、样本元数据、基因表达矩阵/表格数据。图谱中项目 scRNA-seq of liver cancer 的 HRA001749（癌种：Liver Cancer）存在这些输入数据，共 3 个匹配文件（文件引用已脱敏）。	["CLINICAL_DATA_EXCEL", "METADATA_SAMPLE_INFO", "TABULAR_BIO_DATA"]	[]	["可视化与报告"]	["Clinical", "bulk_RNA"]		[{"semantic_format": "CLINICAL_DATA_EXCEL", "data_desc": "临床表型数据", "count": 1, "study": "HRA001749", "project_name": "scRNA-seq of liver cancer", "tumor_subtype": "Liver Cancer"}, {"semantic_format": "METADATA_SAMPLE_INFO", "data_desc": "样本元数据", "count": 1, "study": "HRA001749", "project_name": "scRNA-seq of liver cancer", "tumor_subtype": "Liver Cancer"}, {"semantic_format": "SOMATIC_CNV_TSV", "data_desc": "体细胞拷贝数变异数据", "count": 1, "study": "HRA001749", "project_name": "scRNA-seq of liver cancer", "tumor_subtype": "Liver Cancer"}]
class100350	class1_tool_recommend	single_tool	DNA序列比对	T049	wes_somatic_pair	HRA016026	Multi-omics Landscape of Central Nervous System Tumors	Lung Cancer	我想对原始双端测序数据（R1）完成DNA序列比对，应该用什么工具？	推荐工具 wes_somatic_pair（DNA序列比对）。该工具需要输入：变异 VCF 数据、原始双端测序数据（R1）、原始双端测序数据（R2）（另需公共参考资源：参考基因组 FASTA、目标区间列表）。图谱中项目 Multi-omics Landscape of Central Nervous System Tumors 的 HRA016026（癌种：Lung Cancer）存在这些输入数据，共 3818 个匹配文件（文件引用已脱敏）。	["DNA_VARIANT_VCF_GENERAL", "RAW_PAIRED_END_R1_FASTQ", "RAW_PAIRED_END_R2_FASTQ"]	["REFERENCE_GENOME_FASTA", "TARGET_INTERVAL_LIST"]	["DNA序列比对", "体细胞变异检测", "变异注释", "变异质量校正", "可视化与报告", "测序质量评估"]	["WES", "WGS"]		[{"semantic_format": "DNA_VARIANT_VCF_GENERAL", "data_desc": "变异 VCF 数据", "count": 1050, "study": "HRA016026", "project_name": "Multi-omics Landscape of Central Nervous System Tumors", "tumor_subtype": "Lung Cancer"}, {"semantic_format": "RAW_PAIRED_END_R1_FASTQ", "data_desc": "原始双端测序数据（R1）", "count": 1384, "study": "HRA016026", "project_name": "Multi-omics Landscape of Central Nervous System Tumors", "tumor_subtype": "Lung Cancer"}, {"semantic_format": "RAW_PAIRED_END_R2_FASTQ", "data_desc": "原始双端测序数据（R2）", "count": 1384, "study": "HRA016026", "project_name": "Multi-omics Landscape of Central Nervous System Tumors", "tumor_subtype": "Lung Cancer"}]
class100351	class1_tool_recommend	single_tool	共表达网络分析	T050	wgcna_hub	HRA001749	scRNA-seq of liver cancer	Liver Cancer	项目scRNA-seq of liver cancer中有体细胞拷贝数变异数据，要完成共表达网络分析，推荐使用哪个工具？	推荐工具 wgcna_hub（共表达网络分析）。该工具需要输入：临床表型数据、样本元数据、基因表达矩阵/表格数据。图谱中项目 scRNA-seq of liver cancer 的 HRA001749（癌种：Liver Cancer）存在这些输入数据，共 3 个匹配文件（文件引用已脱敏）。	["CLINICAL_DATA_EXCEL", "METADATA_SAMPLE_INFO", "TABULAR_BIO_DATA"]	[]	["共表达网络分析"]	["Clinical", "bulk_RNA"]		[{"semantic_format": "CLINICAL_DATA_EXCEL", "data_desc": "临床表型数据", "count": 1, "study": "HRA001749", "project_name": "scRNA-seq of liver cancer", "tumor_subtype": "Liver Cancer"}, {"semantic_format": "METADATA_SAMPLE_INFO", "data_desc": "样本元数据", "count": 1, "study": "HRA001749", "project_name": "scRNA-seq of liver cancer", "tumor_subtype": "Liver Cancer"}, {"semantic_format": "SOMATIC_CNV_TSV", "data_desc": "体细胞拷贝数变异数据", "count": 1, "study": "HRA001749", "project_name": "scRNA-seq of liver cancer", "tumor_subtype": "Liver Cancer"}]
class100352	class1_tool_recommend	single_tool	共表达网络分析	T051	wgcna_module_trait	HRA001749	scRNA-seq of liver cancer	Liver Cancer	我拿到了scRNA-seq of liver cancer的体细胞拷贝数变异数据，目标是共表达网络分析，应该选哪个工具？	推荐工具 wgcna_module_trait（共表达网络分析）。该工具需要输入：临床表型数据、样本元数据、基因表达矩阵/表格数据。图谱中项目 scRNA-seq of liver cancer 的 HRA001749（癌种：Liver Cancer）存在这些输入数据，共 3 个匹配文件（文件引用已脱敏）。	["CLINICAL_DATA_EXCEL", "METADATA_SAMPLE_INFO", "TABULAR_BIO_DATA"]	[]	["共表达网络分析"]	["Clinical", "bulk_RNA"]		[{"semantic_format": "CLINICAL_DATA_EXCEL", "data_desc": "临床表型数据", "count": 1, "study": "HRA001749", "project_name": "scRNA-seq of liver cancer", "tumor_subtype": "Liver Cancer"}, {"semantic_format": "METADATA_SAMPLE_INFO", "data_desc": "样本元数据", "count": 1, "study": "HRA001749", "project_name": "scRNA-seq of liver cancer", "tumor_subtype": "Liver Cancer"}, {"semantic_format": "SOMATIC_CNV_TSV", "data_desc": "体细胞拷贝数变异数据", "count": 1, "study": "HRA001749", "project_name": "scRNA-seq of liver cancer", "tumor_subtype": "Liver Cancer"}]
class100353	class1_tool_recommend	single_tool	结构变异检测	T053	manta_structural_variants	HRA006499	Pharmacogenomic profiling of intra-tumor heterogeneity by a large organoid biobank of liver cancer	Liver Cancer	要完成结构变异检测，手上有碱基质量校正后的比对 BAM 数据，适合的工具是什么？	推荐工具 manta_structural_variants（结构变异检测）。该工具需要输入：基因组比对 BAM 数据（另需公共参考资源：参考基因组 FASTA）。图谱中项目 Pharmacogenomic profiling of intra-tumor heterogeneity by a large organoid biobank of liver cancer 的 HRA006499（癌种：Liver Cancer）存在这些输入数据，共 763 个匹配文件（文件引用已脱敏）。	["DNA_GENOMIC_ALIGNMENT_BAM"]	["REFERENCE_GENOME_FASTA"]	["结构变异检测"]	["WES", "WGS"]		[{"semantic_format": "DNA_ALIGNMENT_BQSR_BAM", "data_desc": "碱基质量校正后的比对 BAM 数据", "count": 763, "study": "HRA006499", "project_name": "Pharmacogenomic profiling of intra-tumor heterogeneity by a large organoid biobank of liver cancer", "tumor_subtype": "Liver Cancer"}]
class100354	class1_tool_recommend	single_tool	基因融合检测	T054	star_fusion	HRA001272	Integrated genomic and transcriptomic profiling dissects spatiotemporal evolution of metastatic hepatocellular carcinoma	Hepatocellular carcinoma	基于Integrated genomic and transcriptomic profiling dissects spatiotemporal evolution of metastatic hepatocellular carcinoma的原始双端测序数据（R1）做基因融合检测，应该使用什么工具？	推荐工具 star_fusion（基因融合检测）。该工具需要输入：样本元数据、原始双端测序数据（R1）、原始双端测序数据（R2）。图谱中项目 Integrated genomic and transcriptomic profiling dissects spatiotemporal evolution of metastatic hepatocellular carcinoma 的 HRA001272（癌种：Hepatocellular carcinoma）存在这些输入数据，共 2361 个匹配文件（文件引用已脱敏）。	["METADATA_SAMPLE_INFO", "RAW_PAIRED_END_R1_FASTQ", "RAW_PAIRED_END_R2_FASTQ"]	[]	["基因融合检测"]	["Clinical", "bulk_RNA"]		[{"semantic_format": "METADATA_SAMPLE_INFO", "data_desc": "样本元数据", "count": 1, "study": "HRA001272", "project_name": "Integrated genomic and transcriptomic profiling dissects spatiotemporal evolution of metastatic hepatocellular carcinoma", "tumor_subtype": "Hepatocellular carcinoma"}, {"semantic_format": "RAW_PAIRED_END_R1_FASTQ", "data_desc": "原始双端测序数据（R1）", "count": 1180, "study": "HRA001272", "project_name": "Integrated genomic and transcriptomic profiling dissects spatiotemporal evolution of metastatic hepatocellular carcinoma", "tumor_subtype": "Hepatocellular carcinoma"}, {"semantic_format": "RAW_PAIRED_END_R2_FASTQ", "data_desc": "原始双端测序数据（R2）", "count": 1180, "study": "HRA001272", "project_name": "Integrated genomic and transcriptomic profiling dissects spatiotemporal evolution of metastatic hepatocellular carcinoma", "tumor_subtype": "Hepatocellular carcinoma"}]
class100355	class1_tool_recommend	single_tool	接头与低质量序列修剪	T001	fastp	HRA016026	Multi-omics Landscape of Central Nervous System Tumors	Lung Cancer	我想对原始双端测序数据（R1）完成接头与低质量序列修剪，应该用什么工具？	推荐工具 fastp（接头与低质量序列修剪）。该工具需要输入：原始双端测序数据（R1）、原始双端测序数据（R2）。图谱中项目 Multi-omics Landscape of Central Nervous System Tumors 的 HRA016026（癌种：Lung Cancer）存在这些输入数据，共 2768 个匹配文件（文件引用已脱敏）。	["RAW_PAIRED_END_R1_FASTQ", "RAW_PAIRED_END_R2_FASTQ"]	[]	["接头与低质量序列修剪", "测序质量评估"]	["WES"]		[{"semantic_format": "RAW_PAIRED_END_R1_FASTQ", "data_desc": "原始双端测序数据（R1）", "count": 1384, "study": "HRA016026", "project_name": "Multi-omics Landscape of Central Nervous System Tumors", "tumor_subtype": "Lung Cancer"}, {"semantic_format": "RAW_PAIRED_END_R2_FASTQ", "data_desc": "原始双端测序数据（R2）", "count": 1384, "study": "HRA016026", "project_name": "Multi-omics Landscape of Central Nervous System Tumors", "tumor_subtype": "Lung Cancer"}]
class100356	class1_tool_recommend	single_tool	测序质量评估	T002	fastqc	HRA001272	Integrated genomic and transcriptomic profiling dissects spatiotemporal evolution of metastatic hepatocellular carcinoma	Hepatocellular carcinoma	项目Integrated genomic and transcriptomic profiling dissects spatiotemporal evolution of metastatic hepatocellular carcinoma中有原始双端测序数据（R1），要完成测序质量评估，推荐使用哪个工具？	推荐工具 fastqc（测序质量评估）。该工具需要输入：原始单端测序数据。图谱中项目 Integrated genomic and transcriptomic profiling dissects spatiotemporal evolution of metastatic hepatocellular carcinoma 的 HRA001272（癌种：Hepatocellular carcinoma）存在这些输入数据，共 2360 个匹配文件（文件引用已脱敏）。	["RAW_SINGLE_END_FASTQ"]	[]	["可视化与报告", "测序质量评估"]	["WES", "WGS", "bulk_RNA", "sc-RNA"]		[{"semantic_format": "RAW_PAIRED_END_R1_FASTQ", "data_desc": "原始双端测序数据（R1）", "count": 1180, "study": "HRA001272", "project_name": "Integrated genomic and transcriptomic profiling dissects spatiotemporal evolution of metastatic hepatocellular carcinoma", "tumor_subtype": "Hepatocellular carcinoma"}, {"semantic_format": "RAW_PAIRED_END_R2_FASTQ", "data_desc": "原始双端测序数据（R2）", "count": 1180, "study": "HRA001272", "project_name": "Integrated genomic and transcriptomic profiling dissects spatiotemporal evolution of metastatic hepatocellular carcinoma", "tumor_subtype": "Hepatocellular carcinoma"}]
class100357	class1_tool_recommend	single_tool	单细胞比对与定量	T003	cellranger_workflow	HRA007167	Multi-omics of acral melanoma	Acral melanoma	我拿到了Multi-omics of acral melanoma的原始双端测序数据（R1），目标是单细胞比对与定量，应该选哪个工具？	推荐工具 cellranger_workflow（单细胞比对与定量）。该工具需要输入：基因组比对 BAM 数据、原始单端测序数据。图谱中项目 Multi-omics of acral melanoma 的 HRA007167（癌种：Acral melanoma）存在这些输入数据，共 553 个匹配文件（文件引用已脱敏）。	["DNA_GENOMIC_ALIGNMENT_BAM", "RAW_SINGLE_END_FASTQ"]	[]	["单细胞比对与定量", "可视化与报告", "测序质量评估"]	["bulk_RNA", "sc-RNA"]		[{"semantic_format": "RNA_TRANSCRIPTOME_ALIGNMENT_BAM", "data_desc": "转录组比对 BAM 数据", "count": 391, "study": "HRA007167", "project_name": "Multi-omics of acral melanoma", "tumor_subtype": "Acral melanoma"}, {"semantic_format": "RAW_PAIRED_END_R1_FASTQ", "data_desc": "原始双端测序数据（R1）", "count": 81, "study": "HRA007167", "project_name": "Multi-omics of acral melanoma", "tumor_subtype": "Acral melanoma"}, {"semantic_format": "RAW_PAIRED_END_R2_FASTQ", "data_desc": "原始双端测序数据（R2）", "count": 81, "study": "HRA007167", "project_name": "Multi-omics of acral melanoma", "tumor_subtype": "Acral melanoma"}]
class100358	class1_tool_recommend	single_tool	接头与低质量序列修剪	T004	trim_galore	HRA006117	Aging and leukemia	Acute Myeloid Leukemia	要完成接头与低质量序列修剪，手上有原始双端测序数据（R1），适合的工具是什么？	推荐工具 trim_galore（接头与低质量序列修剪）。该工具需要输入：原始双端测序数据（R1）、原始双端测序数据（R2）。图谱中项目 Aging and leukemia 的 HRA006117（癌种：Acute Myeloid Leukemia）存在这些输入数据，共 1670 个匹配文件（文件引用已脱敏）。	["RAW_PAIRED_END_R1_FASTQ", "RAW_PAIRED_END_R2_FASTQ"]	[]	["接头与低质量序列修剪"]	["bulk_RNA"]		[{"semantic_format": "RAW_PAIRED_END_R1_FASTQ", "data_desc": "原始双端测序数据（R1）", "count": 835, "study": "HRA006117", "project_name": "Aging and leukemia", "tumor_subtype": "Acute Myeloid Leukemia"}, {"semantic_format": "RAW_PAIRED_END_R2_FASTQ", "data_desc": "原始双端测序数据（R2）", "count": 835, "study": "HRA006117", "project_name": "Aging and leukemia", "tumor_subtype": "Acute Myeloid Leukemia"}]
class100359	class1_tool_recommend	single_tool	RNA序列比对	T005	star	HRA006117	Aging and leukemia	Acute Myeloid Leukemia	基于Aging and leukemia的原始双端测序数据（R1）做RNA序列比对，应该使用什么工具？	推荐工具 star（RNA序列比对）。该工具需要输入：原始双端测序数据（R1）、原始双端测序数据（R2）（另需公共参考资源：参考基因组 FASTA）。图谱中项目 Aging and leukemia 的 HRA006117（癌种：Acute Myeloid Leukemia）存在这些输入数据，共 1670 个匹配文件（文件引用已脱敏）。	["RAW_PAIRED_END_R1_FASTQ", "RAW_PAIRED_END_R2_FASTQ"]	["REFERENCE_GENOME_FASTA"]	["RNA序列比对"]	["bulk_RNA"]		[{"semantic_format": "RAW_PAIRED_END_R1_FASTQ", "data_desc": "原始双端测序数据（R1）", "count": 835, "study": "HRA006117", "project_name": "Aging and leukemia", "tumor_subtype": "Acute Myeloid Leukemia"}, {"semantic_format": "RAW_PAIRED_END_R2_FASTQ", "data_desc": "原始双端测序数据（R2）", "count": 835, "study": "HRA006117", "project_name": "Aging and leukemia", "tumor_subtype": "Acute Myeloid Leukemia"}]
class100360	class1_tool_recommend	single_tool	DNA序列比对	T006	bwa	HRA016026	Multi-omics Landscape of Central Nervous System Tumors	Lung Cancer	我想对原始双端测序数据（R1）完成DNA序列比对，应该用什么工具？	推荐工具 bwa（DNA序列比对）。该工具需要输入：原始双端测序数据（R1）、原始双端测序数据（R2）（另需公共参考资源：参考基因组 FASTA）。图谱中项目 Multi-omics Landscape of Central Nervous System Tumors 的 HRA016026（癌种：Lung Cancer）存在这些输入数据，共 2768 个匹配文件（文件引用已脱敏）。	["RAW_PAIRED_END_R1_FASTQ", "RAW_PAIRED_END_R2_FASTQ"]	["REFERENCE_GENOME_FASTA"]	["DNA序列比对"]	["WES"]		[{"semantic_format": "RAW_PAIRED_END_R1_FASTQ", "data_desc": "原始双端测序数据（R1）", "count": 1384, "study": "HRA016026", "project_name": "Multi-omics Landscape of Central Nervous System Tumors", "tumor_subtype": "Lung Cancer"}, {"semantic_format": "RAW_PAIRED_END_R2_FASTQ", "data_desc": "原始双端测序数据（R2）", "count": 1384, "study": "HRA016026", "project_name": "Multi-omics Landscape of Central Nervous System Tumors", "tumor_subtype": "Lung Cancer"}]
class100361	class1_tool_recommend	single_tool	比对后处理与去重	T007	samtools	HRA002693	Multi-center RNA sequencing analysis for acute myeloid leukemia	Acute Myeloid Leukemia	项目Multi-center RNA sequencing analysis for acute myeloid leukemia中有转录组比对 BAM 数据，要完成比对后处理与去重，推荐使用哪个工具？	推荐工具 samtools（比对后处理与去重）。该工具需要输入：基因组比对 BAM 数据。图谱中项目 Multi-center RNA sequencing analysis for acute myeloid leukemia 的 HRA002693（癌种：Acute Myeloid Leukemia）存在这些输入数据，共 442 个匹配文件（文件引用已脱敏）。	["DNA_GENOMIC_ALIGNMENT_BAM"]	[]	["比对后处理与去重"]	["WES", "WGS", "bulk_RNA"]		[{"semantic_format": "RNA_TRANSCRIPTOME_ALIGNMENT_BAM", "data_desc": "转录组比对 BAM 数据", "count": 442, "study": "HRA002693", "project_name": "Multi-center RNA sequencing analysis for acute myeloid leukemia", "tumor_subtype": "Acute Myeloid Leukemia"}]
class100362	class1_tool_recommend	single_tool	体细胞变异检测	T008	gatk	HRA016026	Multi-omics Landscape of Central Nervous System Tumors	Lung Cancer	我拿到了Multi-omics Landscape of Central Nervous System Tumors的碱基质量校正后的比对 BAM 数据，目标是体细胞变异检测，应该选哪个工具？	推荐工具 gatk（体细胞变异检测）。该工具需要输入：基因组比对 BAM 数据（另需公共参考资源：参考基因组 FASTA、目标区间列表）。图谱中项目 Multi-omics Landscape of Central Nervous System Tumors 的 HRA016026（癌种：Lung Cancer）存在这些输入数据，共 700 个匹配文件（文件引用已脱敏）。	["DNA_GENOMIC_ALIGNMENT_BAM"]	["REFERENCE_GENOME_FASTA", "TARGET_INTERVAL_LIST"]	["体细胞变异检测", "变异质量校正"]	["WES"]		[{"semantic_format": "DNA_ALIGNMENT_BQSR_BAM", "data_desc": "碱基质量校正后的比对 BAM 数据", "count": 700, "study": "HRA016026", "project_name": "Multi-omics Landscape of Central Nervous System Tumors", "tumor_subtype": "Lung Cancer"}]
class100363	class1_tool_recommend	single_tool	表达定量	T011	rsem	HRA007413	Multi-omics research of acute myeloid leukemia	Acute Myeloid Leukemia	要完成表达定量，手上有转录组比对 BAM 数据，适合的工具是什么？	推荐工具 rsem（表达定量）。该工具需要输入：转录组比对 BAM 数据。图谱中项目 Multi-omics research of acute myeloid leukemia 的 HRA007413（癌种：Acute Myeloid Leukemia）存在这些输入数据，共 3 个匹配文件（文件引用已脱敏）。	["RNA_TRANSCRIPTOME_ALIGNMENT_BAM"]	[]	["表达定量"]	["bulk_RNA"]		[{"semantic_format": "RNA_TRANSCRIPTOME_ALIGNMENT_BAM", "data_desc": "转录组比对 BAM 数据", "count": 3, "study": "HRA007413", "project_name": "Multi-omics research of acute myeloid leukemia", "tumor_subtype": "Acute Myeloid Leukemia"}]
class100364	class1_tool_recommend	single_tool	表达定量	T012	featurecounts	HRA007167	Multi-omics of acral melanoma	Acral melanoma	基于Multi-omics of acral melanoma的转录组比对 BAM 数据做表达定量，应该使用什么工具？	推荐工具 featurecounts（表达定量）。该工具需要输入：基因组比对 BAM 数据。图谱中项目 Multi-omics of acral melanoma 的 HRA007167（癌种：Acral melanoma）存在这些输入数据，共 391 个匹配文件（文件引用已脱敏）。	["DNA_GENOMIC_ALIGNMENT_BAM"]	[]	["表达定量"]	["bulk_RNA"]		[{"semantic_format": "RNA_TRANSCRIPTOME_ALIGNMENT_BAM", "data_desc": "转录组比对 BAM 数据", "count": 391, "study": "HRA007167", "project_name": "Multi-omics of acral melanoma", "tumor_subtype": "Acral melanoma"}]
class100365	class1_tool_recommend	single_tool	功能富集分析	T014	diff_expr_go	HRA006117	Aging and leukemia	Acute Myeloid Leukemia	我想对基因表达矩阵/表格数据完成功能富集分析，应该用什么工具？	推荐工具 diff_expr_go（功能富集分析）。该工具需要输入：基因表达矩阵/表格数据。图谱中项目 Aging and leukemia 的 HRA006117（癌种：Acute Myeloid Leukemia）存在这些输入数据，共 3 个匹配文件（文件引用已脱敏）。	["TABULAR_BIO_DATA"]	[]	["功能富集分析", "差异表达分析"]	["bulk_RNA"]		[{"semantic_format": "TABULAR_BIO_DATA", "data_desc": "基因表达矩阵/表格数据", "count": 3, "study": "HRA006117", "project_name": "Aging and leukemia", "tumor_subtype": "Acute Myeloid Leukemia"}]
class100366	class1_tool_recommend	single_tool	功能富集分析	T015	diff_expr_kegg	HRA006117	Aging and leukemia	Acute Myeloid Leukemia	项目Aging and leukemia中有基因表达矩阵/表格数据，要完成功能富集分析，推荐使用哪个工具？	推荐工具 diff_expr_kegg（功能富集分析）。该工具需要输入：基因表达矩阵/表格数据。图谱中项目 Aging and leukemia 的 HRA006117（癌种：Acute Myeloid Leukemia）存在这些输入数据，共 3 个匹配文件（文件引用已脱敏）。	["TABULAR_BIO_DATA"]	[]	["功能富集分析", "差异表达分析"]	["bulk_RNA"]		[{"semantic_format": "TABULAR_BIO_DATA", "data_desc": "基因表达矩阵/表格数据", "count": 3, "study": "HRA006117", "project_name": "Aging and leukemia", "tumor_subtype": "Acute Myeloid Leukemia"}]
class100367	class1_tool_recommend	single_tool	生存分析	T017	her2_pfs_survival	HRA002693	Multi-center RNA sequencing analysis for acute myeloid leukemia	Acute Myeloid Leukemia	我拿到了Multi-center RNA sequencing analysis for acute myeloid leukemia的基因表达矩阵/表格数据，目标是生存分析，应该选哪个工具？	推荐工具 her2_pfs_survival（生存分析）。该工具需要输入：临床表型数据、基因表达矩阵/表格数据。图谱中项目 Multi-center RNA sequencing analysis for acute myeloid leukemia 的 HRA002693（癌种：Acute Myeloid Leukemia）存在这些输入数据，共 4 个匹配文件（文件引用已脱敏）。	["CLINICAL_DATA_EXCEL", "TABULAR_BIO_DATA"]	[]	["可视化与报告", "生存分析"]	["Clinical", "bulk_RNA"]		[{"semantic_format": "CLINICAL_DATA_EXCEL", "data_desc": "临床表型数据", "count": 1, "study": "HRA002693", "project_name": "Multi-center RNA sequencing analysis for acute myeloid leukemia", "tumor_subtype": "Acute Myeloid Leukemia"}, {"semantic_format": "TABULAR_BIO_DATA", "data_desc": "基因表达矩阵/表格数据", "count": 3, "study": "HRA002693", "project_name": "Multi-center RNA sequencing analysis for acute myeloid leukemia", "tumor_subtype": "Acute Myeloid Leukemia"}]
class100368	class1_tool_recommend	single_tool	免疫浸润与微环境分析	T018	immune_infiltration_iobr	HRA002693	Multi-center RNA sequencing analysis for acute myeloid leukemia	Acute Myeloid Leukemia	要完成免疫浸润与微环境分析，手上有基因表达矩阵/表格数据，适合的工具是什么？	推荐工具 immune_infiltration_iobr（免疫浸润与微环境分析）。该工具需要输入：临床表型数据、基因表达矩阵/表格数据。图谱中项目 Multi-center RNA sequencing analysis for acute myeloid leukemia 的 HRA002693（癌种：Acute Myeloid Leukemia）存在这些输入数据，共 4 个匹配文件（文件引用已脱敏）。	["CLINICAL_DATA_EXCEL", "TABULAR_BIO_DATA"]	[]	["免疫浸润与微环境分析", "可视化与报告"]	["Clinical", "bulk_RNA"]		[{"semantic_format": "CLINICAL_DATA_EXCEL", "data_desc": "临床表型数据", "count": 1, "study": "HRA002693", "project_name": "Multi-center RNA sequencing analysis for acute myeloid leukemia", "tumor_subtype": "Acute Myeloid Leukemia"}, {"semantic_format": "TABULAR_BIO_DATA", "data_desc": "基因表达矩阵/表格数据", "count": 3, "study": "HRA002693", "project_name": "Multi-center RNA sequencing analysis for acute myeloid leukemia", "tumor_subtype": "Acute Myeloid Leukemia"}]
class100369	class1_tool_recommend	single_tool	序列格式转换	T019	paired_fastq_to_unmapped_bam	HRA016026	Multi-omics Landscape of Central Nervous System Tumors	Lung Cancer	基于Multi-omics Landscape of Central Nervous System Tumors的原始双端测序数据（R1）做序列格式转换，应该使用什么工具？	推荐工具 paired_fastq_to_unmapped_bam（序列格式转换）。该工具需要输入：基因组比对 BAM 数据、原始双端测序数据（R1）、原始双端测序数据（R2）。图谱中项目 Multi-omics Landscape of Central Nervous System Tumors 的 HRA016026（癌种：Lung Cancer）存在这些输入数据，共 3468 个匹配文件（文件引用已脱敏）。	["DNA_GENOMIC_ALIGNMENT_BAM", "RAW_PAIRED_END_R1_FASTQ", "RAW_PAIRED_END_R2_FASTQ"]	[]	["序列格式转换"]	["WES"]		[{"semantic_format": "DNA_ALIGNMENT_BQSR_BAM", "data_desc": "碱基质量校正后的比对 BAM 数据", "count": 700, "study": "HRA016026", "project_name": "Multi-omics Landscape of Central Nervous System Tumors", "tumor_subtype": "Lung Cancer"}, {"semantic_format": "RAW_PAIRED_END_R1_FASTQ", "data_desc": "原始双端测序数据（R1）", "count": 1384, "study": "HRA016026", "project_name": "Multi-omics Landscape of Central Nervous System Tumors", "tumor_subtype": "Lung Cancer"}, {"semantic_format": "RAW_PAIRED_END_R2_FASTQ", "data_desc": "原始双端测序数据（R2）", "count": 1384, "study": "HRA016026", "project_name": "Multi-omics Landscape of Central Nervous System Tumors", "tumor_subtype": "Lung Cancer"}]
class100370	class1_tool_recommend	single_tool	无监督聚类分析	T020	rnaseq_unsupervised_cluster	HRA006117	Aging and leukemia	Acute Myeloid Leukemia	我想对基因表达矩阵/表格数据完成无监督聚类分析，应该用什么工具？	推荐工具 rnaseq_unsupervised_cluster（无监督聚类分析）。该工具需要输入：基因表达矩阵/表格数据。图谱中项目 Aging and leukemia 的 HRA006117（癌种：Acute Myeloid Leukemia）存在这些输入数据，共 3 个匹配文件（文件引用已脱敏）。	["TABULAR_BIO_DATA"]	[]	["可视化与报告", "无监督聚类分析"]	["bulk_RNA"]		[{"semantic_format": "TABULAR_BIO_DATA", "data_desc": "基因表达矩阵/表格数据", "count": 3, "study": "HRA006117", "project_name": "Aging and leukemia", "tumor_subtype": "Acute Myeloid Leukemia"}]
class100371	class1_tool_recommend	single_tool	共表达网络分析	T024	wgcna	HRA002693	Multi-center RNA sequencing analysis for acute myeloid leukemia	Acute Myeloid Leukemia	项目Multi-center RNA sequencing analysis for acute myeloid leukemia中有基因表达矩阵/表格数据，要完成共表达网络分析，推荐使用哪个工具？	推荐工具 wgcna（共表达网络分析）。该工具需要输入：临床表型数据、基因表达矩阵/表格数据。图谱中项目 Multi-center RNA sequencing analysis for acute myeloid leukemia 的 HRA002693（癌种：Acute Myeloid Leukemia）存在这些输入数据，共 4 个匹配文件（文件引用已脱敏）。	["CLINICAL_DATA_EXCEL", "TABULAR_BIO_DATA"]	[]	["共表达网络分析"]	["Clinical", "bulk_RNA"]		[{"semantic_format": "CLINICAL_DATA_EXCEL", "data_desc": "临床表型数据", "count": 1, "study": "HRA002693", "project_name": "Multi-center RNA sequencing analysis for acute myeloid leukemia", "tumor_subtype": "Acute Myeloid Leukemia"}, {"semantic_format": "TABULAR_BIO_DATA", "data_desc": "基因表达矩阵/表格数据", "count": 3, "study": "HRA002693", "project_name": "Multi-center RNA sequencing analysis for acute myeloid leukemia", "tumor_subtype": "Acute Myeloid Leukemia"}]
class100372	class1_tool_recommend	single_tool	拷贝数变异分析	T028	cnvkit_cnv_clinical	HRA002693	Multi-center RNA sequencing analysis for acute myeloid leukemia	Acute Myeloid Leukemia	我拿到了Multi-center RNA sequencing analysis for acute myeloid leukemia的转录组比对 BAM 数据，目标是拷贝数变异分析，应该选哪个工具？	推荐工具 cnvkit_cnv_clinical（拷贝数变异分析）。该工具需要输入：基因组比对 BAM 数据。图谱中项目 Multi-center RNA sequencing analysis for acute myeloid leukemia 的 HRA002693（癌种：Acute Myeloid Leukemia）存在这些输入数据，共 442 个匹配文件（文件引用已脱敏）。	["DNA_GENOMIC_ALIGNMENT_BAM"]	[]	["可视化与报告", "拷贝数变异分析"]	["Clinical", "WES", "WGS"]		[{"semantic_format": "RNA_TRANSCRIPTOME_ALIGNMENT_BAM", "data_desc": "转录组比对 BAM 数据", "count": 442, "study": "HRA002693", "project_name": "Multi-center RNA sequencing analysis for acute myeloid leukemia", "tumor_subtype": "Acute Myeloid Leukemia"}]
class100373	class1_tool_recommend	single_tool	生存分析	T029	cox_model	HRA002693	Multi-center RNA sequencing analysis for acute myeloid leukemia	Acute Myeloid Leukemia	要完成生存分析，手上有基因表达矩阵/表格数据，适合的工具是什么？	推荐工具 cox_model（生存分析）。该工具需要输入：临床表型数据、样本元数据、基因表达矩阵/表格数据。图谱中项目 Multi-center RNA sequencing analysis for acute myeloid leukemia 的 HRA002693（癌种：Acute Myeloid Leukemia）存在这些输入数据，共 5 个匹配文件（文件引用已脱敏）。	["CLINICAL_DATA_EXCEL", "METADATA_SAMPLE_INFO", "TABULAR_BIO_DATA"]	[]	["生存分析"]	["Clinical", "bulk_RNA"]		[{"semantic_format": "CLINICAL_DATA_EXCEL", "data_desc": "临床表型数据", "count": 1, "study": "HRA002693", "project_name": "Multi-center RNA sequencing analysis for acute myeloid leukemia", "tumor_subtype": "Acute Myeloid Leukemia"}, {"semantic_format": "METADATA_SAMPLE_INFO", "data_desc": "样本元数据", "count": 1, "study": "HRA002693", "project_name": "Multi-center RNA sequencing analysis for acute myeloid leukemia", "tumor_subtype": "Acute Myeloid Leukemia"}, {"semantic_format": "TABULAR_BIO_DATA", "data_desc": "基因表达矩阵/表格数据", "count": 3, "study": "HRA002693", "project_name": "Multi-center RNA sequencing analysis for acute myeloid leukemia", "tumor_subtype": "Acute Myeloid Leukemia"}]
class100374	class1_tool_recommend	single_tool	功能富集分析	T032	de_enrichment	HRA002693	Multi-center RNA sequencing analysis for acute myeloid leukemia	Acute Myeloid Leukemia	基于Multi-center RNA sequencing analysis for acute myeloid leukemia的基因表达矩阵/表格数据做功能富集分析，应该使用什么工具？	推荐工具 de_enrichment（功能富集分析）。该工具需要输入：临床表型数据、样本元数据、基因表达矩阵/表格数据。图谱中项目 Multi-center RNA sequencing analysis for acute myeloid leukemia 的 HRA002693（癌种：Acute Myeloid Leukemia）存在这些输入数据，共 5 个匹配文件（文件引用已脱敏）。	["CLINICAL_DATA_EXCEL", "METADATA_SAMPLE_INFO", "TABULAR_BIO_DATA"]	[]	["功能富集分析", "可视化与报告", "差异表达分析"]	["Clinical", "bulk_RNA"]		[{"semantic_format": "CLINICAL_DATA_EXCEL", "data_desc": "临床表型数据", "count": 1, "study": "HRA002693", "project_name": "Multi-center RNA sequencing analysis for acute myeloid leukemia", "tumor_subtype": "Acute Myeloid Leukemia"}, {"semantic_format": "METADATA_SAMPLE_INFO", "data_desc": "样本元数据", "count": 1, "study": "HRA002693", "project_name": "Multi-center RNA sequencing analysis for acute myeloid leukemia", "tumor_subtype": "Acute Myeloid Leukemia"}, {"semantic_format": "TABULAR_BIO_DATA", "data_desc": "基因表达矩阵/表格数据", "count": 3, "study": "HRA002693", "project_name": "Multi-center RNA sequencing analysis for acute myeloid leukemia", "tumor_subtype": "Acute Myeloid Leukemia"}]
class100375	class1_tool_recommend	single_tool	功能富集分析	T033	deg_enrichment	HRA002693	Multi-center RNA sequencing analysis for acute myeloid leukemia	Acute Myeloid Leukemia	我想对基因表达矩阵/表格数据完成功能富集分析，应该用什么工具？	推荐工具 deg_enrichment（功能富集分析）。该工具需要输入：临床表型数据、样本元数据、基因表达矩阵/表格数据。图谱中项目 Multi-center RNA sequencing analysis for acute myeloid leukemia 的 HRA002693（癌种：Acute Myeloid Leukemia）存在这些输入数据，共 5 个匹配文件（文件引用已脱敏）。	["CLINICAL_DATA_EXCEL", "METADATA_SAMPLE_INFO", "TABULAR_BIO_DATA"]	[]	["功能富集分析", "差异表达分析"]	["Clinical", "bulk_RNA"]		[{"semantic_format": "CLINICAL_DATA_EXCEL", "data_desc": "临床表型数据", "count": 1, "study": "HRA002693", "project_name": "Multi-center RNA sequencing analysis for acute myeloid leukemia", "tumor_subtype": "Acute Myeloid Leukemia"}, {"semantic_format": "METADATA_SAMPLE_INFO", "data_desc": "样本元数据", "count": 1, "study": "HRA002693", "project_name": "Multi-center RNA sequencing analysis for acute myeloid leukemia", "tumor_subtype": "Acute Myeloid Leukemia"}, {"semantic_format": "TABULAR_BIO_DATA", "data_desc": "基因表达矩阵/表格数据", "count": 3, "study": "HRA002693", "project_name": "Multi-center RNA sequencing analysis for acute myeloid leukemia", "tumor_subtype": "Acute Myeloid Leukemia"}]
class100376	class1_tool_recommend	single_tool	差异表达分析	T034	deg_trend	HRA002693	Multi-center RNA sequencing analysis for acute myeloid leukemia	Acute Myeloid Leukemia	项目Multi-center RNA sequencing analysis for acute myeloid leukemia中有基因表达矩阵/表格数据，要完成差异表达分析，推荐使用哪个工具？	推荐工具 deg_trend（差异表达分析）。该工具需要输入：临床表型数据、样本元数据、基因表达矩阵/表格数据。图谱中项目 Multi-center RNA sequencing analysis for acute myeloid leukemia 的 HRA002693（癌种：Acute Myeloid Leukemia）存在这些输入数据，共 5 个匹配文件（文件引用已脱敏）。	["CLINICAL_DATA_EXCEL", "METADATA_SAMPLE_INFO", "TABULAR_BIO_DATA"]	[]	["可视化与报告", "差异表达分析"]	["Clinical", "bulk_RNA"]		[{"semantic_format": "CLINICAL_DATA_EXCEL", "data_desc": "临床表型数据", "count": 1, "study": "HRA002693", "project_name": "Multi-center RNA sequencing analysis for acute myeloid leukemia", "tumor_subtype": "Acute Myeloid Leukemia"}, {"semantic_format": "METADATA_SAMPLE_INFO", "data_desc": "样本元数据", "count": 1, "study": "HRA002693", "project_name": "Multi-center RNA sequencing analysis for acute myeloid leukemia", "tumor_subtype": "Acute Myeloid Leukemia"}, {"semantic_format": "TABULAR_BIO_DATA", "data_desc": "基因表达矩阵/表格数据", "count": 3, "study": "HRA002693", "project_name": "Multi-center RNA sequencing analysis for acute myeloid leukemia", "tumor_subtype": "Acute Myeloid Leukemia"}]
class100377	class1_tool_recommend	single_tool	可视化与报告	T035	gene_boxplot	HRA002693	Multi-center RNA sequencing analysis for acute myeloid leukemia	Acute Myeloid Leukemia	我拿到了Multi-center RNA sequencing analysis for acute myeloid leukemia的基因表达矩阵/表格数据，目标是可视化与报告，应该选哪个工具？	推荐工具 gene_boxplot（可视化与报告）。该工具需要输入：临床表型数据、样本元数据、基因表达矩阵/表格数据。图谱中项目 Multi-center RNA sequencing analysis for acute myeloid leukemia 的 HRA002693（癌种：Acute Myeloid Leukemia）存在这些输入数据，共 5 个匹配文件（文件引用已脱敏）。	["CLINICAL_DATA_EXCEL", "METADATA_SAMPLE_INFO", "TABULAR_BIO_DATA"]	[]	["可视化与报告"]	["Clinical", "bulk_RNA"]		[{"semantic_format": "CLINICAL_DATA_EXCEL", "data_desc": "临床表型数据", "count": 1, "study": "HRA002693", "project_name": "Multi-center RNA sequencing analysis for acute myeloid leukemia", "tumor_subtype": "Acute Myeloid Leukemia"}, {"semantic_format": "METADATA_SAMPLE_INFO", "data_desc": "样本元数据", "count": 1, "study": "HRA002693", "project_name": "Multi-center RNA sequencing analysis for acute myeloid leukemia", "tumor_subtype": "Acute Myeloid Leukemia"}, {"semantic_format": "TABULAR_BIO_DATA", "data_desc": "基因表达矩阵/表格数据", "count": 3, "study": "HRA002693", "project_name": "Multi-center RNA sequencing analysis for acute myeloid leukemia", "tumor_subtype": "Acute Myeloid Leukemia"}]
class100378	class1_tool_recommend	single_tool	功能富集分析	T036	gsea_pathway_enrichment	HRA002693	Multi-center RNA sequencing analysis for acute myeloid leukemia	Acute Myeloid Leukemia	要完成功能富集分析，手上有基因表达矩阵/表格数据，适合的工具是什么？	推荐工具 gsea_pathway_enrichment（功能富集分析）。该工具需要输入：基因表达矩阵/表格数据。图谱中项目 Multi-center RNA sequencing analysis for acute myeloid leukemia 的 HRA002693（癌种：Acute Myeloid Leukemia）存在这些输入数据，共 3 个匹配文件（文件引用已脱敏）。	["TABULAR_BIO_DATA"]	[]	["功能富集分析"]	["Clinical", "bulk_RNA"]		[{"semantic_format": "TABULAR_BIO_DATA", "data_desc": "基因表达矩阵/表格数据", "count": 3, "study": "HRA002693", "project_name": "Multi-center RNA sequencing analysis for acute myeloid leukemia", "tumor_subtype": "Acute Myeloid Leukemia"}]
class100379	class1_tool_recommend	single_tool	生存分析	T040	km_survival	HRA002693	Multi-center RNA sequencing analysis for acute myeloid leukemia	Acute Myeloid Leukemia	基于Multi-center RNA sequencing analysis for acute myeloid leukemia的基因表达矩阵/表格数据做生存分析，应该使用什么工具？	推荐工具 km_survival（生存分析）。该工具需要输入：临床表型数据、样本元数据、基因表达矩阵/表格数据。图谱中项目 Multi-center RNA sequencing analysis for acute myeloid leukemia 的 HRA002693（癌种：Acute Myeloid Leukemia）存在这些输入数据，共 5 个匹配文件（文件引用已脱敏）。	["CLINICAL_DATA_EXCEL", "METADATA_SAMPLE_INFO", "TABULAR_BIO_DATA"]	[]	["可视化与报告", "生存分析"]	["Clinical", "bulk_RNA"]		[{"semantic_format": "CLINICAL_DATA_EXCEL", "data_desc": "临床表型数据", "count": 1, "study": "HRA002693", "project_name": "Multi-center RNA sequencing analysis for acute myeloid leukemia", "tumor_subtype": "Acute Myeloid Leukemia"}, {"semantic_format": "METADATA_SAMPLE_INFO", "data_desc": "样本元数据", "count": 1, "study": "HRA002693", "project_name": "Multi-center RNA sequencing analysis for acute myeloid leukemia", "tumor_subtype": "Acute Myeloid Leukemia"}, {"semantic_format": "TABULAR_BIO_DATA", "data_desc": "基因表达矩阵/表格数据", "count": 3, "study": "HRA002693", "project_name": "Multi-center RNA sequencing analysis for acute myeloid leukemia", "tumor_subtype": "Acute Myeloid Leukemia"}]
class100380	class1_tool_recommend	single_tool	表达矩阵预处理与归一化	T042	preprocess_counts	HRA006117	Aging and leukemia	Acute Myeloid Leukemia	我想对基因表达矩阵/表格数据完成表达矩阵预处理与归一化，应该用什么工具？	推荐工具 preprocess_counts（表达矩阵预处理与归一化）。该工具需要输入：基因表达矩阵/表格数据。图谱中项目 Aging and leukemia 的 HRA006117（癌种：Acute Myeloid Leukemia）存在这些输入数据，共 3 个匹配文件（文件引用已脱敏）。	["TABULAR_BIO_DATA"]	[]	["表达矩阵预处理与归一化"]	["bulk_RNA"]		[{"semantic_format": "TABULAR_BIO_DATA", "data_desc": "基因表达矩阵/表格数据", "count": 3, "study": "HRA006117", "project_name": "Aging and leukemia", "tumor_subtype": "Acute Myeloid Leukemia"}]
class100381	class1_tool_recommend	single_tool	可变剪接分析	T043	rmats_alternative_splicing	HRA007413	Multi-omics research of acute myeloid leukemia	Acute Myeloid Leukemia	项目Multi-omics research of acute myeloid leukemia中有转录组比对 BAM 数据，要完成可变剪接分析，推荐使用哪个工具？	推荐工具 rmats_alternative_splicing（可变剪接分析）。该工具需要输入：转录组比对 BAM 数据（另需公共参考资源：参考基因组 FASTA）。图谱中项目 Multi-omics research of acute myeloid leukemia 的 HRA007413（癌种：Acute Myeloid Leukemia）存在这些输入数据，共 3 个匹配文件（文件引用已脱敏）。	["RNA_TRANSCRIPTOME_ALIGNMENT_BAM"]	["REFERENCE_GENOME_FASTA"]	["可变剪接分析"]	["bulk_RNA"]		[{"semantic_format": "RNA_TRANSCRIPTOME_ALIGNMENT_BAM", "data_desc": "转录组比对 BAM 数据", "count": 3, "study": "HRA007413", "project_name": "Multi-omics research of acute myeloid leukemia", "tumor_subtype": "Acute Myeloid Leukemia"}]
class100382	class1_tool_recommend	single_tool	RNA序列比对	T044	rnaseq_singletask	HRA006117	Aging and leukemia	Acute Myeloid Leukemia	我拿到了Aging and leukemia的原始双端测序数据（R1），目标是RNA序列比对，应该选哪个工具？	推荐工具 rnaseq_singletask（RNA序列比对）。该工具需要输入：原始双端测序数据（R1）、原始双端测序数据（R2）（另需公共参考资源：参考基因组 FASTA）。图谱中项目 Aging and leukemia 的 HRA006117（癌种：Acute Myeloid Leukemia）存在这些输入数据，共 1670 个匹配文件（文件引用已脱敏）。	["RAW_PAIRED_END_R1_FASTQ", "RAW_PAIRED_END_R2_FASTQ"]	["REFERENCE_GENOME_FASTA"]	["RNA序列比对", "接头与低质量序列修剪", "测序质量评估", "表达定量"]	["bulk_RNA"]		[{"semantic_format": "RAW_PAIRED_END_R1_FASTQ", "data_desc": "原始双端测序数据（R1）", "count": 835, "study": "HRA006117", "project_name": "Aging and leukemia", "tumor_subtype": "Acute Myeloid Leukemia"}, {"semantic_format": "RAW_PAIRED_END_R2_FASTQ", "data_desc": "原始双端测序数据（R2）", "count": 835, "study": "HRA006117", "project_name": "Aging and leukemia", "tumor_subtype": "Acute Myeloid Leukemia"}]
class100383	class1_tool_recommend	single_tool	可视化与报告	T046	stage_heatmap	HRA002693	Multi-center RNA sequencing analysis for acute myeloid leukemia	Acute Myeloid Leukemia	要完成可视化与报告，手上有基因表达矩阵/表格数据，适合的工具是什么？	推荐工具 stage_heatmap（可视化与报告）。该工具需要输入：临床表型数据、样本元数据、基因表达矩阵/表格数据。图谱中项目 Multi-center RNA sequencing analysis for acute myeloid leukemia 的 HRA002693（癌种：Acute Myeloid Leukemia）存在这些输入数据，共 5 个匹配文件（文件引用已脱敏）。	["CLINICAL_DATA_EXCEL", "METADATA_SAMPLE_INFO", "TABULAR_BIO_DATA"]	[]	["可视化与报告"]	["Clinical", "bulk_RNA"]		[{"semantic_format": "CLINICAL_DATA_EXCEL", "data_desc": "临床表型数据", "count": 1, "study": "HRA002693", "project_name": "Multi-center RNA sequencing analysis for acute myeloid leukemia", "tumor_subtype": "Acute Myeloid Leukemia"}, {"semantic_format": "METADATA_SAMPLE_INFO", "data_desc": "样本元数据", "count": 1, "study": "HRA002693", "project_name": "Multi-center RNA sequencing analysis for acute myeloid leukemia", "tumor_subtype": "Acute Myeloid Leukemia"}, {"semantic_format": "TABULAR_BIO_DATA", "data_desc": "基因表达矩阵/表格数据", "count": 3, "study": "HRA002693", "project_name": "Multi-center RNA sequencing analysis for acute myeloid leukemia", "tumor_subtype": "Acute Myeloid Leukemia"}]
class100384	class1_tool_recommend	single_tool	可视化与报告	T048	umap	HRA002693	Multi-center RNA sequencing analysis for acute myeloid leukemia	Acute Myeloid Leukemia	基于Multi-center RNA sequencing analysis for acute myeloid leukemia的基因表达矩阵/表格数据做可视化与报告，应该使用什么工具？	推荐工具 umap（可视化与报告）。该工具需要输入：临床表型数据、样本元数据、基因表达矩阵/表格数据。图谱中项目 Multi-center RNA sequencing analysis for acute myeloid leukemia 的 HRA002693（癌种：Acute Myeloid Leukemia）存在这些输入数据，共 5 个匹配文件（文件引用已脱敏）。	["CLINICAL_DATA_EXCEL", "METADATA_SAMPLE_INFO", "TABULAR_BIO_DATA"]	[]	["可视化与报告"]	["Clinical", "bulk_RNA"]		[{"semantic_format": "CLINICAL_DATA_EXCEL", "data_desc": "临床表型数据", "count": 1, "study": "HRA002693", "project_name": "Multi-center RNA sequencing analysis for acute myeloid leukemia", "tumor_subtype": "Acute Myeloid Leukemia"}, {"semantic_format": "METADATA_SAMPLE_INFO", "data_desc": "样本元数据", "count": 1, "study": "HRA002693", "project_name": "Multi-center RNA sequencing analysis for acute myeloid leukemia", "tumor_subtype": "Acute Myeloid Leukemia"}, {"semantic_format": "TABULAR_BIO_DATA", "data_desc": "基因表达矩阵/表格数据", "count": 3, "study": "HRA002693", "project_name": "Multi-center RNA sequencing analysis for acute myeloid leukemia", "tumor_subtype": "Acute Myeloid Leukemia"}]
class100385	class1_tool_recommend	single_tool	共表达网络分析	T050	wgcna_hub	HRA002693	Multi-center RNA sequencing analysis for acute myeloid leukemia	Acute Myeloid Leukemia	我想对基因表达矩阵/表格数据完成共表达网络分析，应该用什么工具？	推荐工具 wgcna_hub（共表达网络分析）。该工具需要输入：临床表型数据、样本元数据、基因表达矩阵/表格数据。图谱中项目 Multi-center RNA sequencing analysis for acute myeloid leukemia 的 HRA002693（癌种：Acute Myeloid Leukemia）存在这些输入数据，共 5 个匹配文件（文件引用已脱敏）。	["CLINICAL_DATA_EXCEL", "METADATA_SAMPLE_INFO", "TABULAR_BIO_DATA"]	[]	["共表达网络分析"]	["Clinical", "bulk_RNA"]		[{"semantic_format": "CLINICAL_DATA_EXCEL", "data_desc": "临床表型数据", "count": 1, "study": "HRA002693", "project_name": "Multi-center RNA sequencing analysis for acute myeloid leukemia", "tumor_subtype": "Acute Myeloid Leukemia"}, {"semantic_format": "METADATA_SAMPLE_INFO", "data_desc": "样本元数据", "count": 1, "study": "HRA002693", "project_name": "Multi-center RNA sequencing analysis for acute myeloid leukemia", "tumor_subtype": "Acute Myeloid Leukemia"}, {"semantic_format": "TABULAR_BIO_DATA", "data_desc": "基因表达矩阵/表格数据", "count": 3, "study": "HRA002693", "project_name": "Multi-center RNA sequencing analysis for acute myeloid leukemia", "tumor_subtype": "Acute Myeloid Leukemia"}]
class100386	class1_tool_recommend	single_tool	共表达网络分析	T051	wgcna_module_trait	HRA002693	Multi-center RNA sequencing analysis for acute myeloid leukemia	Acute Myeloid Leukemia	项目Multi-center RNA sequencing analysis for acute myeloid leukemia中有基因表达矩阵/表格数据，要完成共表达网络分析，推荐使用哪个工具？	推荐工具 wgcna_module_trait（共表达网络分析）。该工具需要输入：临床表型数据、样本元数据、基因表达矩阵/表格数据。图谱中项目 Multi-center RNA sequencing analysis for acute myeloid leukemia 的 HRA002693（癌种：Acute Myeloid Leukemia）存在这些输入数据，共 5 个匹配文件（文件引用已脱敏）。	["CLINICAL_DATA_EXCEL", "METADATA_SAMPLE_INFO", "TABULAR_BIO_DATA"]	[]	["共表达网络分析"]	["Clinical", "bulk_RNA"]		[{"semantic_format": "CLINICAL_DATA_EXCEL", "data_desc": "临床表型数据", "count": 1, "study": "HRA002693", "project_name": "Multi-center RNA sequencing analysis for acute myeloid leukemia", "tumor_subtype": "Acute Myeloid Leukemia"}, {"semantic_format": "METADATA_SAMPLE_INFO", "data_desc": "样本元数据", "count": 1, "study": "HRA002693", "project_name": "Multi-center RNA sequencing analysis for acute myeloid leukemia", "tumor_subtype": "Acute Myeloid Leukemia"}, {"semantic_format": "TABULAR_BIO_DATA", "data_desc": "基因表达矩阵/表格数据", "count": 3, "study": "HRA002693", "project_name": "Multi-center RNA sequencing analysis for acute myeloid leukemia", "tumor_subtype": "Acute Myeloid Leukemia"}]
class100387	class1_tool_recommend	single_tool	结构变异检测	T053	manta_structural_variants	HRA007169	Multi-omics of acral melanoma	Acral melanoma	我拿到了Multi-omics of acral melanoma的碱基质量校正后的比对 BAM 数据，目标是结构变异检测，应该选哪个工具？	推荐工具 manta_structural_variants（结构变异检测）。该工具需要输入：基因组比对 BAM 数据（另需公共参考资源：参考基因组 FASTA）。图谱中项目 Multi-omics of acral melanoma 的 HRA007169（癌种：Acral melanoma）存在这些输入数据，共 168 个匹配文件（文件引用已脱敏）。	["DNA_GENOMIC_ALIGNMENT_BAM"]	["REFERENCE_GENOME_FASTA"]	["结构变异检测"]	["WES", "WGS"]		[{"semantic_format": "DNA_ALIGNMENT_BQSR_BAM", "data_desc": "碱基质量校正后的比对 BAM 数据", "count": 168, "study": "HRA007169", "project_name": "Multi-omics of acral melanoma", "tumor_subtype": "Acral melanoma"}]
class100388	class1_tool_recommend	single_tool	基因融合检测	T054	star_fusion	HRA001748	scRNA-seq of liver cancer	Liver Cancer	要完成基因融合检测，手上有原始双端测序数据（R1），适合的工具是什么？	推荐工具 star_fusion（基因融合检测）。该工具需要输入：样本元数据、原始双端测序数据（R1）、原始双端测序数据（R2）。图谱中项目 scRNA-seq of liver cancer 的 HRA001748（癌种：Liver Cancer）存在这些输入数据，共 322 个匹配文件（文件引用已脱敏）。	["METADATA_SAMPLE_INFO", "RAW_PAIRED_END_R1_FASTQ", "RAW_PAIRED_END_R2_FASTQ"]	[]	["基因融合检测"]	["Clinical", "bulk_RNA"]		[{"semantic_format": "METADATA_SAMPLE_INFO", "data_desc": "样本元数据", "count": 2, "study": "HRA001748", "project_name": "scRNA-seq of liver cancer", "tumor_subtype": "Liver Cancer"}, {"semantic_format": "RAW_PAIRED_END_R1_FASTQ", "data_desc": "原始双端测序数据（R1）", "count": 160, "study": "HRA001748", "project_name": "scRNA-seq of liver cancer", "tumor_subtype": "Liver Cancer"}, {"semantic_format": "RAW_PAIRED_END_R2_FASTQ", "data_desc": "原始双端测序数据（R2）", "count": 160, "study": "HRA001748", "project_name": "scRNA-seq of liver cancer", "tumor_subtype": "Liver Cancer"}]
class100389	class1_tool_recommend	single_tool	测序质量评估	T002	fastqc	HRA001748	scRNA-seq of liver cancer	Liver Cancer	基于scRNA-seq of liver cancer的原始双端测序数据（R1）做测序质量评估，应该使用什么工具？	推荐工具 fastqc（测序质量评估）。该工具需要输入：原始单端测序数据。图谱中项目 scRNA-seq of liver cancer 的 HRA001748（癌种：Liver Cancer）存在这些输入数据，共 320 个匹配文件（文件引用已脱敏）。	["RAW_SINGLE_END_FASTQ"]	[]	["可视化与报告", "测序质量评估"]	["WES", "WGS", "bulk_RNA", "sc-RNA"]		[{"semantic_format": "RAW_PAIRED_END_R1_FASTQ", "data_desc": "原始双端测序数据（R1）", "count": 160, "study": "HRA001748", "project_name": "scRNA-seq of liver cancer", "tumor_subtype": "Liver Cancer"}, {"semantic_format": "RAW_PAIRED_END_R2_FASTQ", "data_desc": "原始双端测序数据（R2）", "count": 160, "study": "HRA001748", "project_name": "scRNA-seq of liver cancer", "tumor_subtype": "Liver Cancer"}]
class100390	class1_tool_recommend	single_tool	单细胞比对与定量	T003	cellranger_workflow	HRA007413	Multi-omics research of acute myeloid leukemia	Acute Myeloid Leukemia	我想对原始双端测序数据（R1）完成单细胞比对与定量，应该用什么工具？	推荐工具 cellranger_workflow（单细胞比对与定量）。该工具需要输入：基因组比对 BAM 数据、原始单端测序数据。图谱中项目 Multi-omics research of acute myeloid leukemia 的 HRA007413（癌种：Acute Myeloid Leukemia）存在这些输入数据，共 1471 个匹配文件（文件引用已脱敏）。	["DNA_GENOMIC_ALIGNMENT_BAM", "RAW_SINGLE_END_FASTQ"]	[]	["单细胞比对与定量", "可视化与报告", "测序质量评估"]	["bulk_RNA", "sc-RNA"]		[{"semantic_format": "RNA_TRANSCRIPTOME_ALIGNMENT_BAM", "data_desc": "转录组比对 BAM 数据", "count": 3, "study": "HRA007413", "project_name": "Multi-omics research of acute myeloid leukemia", "tumor_subtype": "Acute Myeloid Leukemia"}, {"semantic_format": "RAW_PAIRED_END_R1_FASTQ", "data_desc": "原始双端测序数据（R1）", "count": 734, "study": "HRA007413", "project_name": "Multi-omics research of acute myeloid leukemia", "tumor_subtype": "Acute Myeloid Leukemia"}, {"semantic_format": "RAW_PAIRED_END_R2_FASTQ", "data_desc": "原始双端测序数据（R2）", "count": 734, "study": "HRA007413", "project_name": "Multi-omics research of acute myeloid leukemia", "tumor_subtype": "Acute Myeloid Leukemia"}]
class100391	class1_tool_recommend	single_tool	接头与低质量序列修剪	T004	trim_galore	HRA006499	Pharmacogenomic profiling of intra-tumor heterogeneity by a large organoid biobank of liver cancer	Liver Cancer	项目Pharmacogenomic profiling of intra-tumor heterogeneity by a large organoid biobank of liver cancer中有原始双端测序数据（R1），要完成接头与低质量序列修剪，推荐使用哪个工具？	推荐工具 trim_galore（接头与低质量序列修剪）。该工具需要输入：原始双端测序数据（R1）、原始双端测序数据（R2）。图谱中项目 Pharmacogenomic profiling of intra-tumor heterogeneity by a large organoid biobank of liver cancer 的 HRA006499（癌种：Liver Cancer）存在这些输入数据，共 1526 个匹配文件（文件引用已脱敏）。	["RAW_PAIRED_END_R1_FASTQ", "RAW_PAIRED_END_R2_FASTQ"]	[]	["接头与低质量序列修剪"]	["bulk_RNA"]		[{"semantic_format": "RAW_PAIRED_END_R1_FASTQ", "data_desc": "原始双端测序数据（R1）", "count": 763, "study": "HRA006499", "project_name": "Pharmacogenomic profiling of intra-tumor heterogeneity by a large organoid biobank of liver cancer", "tumor_subtype": "Liver Cancer"}, {"semantic_format": "RAW_PAIRED_END_R2_FASTQ", "data_desc": "原始双端测序数据（R2）", "count": 763, "study": "HRA006499", "project_name": "Pharmacogenomic profiling of intra-tumor heterogeneity by a large organoid biobank of liver cancer", "tumor_subtype": "Liver Cancer"}]
class100392	class1_tool_recommend	single_tool	RNA序列比对	T005	star	HRA006499	Pharmacogenomic profiling of intra-tumor heterogeneity by a large organoid biobank of liver cancer	Liver Cancer	我拿到了Pharmacogenomic profiling of intra-tumor heterogeneity by a large organoid biobank of liver cancer的原始双端测序数据（R1），目标是RNA序列比对，应该选哪个工具？	推荐工具 star（RNA序列比对）。该工具需要输入：原始双端测序数据（R1）、原始双端测序数据（R2）（另需公共参考资源：参考基因组 FASTA）。图谱中项目 Pharmacogenomic profiling of intra-tumor heterogeneity by a large organoid biobank of liver cancer 的 HRA006499（癌种：Liver Cancer）存在这些输入数据，共 1526 个匹配文件（文件引用已脱敏）。	["RAW_PAIRED_END_R1_FASTQ", "RAW_PAIRED_END_R2_FASTQ"]	["REFERENCE_GENOME_FASTA"]	["RNA序列比对"]	["bulk_RNA"]		[{"semantic_format": "RAW_PAIRED_END_R1_FASTQ", "data_desc": "原始双端测序数据（R1）", "count": 763, "study": "HRA006499", "project_name": "Pharmacogenomic profiling of intra-tumor heterogeneity by a large organoid biobank of liver cancer", "tumor_subtype": "Liver Cancer"}, {"semantic_format": "RAW_PAIRED_END_R2_FASTQ", "data_desc": "原始双端测序数据（R2）", "count": 763, "study": "HRA006499", "project_name": "Pharmacogenomic profiling of intra-tumor heterogeneity by a large organoid biobank of liver cancer", "tumor_subtype": "Liver Cancer"}]
class100393	class1_tool_recommend	single_tool	比对后处理与去重	T007	samtools	HRA003107	Multi-omics integrative analysis of esophageal squamous carcinoma	Esophageal Squamous Cell Carcinoma	要完成比对后处理与去重，手上有转录组比对 BAM 数据，适合的工具是什么？	推荐工具 samtools（比对后处理与去重）。该工具需要输入：基因组比对 BAM 数据。图谱中项目 Multi-omics integrative analysis of esophageal squamous carcinoma 的 HRA003107（癌种：Esophageal Squamous Cell Carcinoma）存在这些输入数据，共 310 个匹配文件（文件引用已脱敏）。	["DNA_GENOMIC_ALIGNMENT_BAM"]	[]	["比对后处理与去重"]	["WES", "WGS", "bulk_RNA"]		[{"semantic_format": "RNA_TRANSCRIPTOME_ALIGNMENT_BAM", "data_desc": "转录组比对 BAM 数据", "count": 310, "study": "HRA003107", "project_name": "Multi-omics integrative analysis of esophageal squamous carcinoma", "tumor_subtype": "Esophageal Squamous Cell Carcinoma"}]
class100394	class1_tool_recommend	single_tool	表达定量	T012	featurecounts	HRA007413	Multi-omics research of acute myeloid leukemia	Acute Myeloid Leukemia	基于Multi-omics research of acute myeloid leukemia的转录组比对 BAM 数据做表达定量，应该使用什么工具？	推荐工具 featurecounts（表达定量）。该工具需要输入：基因组比对 BAM 数据。图谱中项目 Multi-omics research of acute myeloid leukemia 的 HRA007413（癌种：Acute Myeloid Leukemia）存在这些输入数据，共 3 个匹配文件（文件引用已脱敏）。	["DNA_GENOMIC_ALIGNMENT_BAM"]	[]	["表达定量"]	["bulk_RNA"]		[{"semantic_format": "RNA_TRANSCRIPTOME_ALIGNMENT_BAM", "data_desc": "转录组比对 BAM 数据", "count": 3, "study": "HRA007413", "project_name": "Multi-omics research of acute myeloid leukemia", "tumor_subtype": "Acute Myeloid Leukemia"}]
class100395	class1_tool_recommend	single_tool	功能富集分析	T014	diff_expr_go	HRA007167	Multi-omics of acral melanoma	Acral melanoma	我想对基因表达矩阵/表格数据完成功能富集分析，应该用什么工具？	推荐工具 diff_expr_go（功能富集分析）。该工具需要输入：基因表达矩阵/表格数据。图谱中项目 Multi-omics of acral melanoma 的 HRA007167（癌种：Acral melanoma）存在这些输入数据，共 3 个匹配文件（文件引用已脱敏）。	["TABULAR_BIO_DATA"]	[]	["功能富集分析", "差异表达分析"]	["bulk_RNA"]		[{"semantic_format": "TABULAR_BIO_DATA", "data_desc": "基因表达矩阵/表格数据", "count": 3, "study": "HRA007167", "project_name": "Multi-omics of acral melanoma", "tumor_subtype": "Acral melanoma"}]
class100396	class1_tool_recommend	single_tool	功能富集分析	T015	diff_expr_kegg	HRA007167	Multi-omics of acral melanoma	Acral melanoma	项目Multi-omics of acral melanoma中有基因表达矩阵/表格数据，要完成功能富集分析，推荐使用哪个工具？	推荐工具 diff_expr_kegg（功能富集分析）。该工具需要输入：基因表达矩阵/表格数据。图谱中项目 Multi-omics of acral melanoma 的 HRA007167（癌种：Acral melanoma）存在这些输入数据，共 3 个匹配文件（文件引用已脱敏）。	["TABULAR_BIO_DATA"]	[]	["功能富集分析", "差异表达分析"]	["bulk_RNA"]		[{"semantic_format": "TABULAR_BIO_DATA", "data_desc": "基因表达矩阵/表格数据", "count": 3, "study": "HRA007167", "project_name": "Multi-omics of acral melanoma", "tumor_subtype": "Acral melanoma"}]
class100397	class1_tool_recommend	single_tool	生存分析	T017	her2_pfs_survival	HRA003107	Multi-omics integrative analysis of esophageal squamous carcinoma	Esophageal Squamous Cell Carcinoma	我拿到了Multi-omics integrative analysis of esophageal squamous carcinoma的基因表达矩阵/表格数据，目标是生存分析，应该选哪个工具？	推荐工具 her2_pfs_survival（生存分析）。该工具需要输入：临床表型数据、基因表达矩阵/表格数据。图谱中项目 Multi-omics integrative analysis of esophageal squamous carcinoma 的 HRA003107（癌种：Esophageal Squamous Cell Carcinoma）存在这些输入数据，共 4 个匹配文件（文件引用已脱敏）。	["CLINICAL_DATA_EXCEL", "TABULAR_BIO_DATA"]	[]	["可视化与报告", "生存分析"]	["Clinical", "bulk_RNA"]		[{"semantic_format": "CLINICAL_DATA_EXCEL", "data_desc": "临床表型数据", "count": 1, "study": "HRA003107", "project_name": "Multi-omics integrative analysis of esophageal squamous carcinoma", "tumor_subtype": "Esophageal Squamous Cell Carcinoma"}, {"semantic_format": "TABULAR_BIO_DATA", "data_desc": "基因表达矩阵/表格数据", "count": 3, "study": "HRA003107", "project_name": "Multi-omics integrative analysis of esophageal squamous carcinoma", "tumor_subtype": "Esophageal Squamous Cell Carcinoma"}]
class100398	class1_tool_recommend	single_tool	免疫浸润与微环境分析	T018	immune_infiltration_iobr	HRA003107	Multi-omics integrative analysis of esophageal squamous carcinoma	Esophageal Squamous Cell Carcinoma	要完成免疫浸润与微环境分析，手上有基因表达矩阵/表格数据，适合的工具是什么？	推荐工具 immune_infiltration_iobr（免疫浸润与微环境分析）。该工具需要输入：临床表型数据、基因表达矩阵/表格数据。图谱中项目 Multi-omics integrative analysis of esophageal squamous carcinoma 的 HRA003107（癌种：Esophageal Squamous Cell Carcinoma）存在这些输入数据，共 4 个匹配文件（文件引用已脱敏）。	["CLINICAL_DATA_EXCEL", "TABULAR_BIO_DATA"]	[]	["免疫浸润与微环境分析", "可视化与报告"]	["Clinical", "bulk_RNA"]		[{"semantic_format": "CLINICAL_DATA_EXCEL", "data_desc": "临床表型数据", "count": 1, "study": "HRA003107", "project_name": "Multi-omics integrative analysis of esophageal squamous carcinoma", "tumor_subtype": "Esophageal Squamous Cell Carcinoma"}, {"semantic_format": "TABULAR_BIO_DATA", "data_desc": "基因表达矩阵/表格数据", "count": 3, "study": "HRA003107", "project_name": "Multi-omics integrative analysis of esophageal squamous carcinoma", "tumor_subtype": "Esophageal Squamous Cell Carcinoma"}]
class100399	class1_tool_recommend	single_tool	无监督聚类分析	T020	rnaseq_unsupervised_cluster	HRA007167	Multi-omics of acral melanoma	Acral melanoma	基于Multi-omics of acral melanoma的基因表达矩阵/表格数据做无监督聚类分析，应该使用什么工具？	推荐工具 rnaseq_unsupervised_cluster（无监督聚类分析）。该工具需要输入：基因表达矩阵/表格数据。图谱中项目 Multi-omics of acral melanoma 的 HRA007167（癌种：Acral melanoma）存在这些输入数据，共 3 个匹配文件（文件引用已脱敏）。	["TABULAR_BIO_DATA"]	[]	["可视化与报告", "无监督聚类分析"]	["bulk_RNA"]		[{"semantic_format": "TABULAR_BIO_DATA", "data_desc": "基因表达矩阵/表格数据", "count": 3, "study": "HRA007167", "project_name": "Multi-omics of acral melanoma", "tumor_subtype": "Acral melanoma"}]
class100400	class1_tool_recommend	single_tool	共表达网络分析	T024	wgcna	HRA003107	Multi-omics integrative analysis of esophageal squamous carcinoma	Esophageal Squamous Cell Carcinoma	我想对基因表达矩阵/表格数据完成共表达网络分析，应该用什么工具？	推荐工具 wgcna（共表达网络分析）。该工具需要输入：临床表型数据、基因表达矩阵/表格数据。图谱中项目 Multi-omics integrative analysis of esophageal squamous carcinoma 的 HRA003107（癌种：Esophageal Squamous Cell Carcinoma）存在这些输入数据，共 4 个匹配文件（文件引用已脱敏）。	["CLINICAL_DATA_EXCEL", "TABULAR_BIO_DATA"]	[]	["共表达网络分析"]	["Clinical", "bulk_RNA"]		[{"semantic_format": "CLINICAL_DATA_EXCEL", "data_desc": "临床表型数据", "count": 1, "study": "HRA003107", "project_name": "Multi-omics integrative analysis of esophageal squamous carcinoma", "tumor_subtype": "Esophageal Squamous Cell Carcinoma"}, {"semantic_format": "TABULAR_BIO_DATA", "data_desc": "基因表达矩阵/表格数据", "count": 3, "study": "HRA003107", "project_name": "Multi-omics integrative analysis of esophageal squamous carcinoma", "tumor_subtype": "Esophageal Squamous Cell Carcinoma"}]
class100401	class1_tool_recommend	single_tool	拷贝数变异分析	T028	cnvkit_cnv_clinical	HRA003107	Multi-omics integrative analysis of esophageal squamous carcinoma	Esophageal Squamous Cell Carcinoma	项目Multi-omics integrative analysis of esophageal squamous carcinoma中有转录组比对 BAM 数据，要完成拷贝数变异分析，推荐使用哪个工具？	推荐工具 cnvkit_cnv_clinical（拷贝数变异分析）。该工具需要输入：基因组比对 BAM 数据。图谱中项目 Multi-omics integrative analysis of esophageal squamous carcinoma 的 HRA003107（癌种：Esophageal Squamous Cell Carcinoma）存在这些输入数据，共 310 个匹配文件（文件引用已脱敏）。	["DNA_GENOMIC_ALIGNMENT_BAM"]	[]	["可视化与报告", "拷贝数变异分析"]	["Clinical", "WES", "WGS"]		[{"semantic_format": "RNA_TRANSCRIPTOME_ALIGNMENT_BAM", "data_desc": "转录组比对 BAM 数据", "count": 310, "study": "HRA003107", "project_name": "Multi-omics integrative analysis of esophageal squamous carcinoma", "tumor_subtype": "Esophageal Squamous Cell Carcinoma"}]
class100402	class1_tool_recommend	single_tool	生存分析	T029	cox_model	HRA003107	Multi-omics integrative analysis of esophageal squamous carcinoma	Esophageal Squamous Cell Carcinoma	我拿到了Multi-omics integrative analysis of esophageal squamous carcinoma的基因表达矩阵/表格数据，目标是生存分析，应该选哪个工具？	推荐工具 cox_model（生存分析）。该工具需要输入：临床表型数据、样本元数据、基因表达矩阵/表格数据。图谱中项目 Multi-omics integrative analysis of esophageal squamous carcinoma 的 HRA003107（癌种：Esophageal Squamous Cell Carcinoma）存在这些输入数据，共 5 个匹配文件（文件引用已脱敏）。	["CLINICAL_DATA_EXCEL", "METADATA_SAMPLE_INFO", "TABULAR_BIO_DATA"]	[]	["生存分析"]	["Clinical", "bulk_RNA"]		[{"semantic_format": "CLINICAL_DATA_EXCEL", "data_desc": "临床表型数据", "count": 1, "study": "HRA003107", "project_name": "Multi-omics integrative analysis of esophageal squamous carcinoma", "tumor_subtype": "Esophageal Squamous Cell Carcinoma"}, {"semantic_format": "METADATA_SAMPLE_INFO", "data_desc": "样本元数据", "count": 1, "study": "HRA003107", "project_name": "Multi-omics integrative analysis of esophageal squamous carcinoma", "tumor_subtype": "Esophageal Squamous Cell Carcinoma"}, {"semantic_format": "TABULAR_BIO_DATA", "data_desc": "基因表达矩阵/表格数据", "count": 3, "study": "HRA003107", "project_name": "Multi-omics integrative analysis of esophageal squamous carcinoma", "tumor_subtype": "Esophageal Squamous Cell Carcinoma"}]
class100403	class1_tool_recommend	single_tool	功能富集分析	T032	de_enrichment	HRA003107	Multi-omics integrative analysis of esophageal squamous carcinoma	Esophageal Squamous Cell Carcinoma	要完成功能富集分析，手上有基因表达矩阵/表格数据，适合的工具是什么？	推荐工具 de_enrichment（功能富集分析）。该工具需要输入：临床表型数据、样本元数据、基因表达矩阵/表格数据。图谱中项目 Multi-omics integrative analysis of esophageal squamous carcinoma 的 HRA003107（癌种：Esophageal Squamous Cell Carcinoma）存在这些输入数据，共 5 个匹配文件（文件引用已脱敏）。	["CLINICAL_DATA_EXCEL", "METADATA_SAMPLE_INFO", "TABULAR_BIO_DATA"]	[]	["功能富集分析", "可视化与报告", "差异表达分析"]	["Clinical", "bulk_RNA"]		[{"semantic_format": "CLINICAL_DATA_EXCEL", "data_desc": "临床表型数据", "count": 1, "study": "HRA003107", "project_name": "Multi-omics integrative analysis of esophageal squamous carcinoma", "tumor_subtype": "Esophageal Squamous Cell Carcinoma"}, {"semantic_format": "METADATA_SAMPLE_INFO", "data_desc": "样本元数据", "count": 1, "study": "HRA003107", "project_name": "Multi-omics integrative analysis of esophageal squamous carcinoma", "tumor_subtype": "Esophageal Squamous Cell Carcinoma"}, {"semantic_format": "TABULAR_BIO_DATA", "data_desc": "基因表达矩阵/表格数据", "count": 3, "study": "HRA003107", "project_name": "Multi-omics integrative analysis of esophageal squamous carcinoma", "tumor_subtype": "Esophageal Squamous Cell Carcinoma"}]
class100404	class1_tool_recommend	single_tool	功能富集分析	T033	deg_enrichment	HRA003107	Multi-omics integrative analysis of esophageal squamous carcinoma	Esophageal Squamous Cell Carcinoma	基于Multi-omics integrative analysis of esophageal squamous carcinoma的基因表达矩阵/表格数据做功能富集分析，应该使用什么工具？	推荐工具 deg_enrichment（功能富集分析）。该工具需要输入：临床表型数据、样本元数据、基因表达矩阵/表格数据。图谱中项目 Multi-omics integrative analysis of esophageal squamous carcinoma 的 HRA003107（癌种：Esophageal Squamous Cell Carcinoma）存在这些输入数据，共 5 个匹配文件（文件引用已脱敏）。	["CLINICAL_DATA_EXCEL", "METADATA_SAMPLE_INFO", "TABULAR_BIO_DATA"]	[]	["功能富集分析", "差异表达分析"]	["Clinical", "bulk_RNA"]		[{"semantic_format": "CLINICAL_DATA_EXCEL", "data_desc": "临床表型数据", "count": 1, "study": "HRA003107", "project_name": "Multi-omics integrative analysis of esophageal squamous carcinoma", "tumor_subtype": "Esophageal Squamous Cell Carcinoma"}, {"semantic_format": "METADATA_SAMPLE_INFO", "data_desc": "样本元数据", "count": 1, "study": "HRA003107", "project_name": "Multi-omics integrative analysis of esophageal squamous carcinoma", "tumor_subtype": "Esophageal Squamous Cell Carcinoma"}, {"semantic_format": "TABULAR_BIO_DATA", "data_desc": "基因表达矩阵/表格数据", "count": 3, "study": "HRA003107", "project_name": "Multi-omics integrative analysis of esophageal squamous carcinoma", "tumor_subtype": "Esophageal Squamous Cell Carcinoma"}]
class100405	class1_tool_recommend	single_tool	差异表达分析	T034	deg_trend	HRA003107	Multi-omics integrative analysis of esophageal squamous carcinoma	Esophageal Squamous Cell Carcinoma	我想对基因表达矩阵/表格数据完成差异表达分析，应该用什么工具？	推荐工具 deg_trend（差异表达分析）。该工具需要输入：临床表型数据、样本元数据、基因表达矩阵/表格数据。图谱中项目 Multi-omics integrative analysis of esophageal squamous carcinoma 的 HRA003107（癌种：Esophageal Squamous Cell Carcinoma）存在这些输入数据，共 5 个匹配文件（文件引用已脱敏）。	["CLINICAL_DATA_EXCEL", "METADATA_SAMPLE_INFO", "TABULAR_BIO_DATA"]	[]	["可视化与报告", "差异表达分析"]	["Clinical", "bulk_RNA"]		[{"semantic_format": "CLINICAL_DATA_EXCEL", "data_desc": "临床表型数据", "count": 1, "study": "HRA003107", "project_name": "Multi-omics integrative analysis of esophageal squamous carcinoma", "tumor_subtype": "Esophageal Squamous Cell Carcinoma"}, {"semantic_format": "METADATA_SAMPLE_INFO", "data_desc": "样本元数据", "count": 1, "study": "HRA003107", "project_name": "Multi-omics integrative analysis of esophageal squamous carcinoma", "tumor_subtype": "Esophageal Squamous Cell Carcinoma"}, {"semantic_format": "TABULAR_BIO_DATA", "data_desc": "基因表达矩阵/表格数据", "count": 3, "study": "HRA003107", "project_name": "Multi-omics integrative analysis of esophageal squamous carcinoma", "tumor_subtype": "Esophageal Squamous Cell Carcinoma"}]
class100406	class1_tool_recommend	single_tool	可视化与报告	T035	gene_boxplot	HRA003107	Multi-omics integrative analysis of esophageal squamous carcinoma	Esophageal Squamous Cell Carcinoma	项目Multi-omics integrative analysis of esophageal squamous carcinoma中有基因表达矩阵/表格数据，要完成可视化与报告，推荐使用哪个工具？	推荐工具 gene_boxplot（可视化与报告）。该工具需要输入：临床表型数据、样本元数据、基因表达矩阵/表格数据。图谱中项目 Multi-omics integrative analysis of esophageal squamous carcinoma 的 HRA003107（癌种：Esophageal Squamous Cell Carcinoma）存在这些输入数据，共 5 个匹配文件（文件引用已脱敏）。	["CLINICAL_DATA_EXCEL", "METADATA_SAMPLE_INFO", "TABULAR_BIO_DATA"]	[]	["可视化与报告"]	["Clinical", "bulk_RNA"]		[{"semantic_format": "CLINICAL_DATA_EXCEL", "data_desc": "临床表型数据", "count": 1, "study": "HRA003107", "project_name": "Multi-omics integrative analysis of esophageal squamous carcinoma", "tumor_subtype": "Esophageal Squamous Cell Carcinoma"}, {"semantic_format": "METADATA_SAMPLE_INFO", "data_desc": "样本元数据", "count": 1, "study": "HRA003107", "project_name": "Multi-omics integrative analysis of esophageal squamous carcinoma", "tumor_subtype": "Esophageal Squamous Cell Carcinoma"}, {"semantic_format": "TABULAR_BIO_DATA", "data_desc": "基因表达矩阵/表格数据", "count": 3, "study": "HRA003107", "project_name": "Multi-omics integrative analysis of esophageal squamous carcinoma", "tumor_subtype": "Esophageal Squamous Cell Carcinoma"}]
class100407	class1_tool_recommend	single_tool	功能富集分析	T036	gsea_pathway_enrichment	HRA003107	Multi-omics integrative analysis of esophageal squamous carcinoma	Esophageal Squamous Cell Carcinoma	我拿到了Multi-omics integrative analysis of esophageal squamous carcinoma的基因表达矩阵/表格数据，目标是功能富集分析，应该选哪个工具？	推荐工具 gsea_pathway_enrichment（功能富集分析）。该工具需要输入：基因表达矩阵/表格数据。图谱中项目 Multi-omics integrative analysis of esophageal squamous carcinoma 的 HRA003107（癌种：Esophageal Squamous Cell Carcinoma）存在这些输入数据，共 3 个匹配文件（文件引用已脱敏）。	["TABULAR_BIO_DATA"]	[]	["功能富集分析"]	["Clinical", "bulk_RNA"]		[{"semantic_format": "TABULAR_BIO_DATA", "data_desc": "基因表达矩阵/表格数据", "count": 3, "study": "HRA003107", "project_name": "Multi-omics integrative analysis of esophageal squamous carcinoma", "tumor_subtype": "Esophageal Squamous Cell Carcinoma"}]
class100408	class1_tool_recommend	single_tool	生存分析	T040	km_survival	HRA003107	Multi-omics integrative analysis of esophageal squamous carcinoma	Esophageal Squamous Cell Carcinoma	要完成生存分析，手上有基因表达矩阵/表格数据，适合的工具是什么？	推荐工具 km_survival（生存分析）。该工具需要输入：临床表型数据、样本元数据、基因表达矩阵/表格数据。图谱中项目 Multi-omics integrative analysis of esophageal squamous carcinoma 的 HRA003107（癌种：Esophageal Squamous Cell Carcinoma）存在这些输入数据，共 5 个匹配文件（文件引用已脱敏）。	["CLINICAL_DATA_EXCEL", "METADATA_SAMPLE_INFO", "TABULAR_BIO_DATA"]	[]	["可视化与报告", "生存分析"]	["Clinical", "bulk_RNA"]		[{"semantic_format": "CLINICAL_DATA_EXCEL", "data_desc": "临床表型数据", "count": 1, "study": "HRA003107", "project_name": "Multi-omics integrative analysis of esophageal squamous carcinoma", "tumor_subtype": "Esophageal Squamous Cell Carcinoma"}, {"semantic_format": "METADATA_SAMPLE_INFO", "data_desc": "样本元数据", "count": 1, "study": "HRA003107", "project_name": "Multi-omics integrative analysis of esophageal squamous carcinoma", "tumor_subtype": "Esophageal Squamous Cell Carcinoma"}, {"semantic_format": "TABULAR_BIO_DATA", "data_desc": "基因表达矩阵/表格数据", "count": 3, "study": "HRA003107", "project_name": "Multi-omics integrative analysis of esophageal squamous carcinoma", "tumor_subtype": "Esophageal Squamous Cell Carcinoma"}]
class100409	class1_tool_recommend	single_tool	表达矩阵预处理与归一化	T042	preprocess_counts	HRA007167	Multi-omics of acral melanoma	Acral melanoma	基于Multi-omics of acral melanoma的基因表达矩阵/表格数据做表达矩阵预处理与归一化，应该使用什么工具？	推荐工具 preprocess_counts（表达矩阵预处理与归一化）。该工具需要输入：基因表达矩阵/表格数据。图谱中项目 Multi-omics of acral melanoma 的 HRA007167（癌种：Acral melanoma）存在这些输入数据，共 3 个匹配文件（文件引用已脱敏）。	["TABULAR_BIO_DATA"]	[]	["表达矩阵预处理与归一化"]	["bulk_RNA"]		[{"semantic_format": "TABULAR_BIO_DATA", "data_desc": "基因表达矩阵/表格数据", "count": 3, "study": "HRA007167", "project_name": "Multi-omics of acral melanoma", "tumor_subtype": "Acral melanoma"}]
class100410	class1_tool_recommend	single_tool	RNA序列比对	T044	rnaseq_singletask	HRA006499	Pharmacogenomic profiling of intra-tumor heterogeneity by a large organoid biobank of liver cancer	Liver Cancer	我想对原始双端测序数据（R1）完成RNA序列比对，应该用什么工具？	推荐工具 rnaseq_singletask（RNA序列比对）。该工具需要输入：原始双端测序数据（R1）、原始双端测序数据（R2）（另需公共参考资源：参考基因组 FASTA）。图谱中项目 Pharmacogenomic profiling of intra-tumor heterogeneity by a large organoid biobank of liver cancer 的 HRA006499（癌种：Liver Cancer）存在这些输入数据，共 1526 个匹配文件（文件引用已脱敏）。	["RAW_PAIRED_END_R1_FASTQ", "RAW_PAIRED_END_R2_FASTQ"]	["REFERENCE_GENOME_FASTA"]	["RNA序列比对", "接头与低质量序列修剪", "测序质量评估", "表达定量"]	["bulk_RNA"]		[{"semantic_format": "RAW_PAIRED_END_R1_FASTQ", "data_desc": "原始双端测序数据（R1）", "count": 763, "study": "HRA006499", "project_name": "Pharmacogenomic profiling of intra-tumor heterogeneity by a large organoid biobank of liver cancer", "tumor_subtype": "Liver Cancer"}, {"semantic_format": "RAW_PAIRED_END_R2_FASTQ", "data_desc": "原始双端测序数据（R2）", "count": 763, "study": "HRA006499", "project_name": "Pharmacogenomic profiling of intra-tumor heterogeneity by a large organoid biobank of liver cancer", "tumor_subtype": "Liver Cancer"}]
class100411	class1_tool_recommend	single_tool	可视化与报告	T046	stage_heatmap	HRA003107	Multi-omics integrative analysis of esophageal squamous carcinoma	Esophageal Squamous Cell Carcinoma	项目Multi-omics integrative analysis of esophageal squamous carcinoma中有基因表达矩阵/表格数据，要完成可视化与报告，推荐使用哪个工具？	推荐工具 stage_heatmap（可视化与报告）。该工具需要输入：临床表型数据、样本元数据、基因表达矩阵/表格数据。图谱中项目 Multi-omics integrative analysis of esophageal squamous carcinoma 的 HRA003107（癌种：Esophageal Squamous Cell Carcinoma）存在这些输入数据，共 5 个匹配文件（文件引用已脱敏）。	["CLINICAL_DATA_EXCEL", "METADATA_SAMPLE_INFO", "TABULAR_BIO_DATA"]	[]	["可视化与报告"]	["Clinical", "bulk_RNA"]		[{"semantic_format": "CLINICAL_DATA_EXCEL", "data_desc": "临床表型数据", "count": 1, "study": "HRA003107", "project_name": "Multi-omics integrative analysis of esophageal squamous carcinoma", "tumor_subtype": "Esophageal Squamous Cell Carcinoma"}, {"semantic_format": "METADATA_SAMPLE_INFO", "data_desc": "样本元数据", "count": 1, "study": "HRA003107", "project_name": "Multi-omics integrative analysis of esophageal squamous carcinoma", "tumor_subtype": "Esophageal Squamous Cell Carcinoma"}, {"semantic_format": "TABULAR_BIO_DATA", "data_desc": "基因表达矩阵/表格数据", "count": 3, "study": "HRA003107", "project_name": "Multi-omics integrative analysis of esophageal squamous carcinoma", "tumor_subtype": "Esophageal Squamous Cell Carcinoma"}]
class100412	class1_tool_recommend	single_tool	可视化与报告	T048	umap	HRA003107	Multi-omics integrative analysis of esophageal squamous carcinoma	Esophageal Squamous Cell Carcinoma	我拿到了Multi-omics integrative analysis of esophageal squamous carcinoma的基因表达矩阵/表格数据，目标是可视化与报告，应该选哪个工具？	推荐工具 umap（可视化与报告）。该工具需要输入：临床表型数据、样本元数据、基因表达矩阵/表格数据。图谱中项目 Multi-omics integrative analysis of esophageal squamous carcinoma 的 HRA003107（癌种：Esophageal Squamous Cell Carcinoma）存在这些输入数据，共 5 个匹配文件（文件引用已脱敏）。	["CLINICAL_DATA_EXCEL", "METADATA_SAMPLE_INFO", "TABULAR_BIO_DATA"]	[]	["可视化与报告"]	["Clinical", "bulk_RNA"]		[{"semantic_format": "CLINICAL_DATA_EXCEL", "data_desc": "临床表型数据", "count": 1, "study": "HRA003107", "project_name": "Multi-omics integrative analysis of esophageal squamous carcinoma", "tumor_subtype": "Esophageal Squamous Cell Carcinoma"}, {"semantic_format": "METADATA_SAMPLE_INFO", "data_desc": "样本元数据", "count": 1, "study": "HRA003107", "project_name": "Multi-omics integrative analysis of esophageal squamous carcinoma", "tumor_subtype": "Esophageal Squamous Cell Carcinoma"}, {"semantic_format": "TABULAR_BIO_DATA", "data_desc": "基因表达矩阵/表格数据", "count": 3, "study": "HRA003107", "project_name": "Multi-omics integrative analysis of esophageal squamous carcinoma", "tumor_subtype": "Esophageal Squamous Cell Carcinoma"}]
class100413	class1_tool_recommend	single_tool	共表达网络分析	T050	wgcna_hub	HRA003107	Multi-omics integrative analysis of esophageal squamous carcinoma	Esophageal Squamous Cell Carcinoma	要完成共表达网络分析，手上有基因表达矩阵/表格数据，适合的工具是什么？	推荐工具 wgcna_hub（共表达网络分析）。该工具需要输入：临床表型数据、样本元数据、基因表达矩阵/表格数据。图谱中项目 Multi-omics integrative analysis of esophageal squamous carcinoma 的 HRA003107（癌种：Esophageal Squamous Cell Carcinoma）存在这些输入数据，共 5 个匹配文件（文件引用已脱敏）。	["CLINICAL_DATA_EXCEL", "METADATA_SAMPLE_INFO", "TABULAR_BIO_DATA"]	[]	["共表达网络分析"]	["Clinical", "bulk_RNA"]		[{"semantic_format": "CLINICAL_DATA_EXCEL", "data_desc": "临床表型数据", "count": 1, "study": "HRA003107", "project_name": "Multi-omics integrative analysis of esophageal squamous carcinoma", "tumor_subtype": "Esophageal Squamous Cell Carcinoma"}, {"semantic_format": "METADATA_SAMPLE_INFO", "data_desc": "样本元数据", "count": 1, "study": "HRA003107", "project_name": "Multi-omics integrative analysis of esophageal squamous carcinoma", "tumor_subtype": "Esophageal Squamous Cell Carcinoma"}, {"semantic_format": "TABULAR_BIO_DATA", "data_desc": "基因表达矩阵/表格数据", "count": 3, "study": "HRA003107", "project_name": "Multi-omics integrative analysis of esophageal squamous carcinoma", "tumor_subtype": "Esophageal Squamous Cell Carcinoma"}]
class100414	class1_tool_recommend	single_tool	共表达网络分析	T051	wgcna_module_trait	HRA003107	Multi-omics integrative analysis of esophageal squamous carcinoma	Esophageal Squamous Cell Carcinoma	基于Multi-omics integrative analysis of esophageal squamous carcinoma的基因表达矩阵/表格数据做共表达网络分析，应该使用什么工具？	推荐工具 wgcna_module_trait（共表达网络分析）。该工具需要输入：临床表型数据、样本元数据、基因表达矩阵/表格数据。图谱中项目 Multi-omics integrative analysis of esophageal squamous carcinoma 的 HRA003107（癌种：Esophageal Squamous Cell Carcinoma）存在这些输入数据，共 5 个匹配文件（文件引用已脱敏）。	["CLINICAL_DATA_EXCEL", "METADATA_SAMPLE_INFO", "TABULAR_BIO_DATA"]	[]	["共表达网络分析"]	["Clinical", "bulk_RNA"]		[{"semantic_format": "CLINICAL_DATA_EXCEL", "data_desc": "临床表型数据", "count": 1, "study": "HRA003107", "project_name": "Multi-omics integrative analysis of esophageal squamous carcinoma", "tumor_subtype": "Esophageal Squamous Cell Carcinoma"}, {"semantic_format": "METADATA_SAMPLE_INFO", "data_desc": "样本元数据", "count": 1, "study": "HRA003107", "project_name": "Multi-omics integrative analysis of esophageal squamous carcinoma", "tumor_subtype": "Esophageal Squamous Cell Carcinoma"}, {"semantic_format": "TABULAR_BIO_DATA", "data_desc": "基因表达矩阵/表格数据", "count": 3, "study": "HRA003107", "project_name": "Multi-omics integrative analysis of esophageal squamous carcinoma", "tumor_subtype": "Esophageal Squamous Cell Carcinoma"}]
class100415	class1_tool_recommend	single_tool	结构变异检测	T053	manta_structural_variants	HRA007413	Multi-omics research of acute myeloid leukemia	Acute Myeloid Leukemia	我想对转录组比对 BAM 数据完成结构变异检测，应该用什么工具？	推荐工具 manta_structural_variants（结构变异检测）。该工具需要输入：基因组比对 BAM 数据（另需公共参考资源：参考基因组 FASTA）。图谱中项目 Multi-omics research of acute myeloid leukemia 的 HRA007413（癌种：Acute Myeloid Leukemia）存在这些输入数据，共 3 个匹配文件（文件引用已脱敏）。	["DNA_GENOMIC_ALIGNMENT_BAM"]	["REFERENCE_GENOME_FASTA"]	["结构变异检测"]	["WES", "WGS"]		[{"semantic_format": "RNA_TRANSCRIPTOME_ALIGNMENT_BAM", "data_desc": "转录组比对 BAM 数据", "count": 3, "study": "HRA007413", "project_name": "Multi-omics research of acute myeloid leukemia", "tumor_subtype": "Acute Myeloid Leukemia"}]
class100416	class1_tool_recommend	single_tool	基因融合检测	T054	star_fusion	HRA001749	scRNA-seq of liver cancer	Liver Cancer	项目scRNA-seq of liver cancer中有原始双端测序数据（R1），要完成基因融合检测，推荐使用哪个工具？	推荐工具 star_fusion（基因融合检测）。该工具需要输入：样本元数据、原始双端测序数据（R1）、原始双端测序数据（R2）。图谱中项目 scRNA-seq of liver cancer 的 HRA001749（癌种：Liver Cancer）存在这些输入数据，共 357 个匹配文件（文件引用已脱敏）。	["METADATA_SAMPLE_INFO", "RAW_PAIRED_END_R1_FASTQ", "RAW_PAIRED_END_R2_FASTQ"]	[]	["基因融合检测"]	["Clinical", "bulk_RNA"]		[{"semantic_format": "METADATA_SAMPLE_INFO", "data_desc": "样本元数据", "count": 1, "study": "HRA001749", "project_name": "scRNA-seq of liver cancer", "tumor_subtype": "Liver Cancer"}, {"semantic_format": "RAW_PAIRED_END_R1_FASTQ", "data_desc": "原始双端测序数据（R1）", "count": 178, "study": "HRA001749", "project_name": "scRNA-seq of liver cancer", "tumor_subtype": "Liver Cancer"}, {"semantic_format": "RAW_PAIRED_END_R2_FASTQ", "data_desc": "原始双端测序数据（R2）", "count": 178, "study": "HRA001749", "project_name": "scRNA-seq of liver cancer", "tumor_subtype": "Liver Cancer"}]
class100417	class1_tool_recommend	single_tool	测序质量评估	T002	fastqc	HRA001749	scRNA-seq of liver cancer	Liver Cancer	我拿到了scRNA-seq of liver cancer的原始双端测序数据（R1），目标是测序质量评估，应该选哪个工具？	推荐工具 fastqc（测序质量评估）。该工具需要输入：原始单端测序数据。图谱中项目 scRNA-seq of liver cancer 的 HRA001749（癌种：Liver Cancer）存在这些输入数据，共 356 个匹配文件（文件引用已脱敏）。	["RAW_SINGLE_END_FASTQ"]	[]	["可视化与报告", "测序质量评估"]	["WES", "WGS", "bulk_RNA", "sc-RNA"]		[{"semantic_format": "RAW_PAIRED_END_R1_FASTQ", "data_desc": "原始双端测序数据（R1）", "count": 178, "study": "HRA001749", "project_name": "scRNA-seq of liver cancer", "tumor_subtype": "Liver Cancer"}, {"semantic_format": "RAW_PAIRED_END_R2_FASTQ", "data_desc": "原始双端测序数据（R2）", "count": 178, "study": "HRA001749", "project_name": "scRNA-seq of liver cancer", "tumor_subtype": "Liver Cancer"}]
class100418	class1_tool_recommend	single_tool	单细胞比对与定量	T003	cellranger_workflow	HRA016026	Multi-omics Landscape of Central Nervous System Tumors	Lung Cancer	要完成单细胞比对与定量，手上有原始双端测序数据（R1），适合的工具是什么？	推荐工具 cellranger_workflow（单细胞比对与定量）。该工具需要输入：基因组比对 BAM 数据、原始单端测序数据。图谱中项目 Multi-omics Landscape of Central Nervous System Tumors 的 HRA016026（癌种：Lung Cancer）存在这些输入数据，共 3468 个匹配文件（文件引用已脱敏）。	["DNA_GENOMIC_ALIGNMENT_BAM", "RAW_SINGLE_END_FASTQ"]	[]	["单细胞比对与定量", "可视化与报告", "测序质量评估"]	["bulk_RNA", "sc-RNA"]		[{"semantic_format": "DNA_ALIGNMENT_BQSR_BAM", "data_desc": "碱基质量校正后的比对 BAM 数据", "count": 700, "study": "HRA016026", "project_name": "Multi-omics Landscape of Central Nervous System Tumors", "tumor_subtype": "Lung Cancer"}, {"semantic_format": "RAW_PAIRED_END_R1_FASTQ", "data_desc": "原始双端测序数据（R1）", "count": 1384, "study": "HRA016026", "project_name": "Multi-omics Landscape of Central Nervous System Tumors", "tumor_subtype": "Lung Cancer"}, {"semantic_format": "RAW_PAIRED_END_R2_FASTQ", "data_desc": "原始双端测序数据（R2）", "count": 1384, "study": "HRA016026", "project_name": "Multi-omics Landscape of Central Nervous System Tumors", "tumor_subtype": "Lung Cancer"}]
class100419	class1_tool_recommend	single_tool	接头与低质量序列修剪	T004	trim_galore	HRA007167	Multi-omics of acral melanoma	Acral melanoma	基于Multi-omics of acral melanoma的原始双端测序数据（R1）做接头与低质量序列修剪，应该使用什么工具？	推荐工具 trim_galore（接头与低质量序列修剪）。该工具需要输入：原始双端测序数据（R1）、原始双端测序数据（R2）。图谱中项目 Multi-omics of acral melanoma 的 HRA007167（癌种：Acral melanoma）存在这些输入数据，共 162 个匹配文件（文件引用已脱敏）。	["RAW_PAIRED_END_R1_FASTQ", "RAW_PAIRED_END_R2_FASTQ"]	[]	["接头与低质量序列修剪"]	["bulk_RNA"]		[{"semantic_format": "RAW_PAIRED_END_R1_FASTQ", "data_desc": "原始双端测序数据（R1）", "count": 81, "study": "HRA007167", "project_name": "Multi-omics of acral melanoma", "tumor_subtype": "Acral melanoma"}, {"semantic_format": "RAW_PAIRED_END_R2_FASTQ", "data_desc": "原始双端测序数据（R2）", "count": 81, "study": "HRA007167", "project_name": "Multi-omics of acral melanoma", "tumor_subtype": "Acral melanoma"}]
class100420	class1_tool_recommend	single_tool	RNA序列比对	T005	star	HRA007167	Multi-omics of acral melanoma	Acral melanoma	我想对原始双端测序数据（R1）完成RNA序列比对，应该用什么工具？	推荐工具 star（RNA序列比对）。该工具需要输入：原始双端测序数据（R1）、原始双端测序数据（R2）（另需公共参考资源：参考基因组 FASTA）。图谱中项目 Multi-omics of acral melanoma 的 HRA007167（癌种：Acral melanoma）存在这些输入数据，共 162 个匹配文件（文件引用已脱敏）。	["RAW_PAIRED_END_R1_FASTQ", "RAW_PAIRED_END_R2_FASTQ"]	["REFERENCE_GENOME_FASTA"]	["RNA序列比对"]	["bulk_RNA"]		[{"semantic_format": "RAW_PAIRED_END_R1_FASTQ", "data_desc": "原始双端测序数据（R1）", "count": 81, "study": "HRA007167", "project_name": "Multi-omics of acral melanoma", "tumor_subtype": "Acral melanoma"}, {"semantic_format": "RAW_PAIRED_END_R2_FASTQ", "data_desc": "原始双端测序数据（R2）", "count": 81, "study": "HRA007167", "project_name": "Multi-omics of acral melanoma", "tumor_subtype": "Acral melanoma"}]
class100421	class1_tool_recommend	single_tool	比对后处理与去重	T007	samtools	HRA006117	Aging and leukemia	Acute Myeloid Leukemia	项目Aging and leukemia中有转录组比对 BAM 数据，要完成比对后处理与去重，推荐使用哪个工具？	推荐工具 samtools（比对后处理与去重）。该工具需要输入：基因组比对 BAM 数据。图谱中项目 Aging and leukemia 的 HRA006117（癌种：Acute Myeloid Leukemia）存在这些输入数据，共 570 个匹配文件（文件引用已脱敏）。	["DNA_GENOMIC_ALIGNMENT_BAM"]	[]	["比对后处理与去重"]	["WES", "WGS", "bulk_RNA"]		[{"semantic_format": "RNA_TRANSCRIPTOME_ALIGNMENT_BAM", "data_desc": "转录组比对 BAM 数据", "count": 570, "study": "HRA006117", "project_name": "Aging and leukemia", "tumor_subtype": "Acute Myeloid Leukemia"}]
class100422	class1_tool_recommend	single_tool	表达定量	T012	featurecounts	HRA016026	Multi-omics Landscape of Central Nervous System Tumors	Lung Cancer	我拿到了Multi-omics Landscape of Central Nervous System Tumors的碱基质量校正后的比对 BAM 数据，目标是表达定量，应该选哪个工具？	推荐工具 featurecounts（表达定量）。该工具需要输入：基因组比对 BAM 数据。图谱中项目 Multi-omics Landscape of Central Nervous System Tumors 的 HRA016026（癌种：Lung Cancer）存在这些输入数据，共 700 个匹配文件（文件引用已脱敏）。	["DNA_GENOMIC_ALIGNMENT_BAM"]	[]	["表达定量"]	["bulk_RNA"]		[{"semantic_format": "DNA_ALIGNMENT_BQSR_BAM", "data_desc": "碱基质量校正后的比对 BAM 数据", "count": 700, "study": "HRA016026", "project_name": "Multi-omics Landscape of Central Nervous System Tumors", "tumor_subtype": "Lung Cancer"}]
class100423	class1_tool_recommend	single_tool	功能富集分析	T014	diff_expr_go	HRA007413	Multi-omics research of acute myeloid leukemia	Acute Myeloid Leukemia	要完成功能富集分析，手上有基因表达矩阵/表格数据，适合的工具是什么？	推荐工具 diff_expr_go（功能富集分析）。该工具需要输入：基因表达矩阵/表格数据。图谱中项目 Multi-omics research of acute myeloid leukemia 的 HRA007413（癌种：Acute Myeloid Leukemia）存在这些输入数据，共 3 个匹配文件（文件引用已脱敏）。	["TABULAR_BIO_DATA"]	[]	["功能富集分析", "差异表达分析"]	["bulk_RNA"]		[{"semantic_format": "TABULAR_BIO_DATA", "data_desc": "基因表达矩阵/表格数据", "count": 3, "study": "HRA007413", "project_name": "Multi-omics research of acute myeloid leukemia", "tumor_subtype": "Acute Myeloid Leukemia"}]
class100424	class1_tool_recommend	single_tool	功能富集分析	T015	diff_expr_kegg	HRA007413	Multi-omics research of acute myeloid leukemia	Acute Myeloid Leukemia	基于Multi-omics research of acute myeloid leukemia的基因表达矩阵/表格数据做功能富集分析，应该使用什么工具？	推荐工具 diff_expr_kegg（功能富集分析）。该工具需要输入：基因表达矩阵/表格数据。图谱中项目 Multi-omics research of acute myeloid leukemia 的 HRA007413（癌种：Acute Myeloid Leukemia）存在这些输入数据，共 3 个匹配文件（文件引用已脱敏）。	["TABULAR_BIO_DATA"]	[]	["功能富集分析", "差异表达分析"]	["bulk_RNA"]		[{"semantic_format": "TABULAR_BIO_DATA", "data_desc": "基因表达矩阵/表格数据", "count": 3, "study": "HRA007413", "project_name": "Multi-omics research of acute myeloid leukemia", "tumor_subtype": "Acute Myeloid Leukemia"}]
class100425	class1_tool_recommend	single_tool	生存分析	T017	her2_pfs_survival	HRA005191	Immune Correlates of Response and Resistance to Neoadjuvant Chemo-immunotherapy in Non-small Cell Lung Cancer	Non-small cell lung carcinoma	我想对基因表达矩阵/表格数据完成生存分析，应该用什么工具？	推荐工具 her2_pfs_survival（生存分析）。该工具需要输入：临床表型数据、基因表达矩阵/表格数据。图谱中项目 Immune Correlates of Response and Resistance to Neoadjuvant Chemo-immunotherapy in Non-small Cell Lung Cancer 的 HRA005191（癌种：Non-small cell lung carcinoma）存在这些输入数据，共 20 个匹配文件（文件引用已脱敏）。	["CLINICAL_DATA_EXCEL", "TABULAR_BIO_DATA"]	[]	["可视化与报告", "生存分析"]	["Clinical", "bulk_RNA"]		[{"semantic_format": "CLINICAL_DATA_EXCEL", "data_desc": "临床表型数据", "count": 2, "study": "HRA005191", "project_name": "Immune Correlates of Response and Resistance to Neoadjuvant Chemo-immunotherapy in Non-small Cell Lung Cancer", "tumor_subtype": "Non-small cell lung carcinoma"}, {"semantic_format": "TABULAR_BIO_DATA", "data_desc": "基因表达矩阵/表格数据", "count": 18, "study": "HRA005191", "project_name": "Immune Correlates of Response and Resistance to Neoadjuvant Chemo-immunotherapy in Non-small Cell Lung Cancer", "tumor_subtype": "Non-small cell lung carcinoma"}]
class100426	class1_tool_recommend	single_tool	免疫浸润与微环境分析	T018	immune_infiltration_iobr	HRA005191	Immune Correlates of Response and Resistance to Neoadjuvant Chemo-immunotherapy in Non-small Cell Lung Cancer	Non-small cell lung carcinoma	项目Immune Correlates of Response and Resistance to Neoadjuvant Chemo-immunotherapy in Non-small Cell Lung Cancer中有基因表达矩阵/表格数据，要完成免疫浸润与微环境分析，推荐使用哪个工具？	推荐工具 immune_infiltration_iobr（免疫浸润与微环境分析）。该工具需要输入：临床表型数据、基因表达矩阵/表格数据。图谱中项目 Immune Correlates of Response and Resistance to Neoadjuvant Chemo-immunotherapy in Non-small Cell Lung Cancer 的 HRA005191（癌种：Non-small cell lung carcinoma）存在这些输入数据，共 20 个匹配文件（文件引用已脱敏）。	["CLINICAL_DATA_EXCEL", "TABULAR_BIO_DATA"]	[]	["免疫浸润与微环境分析", "可视化与报告"]	["Clinical", "bulk_RNA"]		[{"semantic_format": "CLINICAL_DATA_EXCEL", "data_desc": "临床表型数据", "count": 2, "study": "HRA005191", "project_name": "Immune Correlates of Response and Resistance to Neoadjuvant Chemo-immunotherapy in Non-small Cell Lung Cancer", "tumor_subtype": "Non-small cell lung carcinoma"}, {"semantic_format": "TABULAR_BIO_DATA", "data_desc": "基因表达矩阵/表格数据", "count": 18, "study": "HRA005191", "project_name": "Immune Correlates of Response and Resistance to Neoadjuvant Chemo-immunotherapy in Non-small Cell Lung Cancer", "tumor_subtype": "Non-small cell lung carcinoma"}]
class100427	class1_tool_recommend	single_tool	无监督聚类分析	T020	rnaseq_unsupervised_cluster	HRA007413	Multi-omics research of acute myeloid leukemia	Acute Myeloid Leukemia	我拿到了Multi-omics research of acute myeloid leukemia的基因表达矩阵/表格数据，目标是无监督聚类分析，应该选哪个工具？	推荐工具 rnaseq_unsupervised_cluster（无监督聚类分析）。该工具需要输入：基因表达矩阵/表格数据。图谱中项目 Multi-omics research of acute myeloid leukemia 的 HRA007413（癌种：Acute Myeloid Leukemia）存在这些输入数据，共 3 个匹配文件（文件引用已脱敏）。	["TABULAR_BIO_DATA"]	[]	["可视化与报告", "无监督聚类分析"]	["bulk_RNA"]		[{"semantic_format": "TABULAR_BIO_DATA", "data_desc": "基因表达矩阵/表格数据", "count": 3, "study": "HRA007413", "project_name": "Multi-omics research of acute myeloid leukemia", "tumor_subtype": "Acute Myeloid Leukemia"}]
class100428	class1_tool_recommend	single_tool	共表达网络分析	T024	wgcna	HRA005191	Immune Correlates of Response and Resistance to Neoadjuvant Chemo-immunotherapy in Non-small Cell Lung Cancer	Non-small cell lung carcinoma	要完成共表达网络分析，手上有基因表达矩阵/表格数据，适合的工具是什么？	推荐工具 wgcna（共表达网络分析）。该工具需要输入：临床表型数据、基因表达矩阵/表格数据。图谱中项目 Immune Correlates of Response and Resistance to Neoadjuvant Chemo-immunotherapy in Non-small Cell Lung Cancer 的 HRA005191（癌种：Non-small cell lung carcinoma）存在这些输入数据，共 20 个匹配文件（文件引用已脱敏）。	["CLINICAL_DATA_EXCEL", "TABULAR_BIO_DATA"]	[]	["共表达网络分析"]	["Clinical", "bulk_RNA"]		[{"semantic_format": "CLINICAL_DATA_EXCEL", "data_desc": "临床表型数据", "count": 2, "study": "HRA005191", "project_name": "Immune Correlates of Response and Resistance to Neoadjuvant Chemo-immunotherapy in Non-small Cell Lung Cancer", "tumor_subtype": "Non-small cell lung carcinoma"}, {"semantic_format": "TABULAR_BIO_DATA", "data_desc": "基因表达矩阵/表格数据", "count": 18, "study": "HRA005191", "project_name": "Immune Correlates of Response and Resistance to Neoadjuvant Chemo-immunotherapy in Non-small Cell Lung Cancer", "tumor_subtype": "Non-small cell lung carcinoma"}]
class100429	class1_tool_recommend	single_tool	拷贝数变异分析	T028	cnvkit_cnv_clinical	HRA006117	Aging and leukemia	Acute Myeloid Leukemia	基于Aging and leukemia的转录组比对 BAM 数据做拷贝数变异分析，应该使用什么工具？	推荐工具 cnvkit_cnv_clinical（拷贝数变异分析）。该工具需要输入：基因组比对 BAM 数据。图谱中项目 Aging and leukemia 的 HRA006117（癌种：Acute Myeloid Leukemia）存在这些输入数据，共 570 个匹配文件（文件引用已脱敏）。	["DNA_GENOMIC_ALIGNMENT_BAM"]	[]	["可视化与报告", "拷贝数变异分析"]	["Clinical", "WES", "WGS"]		[{"semantic_format": "RNA_TRANSCRIPTOME_ALIGNMENT_BAM", "data_desc": "转录组比对 BAM 数据", "count": 570, "study": "HRA006117", "project_name": "Aging and leukemia", "tumor_subtype": "Acute Myeloid Leukemia"}]
class100430	class1_tool_recommend	single_tool	生存分析	T029	cox_model	HRA005191	Immune Correlates of Response and Resistance to Neoadjuvant Chemo-immunotherapy in Non-small Cell Lung Cancer	Non-small cell lung carcinoma	我想对基因表达矩阵/表格数据完成生存分析，应该用什么工具？	推荐工具 cox_model（生存分析）。该工具需要输入：临床表型数据、样本元数据、基因表达矩阵/表格数据。图谱中项目 Immune Correlates of Response and Resistance to Neoadjuvant Chemo-immunotherapy in Non-small Cell Lung Cancer 的 HRA005191（癌种：Non-small cell lung carcinoma）存在这些输入数据，共 22 个匹配文件（文件引用已脱敏）。	["CLINICAL_DATA_EXCEL", "METADATA_SAMPLE_INFO", "TABULAR_BIO_DATA"]	[]	["生存分析"]	["Clinical", "bulk_RNA"]		[{"semantic_format": "CLINICAL_DATA_EXCEL", "data_desc": "临床表型数据", "count": 2, "study": "HRA005191", "project_name": "Immune Correlates of Response and Resistance to Neoadjuvant Chemo-immunotherapy in Non-small Cell Lung Cancer", "tumor_subtype": "Non-small cell lung carcinoma"}, {"semantic_format": "METADATA_SAMPLE_INFO", "data_desc": "样本元数据", "count": 2, "study": "HRA005191", "project_name": "Immune Correlates of Response and Resistance to Neoadjuvant Chemo-immunotherapy in Non-small Cell Lung Cancer", "tumor_subtype": "Non-small cell lung carcinoma"}, {"semantic_format": "TABULAR_BIO_DATA", "data_desc": "基因表达矩阵/表格数据", "count": 18, "study": "HRA005191", "project_name": "Immune Correlates of Response and Resistance to Neoadjuvant Chemo-immunotherapy in Non-small Cell Lung Cancer", "tumor_subtype": "Non-small cell lung carcinoma"}]
class100431	class1_tool_recommend	single_tool	功能富集分析	T032	de_enrichment	HRA005191	Immune Correlates of Response and Resistance to Neoadjuvant Chemo-immunotherapy in Non-small Cell Lung Cancer	Non-small cell lung carcinoma	项目Immune Correlates of Response and Resistance to Neoadjuvant Chemo-immunotherapy in Non-small Cell Lung Cancer中有基因表达矩阵/表格数据，要完成功能富集分析，推荐使用哪个工具？	推荐工具 de_enrichment（功能富集分析）。该工具需要输入：临床表型数据、样本元数据、基因表达矩阵/表格数据。图谱中项目 Immune Correlates of Response and Resistance to Neoadjuvant Chemo-immunotherapy in Non-small Cell Lung Cancer 的 HRA005191（癌种：Non-small cell lung carcinoma）存在这些输入数据，共 22 个匹配文件（文件引用已脱敏）。	["CLINICAL_DATA_EXCEL", "METADATA_SAMPLE_INFO", "TABULAR_BIO_DATA"]	[]	["功能富集分析", "可视化与报告", "差异表达分析"]	["Clinical", "bulk_RNA"]		[{"semantic_format": "CLINICAL_DATA_EXCEL", "data_desc": "临床表型数据", "count": 2, "study": "HRA005191", "project_name": "Immune Correlates of Response and Resistance to Neoadjuvant Chemo-immunotherapy in Non-small Cell Lung Cancer", "tumor_subtype": "Non-small cell lung carcinoma"}, {"semantic_format": "METADATA_SAMPLE_INFO", "data_desc": "样本元数据", "count": 2, "study": "HRA005191", "project_name": "Immune Correlates of Response and Resistance to Neoadjuvant Chemo-immunotherapy in Non-small Cell Lung Cancer", "tumor_subtype": "Non-small cell lung carcinoma"}, {"semantic_format": "TABULAR_BIO_DATA", "data_desc": "基因表达矩阵/表格数据", "count": 18, "study": "HRA005191", "project_name": "Immune Correlates of Response and Resistance to Neoadjuvant Chemo-immunotherapy in Non-small Cell Lung Cancer", "tumor_subtype": "Non-small cell lung carcinoma"}]
class100432	class1_tool_recommend	single_tool	功能富集分析	T033	deg_enrichment	HRA005191	Immune Correlates of Response and Resistance to Neoadjuvant Chemo-immunotherapy in Non-small Cell Lung Cancer	Non-small cell lung carcinoma	我拿到了Immune Correlates of Response and Resistance to Neoadjuvant Chemo-immunotherapy in Non-small Cell Lung Cancer的基因表达矩阵/表格数据，目标是功能富集分析，应该选哪个工具？	推荐工具 deg_enrichment（功能富集分析）。该工具需要输入：临床表型数据、样本元数据、基因表达矩阵/表格数据。图谱中项目 Immune Correlates of Response and Resistance to Neoadjuvant Chemo-immunotherapy in Non-small Cell Lung Cancer 的 HRA005191（癌种：Non-small cell lung carcinoma）存在这些输入数据，共 22 个匹配文件（文件引用已脱敏）。	["CLINICAL_DATA_EXCEL", "METADATA_SAMPLE_INFO", "TABULAR_BIO_DATA"]	[]	["功能富集分析", "差异表达分析"]	["Clinical", "bulk_RNA"]		[{"semantic_format": "CLINICAL_DATA_EXCEL", "data_desc": "临床表型数据", "count": 2, "study": "HRA005191", "project_name": "Immune Correlates of Response and Resistance to Neoadjuvant Chemo-immunotherapy in Non-small Cell Lung Cancer", "tumor_subtype": "Non-small cell lung carcinoma"}, {"semantic_format": "METADATA_SAMPLE_INFO", "data_desc": "样本元数据", "count": 2, "study": "HRA005191", "project_name": "Immune Correlates of Response and Resistance to Neoadjuvant Chemo-immunotherapy in Non-small Cell Lung Cancer", "tumor_subtype": "Non-small cell lung carcinoma"}, {"semantic_format": "TABULAR_BIO_DATA", "data_desc": "基因表达矩阵/表格数据", "count": 18, "study": "HRA005191", "project_name": "Immune Correlates of Response and Resistance to Neoadjuvant Chemo-immunotherapy in Non-small Cell Lung Cancer", "tumor_subtype": "Non-small cell lung carcinoma"}]
class100433	class1_tool_recommend	single_tool	差异表达分析	T034	deg_trend	HRA005191	Immune Correlates of Response and Resistance to Neoadjuvant Chemo-immunotherapy in Non-small Cell Lung Cancer	Non-small cell lung carcinoma	要完成差异表达分析，手上有基因表达矩阵/表格数据，适合的工具是什么？	推荐工具 deg_trend（差异表达分析）。该工具需要输入：临床表型数据、样本元数据、基因表达矩阵/表格数据。图谱中项目 Immune Correlates of Response and Resistance to Neoadjuvant Chemo-immunotherapy in Non-small Cell Lung Cancer 的 HRA005191（癌种：Non-small cell lung carcinoma）存在这些输入数据，共 22 个匹配文件（文件引用已脱敏）。	["CLINICAL_DATA_EXCEL", "METADATA_SAMPLE_INFO", "TABULAR_BIO_DATA"]	[]	["可视化与报告", "差异表达分析"]	["Clinical", "bulk_RNA"]		[{"semantic_format": "CLINICAL_DATA_EXCEL", "data_desc": "临床表型数据", "count": 2, "study": "HRA005191", "project_name": "Immune Correlates of Response and Resistance to Neoadjuvant Chemo-immunotherapy in Non-small Cell Lung Cancer", "tumor_subtype": "Non-small cell lung carcinoma"}, {"semantic_format": "METADATA_SAMPLE_INFO", "data_desc": "样本元数据", "count": 2, "study": "HRA005191", "project_name": "Immune Correlates of Response and Resistance to Neoadjuvant Chemo-immunotherapy in Non-small Cell Lung Cancer", "tumor_subtype": "Non-small cell lung carcinoma"}, {"semantic_format": "TABULAR_BIO_DATA", "data_desc": "基因表达矩阵/表格数据", "count": 18, "study": "HRA005191", "project_name": "Immune Correlates of Response and Resistance to Neoadjuvant Chemo-immunotherapy in Non-small Cell Lung Cancer", "tumor_subtype": "Non-small cell lung carcinoma"}]
class100434	class1_tool_recommend	single_tool	可视化与报告	T035	gene_boxplot	HRA005191	Immune Correlates of Response and Resistance to Neoadjuvant Chemo-immunotherapy in Non-small Cell Lung Cancer	Non-small cell lung carcinoma	基于Immune Correlates of Response and Resistance to Neoadjuvant Chemo-immunotherapy in Non-small Cell Lung Cancer的基因表达矩阵/表格数据做可视化与报告，应该使用什么工具？	推荐工具 gene_boxplot（可视化与报告）。该工具需要输入：临床表型数据、样本元数据、基因表达矩阵/表格数据。图谱中项目 Immune Correlates of Response and Resistance to Neoadjuvant Chemo-immunotherapy in Non-small Cell Lung Cancer 的 HRA005191（癌种：Non-small cell lung carcinoma）存在这些输入数据，共 22 个匹配文件（文件引用已脱敏）。	["CLINICAL_DATA_EXCEL", "METADATA_SAMPLE_INFO", "TABULAR_BIO_DATA"]	[]	["可视化与报告"]	["Clinical", "bulk_RNA"]		[{"semantic_format": "CLINICAL_DATA_EXCEL", "data_desc": "临床表型数据", "count": 2, "study": "HRA005191", "project_name": "Immune Correlates of Response and Resistance to Neoadjuvant Chemo-immunotherapy in Non-small Cell Lung Cancer", "tumor_subtype": "Non-small cell lung carcinoma"}, {"semantic_format": "METADATA_SAMPLE_INFO", "data_desc": "样本元数据", "count": 2, "study": "HRA005191", "project_name": "Immune Correlates of Response and Resistance to Neoadjuvant Chemo-immunotherapy in Non-small Cell Lung Cancer", "tumor_subtype": "Non-small cell lung carcinoma"}, {"semantic_format": "TABULAR_BIO_DATA", "data_desc": "基因表达矩阵/表格数据", "count": 18, "study": "HRA005191", "project_name": "Immune Correlates of Response and Resistance to Neoadjuvant Chemo-immunotherapy in Non-small Cell Lung Cancer", "tumor_subtype": "Non-small cell lung carcinoma"}]
class100435	class1_tool_recommend	single_tool	功能富集分析	T036	gsea_pathway_enrichment	HRA005191	Immune Correlates of Response and Resistance to Neoadjuvant Chemo-immunotherapy in Non-small Cell Lung Cancer	Non-small cell lung carcinoma	我想对基因表达矩阵/表格数据完成功能富集分析，应该用什么工具？	推荐工具 gsea_pathway_enrichment（功能富集分析）。该工具需要输入：基因表达矩阵/表格数据。图谱中项目 Immune Correlates of Response and Resistance to Neoadjuvant Chemo-immunotherapy in Non-small Cell Lung Cancer 的 HRA005191（癌种：Non-small cell lung carcinoma）存在这些输入数据，共 18 个匹配文件（文件引用已脱敏）。	["TABULAR_BIO_DATA"]	[]	["功能富集分析"]	["Clinical", "bulk_RNA"]		[{"semantic_format": "TABULAR_BIO_DATA", "data_desc": "基因表达矩阵/表格数据", "count": 18, "study": "HRA005191", "project_name": "Immune Correlates of Response and Resistance to Neoadjuvant Chemo-immunotherapy in Non-small Cell Lung Cancer", "tumor_subtype": "Non-small cell lung carcinoma"}]
class100436	class1_tool_recommend	single_tool	生存分析	T040	km_survival	HRA005191	Immune Correlates of Response and Resistance to Neoadjuvant Chemo-immunotherapy in Non-small Cell Lung Cancer	Non-small cell lung carcinoma	项目Immune Correlates of Response and Resistance to Neoadjuvant Chemo-immunotherapy in Non-small Cell Lung Cancer中有基因表达矩阵/表格数据，要完成生存分析，推荐使用哪个工具？	推荐工具 km_survival（生存分析）。该工具需要输入：临床表型数据、样本元数据、基因表达矩阵/表格数据。图谱中项目 Immune Correlates of Response and Resistance to Neoadjuvant Chemo-immunotherapy in Non-small Cell Lung Cancer 的 HRA005191（癌种：Non-small cell lung carcinoma）存在这些输入数据，共 22 个匹配文件（文件引用已脱敏）。	["CLINICAL_DATA_EXCEL", "METADATA_SAMPLE_INFO", "TABULAR_BIO_DATA"]	[]	["可视化与报告", "生存分析"]	["Clinical", "bulk_RNA"]		[{"semantic_format": "CLINICAL_DATA_EXCEL", "data_desc": "临床表型数据", "count": 2, "study": "HRA005191", "project_name": "Immune Correlates of Response and Resistance to Neoadjuvant Chemo-immunotherapy in Non-small Cell Lung Cancer", "tumor_subtype": "Non-small cell lung carcinoma"}, {"semantic_format": "METADATA_SAMPLE_INFO", "data_desc": "样本元数据", "count": 2, "study": "HRA005191", "project_name": "Immune Correlates of Response and Resistance to Neoadjuvant Chemo-immunotherapy in Non-small Cell Lung Cancer", "tumor_subtype": "Non-small cell lung carcinoma"}, {"semantic_format": "TABULAR_BIO_DATA", "data_desc": "基因表达矩阵/表格数据", "count": 18, "study": "HRA005191", "project_name": "Immune Correlates of Response and Resistance to Neoadjuvant Chemo-immunotherapy in Non-small Cell Lung Cancer", "tumor_subtype": "Non-small cell lung carcinoma"}]
class100437	class1_tool_recommend	single_tool	表达矩阵预处理与归一化	T042	preprocess_counts	HRA007413	Multi-omics research of acute myeloid leukemia	Acute Myeloid Leukemia	我拿到了Multi-omics research of acute myeloid leukemia的基因表达矩阵/表格数据，目标是表达矩阵预处理与归一化，应该选哪个工具？	推荐工具 preprocess_counts（表达矩阵预处理与归一化）。该工具需要输入：基因表达矩阵/表格数据。图谱中项目 Multi-omics research of acute myeloid leukemia 的 HRA007413（癌种：Acute Myeloid Leukemia）存在这些输入数据，共 3 个匹配文件（文件引用已脱敏）。	["TABULAR_BIO_DATA"]	[]	["表达矩阵预处理与归一化"]	["bulk_RNA"]		[{"semantic_format": "TABULAR_BIO_DATA", "data_desc": "基因表达矩阵/表格数据", "count": 3, "study": "HRA007413", "project_name": "Multi-omics research of acute myeloid leukemia", "tumor_subtype": "Acute Myeloid Leukemia"}]
class100438	class1_tool_recommend	single_tool	RNA序列比对	T044	rnaseq_singletask	HRA007167	Multi-omics of acral melanoma	Acral melanoma	要完成RNA序列比对，手上有原始双端测序数据（R1），适合的工具是什么？	推荐工具 rnaseq_singletask（RNA序列比对）。该工具需要输入：原始双端测序数据（R1）、原始双端测序数据（R2）（另需公共参考资源：参考基因组 FASTA）。图谱中项目 Multi-omics of acral melanoma 的 HRA007167（癌种：Acral melanoma）存在这些输入数据，共 162 个匹配文件（文件引用已脱敏）。	["RAW_PAIRED_END_R1_FASTQ", "RAW_PAIRED_END_R2_FASTQ"]	["REFERENCE_GENOME_FASTA"]	["RNA序列比对", "接头与低质量序列修剪", "测序质量评估", "表达定量"]	["bulk_RNA"]		[{"semantic_format": "RAW_PAIRED_END_R1_FASTQ", "data_desc": "原始双端测序数据（R1）", "count": 81, "study": "HRA007167", "project_name": "Multi-omics of acral melanoma", "tumor_subtype": "Acral melanoma"}, {"semantic_format": "RAW_PAIRED_END_R2_FASTQ", "data_desc": "原始双端测序数据（R2）", "count": 81, "study": "HRA007167", "project_name": "Multi-omics of acral melanoma", "tumor_subtype": "Acral melanoma"}]
class100439	class1_tool_recommend	single_tool	可视化与报告	T046	stage_heatmap	HRA005191	Immune Correlates of Response and Resistance to Neoadjuvant Chemo-immunotherapy in Non-small Cell Lung Cancer	Non-small cell lung carcinoma	基于Immune Correlates of Response and Resistance to Neoadjuvant Chemo-immunotherapy in Non-small Cell Lung Cancer的基因表达矩阵/表格数据做可视化与报告，应该使用什么工具？	推荐工具 stage_heatmap（可视化与报告）。该工具需要输入：临床表型数据、样本元数据、基因表达矩阵/表格数据。图谱中项目 Immune Correlates of Response and Resistance to Neoadjuvant Chemo-immunotherapy in Non-small Cell Lung Cancer 的 HRA005191（癌种：Non-small cell lung carcinoma）存在这些输入数据，共 22 个匹配文件（文件引用已脱敏）。	["CLINICAL_DATA_EXCEL", "METADATA_SAMPLE_INFO", "TABULAR_BIO_DATA"]	[]	["可视化与报告"]	["Clinical", "bulk_RNA"]		[{"semantic_format": "CLINICAL_DATA_EXCEL", "data_desc": "临床表型数据", "count": 2, "study": "HRA005191", "project_name": "Immune Correlates of Response and Resistance to Neoadjuvant Chemo-immunotherapy in Non-small Cell Lung Cancer", "tumor_subtype": "Non-small cell lung carcinoma"}, {"semantic_format": "METADATA_SAMPLE_INFO", "data_desc": "样本元数据", "count": 2, "study": "HRA005191", "project_name": "Immune Correlates of Response and Resistance to Neoadjuvant Chemo-immunotherapy in Non-small Cell Lung Cancer", "tumor_subtype": "Non-small cell lung carcinoma"}, {"semantic_format": "TABULAR_BIO_DATA", "data_desc": "基因表达矩阵/表格数据", "count": 18, "study": "HRA005191", "project_name": "Immune Correlates of Response and Resistance to Neoadjuvant Chemo-immunotherapy in Non-small Cell Lung Cancer", "tumor_subtype": "Non-small cell lung carcinoma"}]
class100440	class1_tool_recommend	single_tool	可视化与报告	T048	umap	HRA005191	Immune Correlates of Response and Resistance to Neoadjuvant Chemo-immunotherapy in Non-small Cell Lung Cancer	Non-small cell lung carcinoma	我想对基因表达矩阵/表格数据完成可视化与报告，应该用什么工具？	推荐工具 umap（可视化与报告）。该工具需要输入：临床表型数据、样本元数据、基因表达矩阵/表格数据。图谱中项目 Immune Correlates of Response and Resistance to Neoadjuvant Chemo-immunotherapy in Non-small Cell Lung Cancer 的 HRA005191（癌种：Non-small cell lung carcinoma）存在这些输入数据，共 22 个匹配文件（文件引用已脱敏）。	["CLINICAL_DATA_EXCEL", "METADATA_SAMPLE_INFO", "TABULAR_BIO_DATA"]	[]	["可视化与报告"]	["Clinical", "bulk_RNA"]		[{"semantic_format": "CLINICAL_DATA_EXCEL", "data_desc": "临床表型数据", "count": 2, "study": "HRA005191", "project_name": "Immune Correlates of Response and Resistance to Neoadjuvant Chemo-immunotherapy in Non-small Cell Lung Cancer", "tumor_subtype": "Non-small cell lung carcinoma"}, {"semantic_format": "METADATA_SAMPLE_INFO", "data_desc": "样本元数据", "count": 2, "study": "HRA005191", "project_name": "Immune Correlates of Response and Resistance to Neoadjuvant Chemo-immunotherapy in Non-small Cell Lung Cancer", "tumor_subtype": "Non-small cell lung carcinoma"}, {"semantic_format": "TABULAR_BIO_DATA", "data_desc": "基因表达矩阵/表格数据", "count": 18, "study": "HRA005191", "project_name": "Immune Correlates of Response and Resistance to Neoadjuvant Chemo-immunotherapy in Non-small Cell Lung Cancer", "tumor_subtype": "Non-small cell lung carcinoma"}]
class100441	class1_tool_recommend	single_tool	共表达网络分析	T050	wgcna_hub	HRA005191	Immune Correlates of Response and Resistance to Neoadjuvant Chemo-immunotherapy in Non-small Cell Lung Cancer	Non-small cell lung carcinoma	项目Immune Correlates of Response and Resistance to Neoadjuvant Chemo-immunotherapy in Non-small Cell Lung Cancer中有基因表达矩阵/表格数据，要完成共表达网络分析，推荐使用哪个工具？	推荐工具 wgcna_hub（共表达网络分析）。该工具需要输入：临床表型数据、样本元数据、基因表达矩阵/表格数据。图谱中项目 Immune Correlates of Response and Resistance to Neoadjuvant Chemo-immunotherapy in Non-small Cell Lung Cancer 的 HRA005191（癌种：Non-small cell lung carcinoma）存在这些输入数据，共 22 个匹配文件（文件引用已脱敏）。	["CLINICAL_DATA_EXCEL", "METADATA_SAMPLE_INFO", "TABULAR_BIO_DATA"]	[]	["共表达网络分析"]	["Clinical", "bulk_RNA"]		[{"semantic_format": "CLINICAL_DATA_EXCEL", "data_desc": "临床表型数据", "count": 2, "study": "HRA005191", "project_name": "Immune Correlates of Response and Resistance to Neoadjuvant Chemo-immunotherapy in Non-small Cell Lung Cancer", "tumor_subtype": "Non-small cell lung carcinoma"}, {"semantic_format": "METADATA_SAMPLE_INFO", "data_desc": "样本元数据", "count": 2, "study": "HRA005191", "project_name": "Immune Correlates of Response and Resistance to Neoadjuvant Chemo-immunotherapy in Non-small Cell Lung Cancer", "tumor_subtype": "Non-small cell lung carcinoma"}, {"semantic_format": "TABULAR_BIO_DATA", "data_desc": "基因表达矩阵/表格数据", "count": 18, "study": "HRA005191", "project_name": "Immune Correlates of Response and Resistance to Neoadjuvant Chemo-immunotherapy in Non-small Cell Lung Cancer", "tumor_subtype": "Non-small cell lung carcinoma"}]
class100442	class1_tool_recommend	single_tool	共表达网络分析	T051	wgcna_module_trait	HRA005191	Immune Correlates of Response and Resistance to Neoadjuvant Chemo-immunotherapy in Non-small Cell Lung Cancer	Non-small cell lung carcinoma	我拿到了Immune Correlates of Response and Resistance to Neoadjuvant Chemo-immunotherapy in Non-small Cell Lung Cancer的基因表达矩阵/表格数据，目标是共表达网络分析，应该选哪个工具？	推荐工具 wgcna_module_trait（共表达网络分析）。该工具需要输入：临床表型数据、样本元数据、基因表达矩阵/表格数据。图谱中项目 Immune Correlates of Response and Resistance to Neoadjuvant Chemo-immunotherapy in Non-small Cell Lung Cancer 的 HRA005191（癌种：Non-small cell lung carcinoma）存在这些输入数据，共 22 个匹配文件（文件引用已脱敏）。	["CLINICAL_DATA_EXCEL", "METADATA_SAMPLE_INFO", "TABULAR_BIO_DATA"]	[]	["共表达网络分析"]	["Clinical", "bulk_RNA"]		[{"semantic_format": "CLINICAL_DATA_EXCEL", "data_desc": "临床表型数据", "count": 2, "study": "HRA005191", "project_name": "Immune Correlates of Response and Resistance to Neoadjuvant Chemo-immunotherapy in Non-small Cell Lung Cancer", "tumor_subtype": "Non-small cell lung carcinoma"}, {"semantic_format": "METADATA_SAMPLE_INFO", "data_desc": "样本元数据", "count": 2, "study": "HRA005191", "project_name": "Immune Correlates of Response and Resistance to Neoadjuvant Chemo-immunotherapy in Non-small Cell Lung Cancer", "tumor_subtype": "Non-small cell lung carcinoma"}, {"semantic_format": "TABULAR_BIO_DATA", "data_desc": "基因表达矩阵/表格数据", "count": 18, "study": "HRA005191", "project_name": "Immune Correlates of Response and Resistance to Neoadjuvant Chemo-immunotherapy in Non-small Cell Lung Cancer", "tumor_subtype": "Non-small cell lung carcinoma"}]
class100443	class1_tool_recommend	single_tool	结构变异检测	T053	manta_structural_variants	HRA016026	Multi-omics Landscape of Central Nervous System Tumors	Lung Cancer	要完成结构变异检测，手上有碱基质量校正后的比对 BAM 数据，适合的工具是什么？	推荐工具 manta_structural_variants（结构变异检测）。该工具需要输入：基因组比对 BAM 数据（另需公共参考资源：参考基因组 FASTA）。图谱中项目 Multi-omics Landscape of Central Nervous System Tumors 的 HRA016026（癌种：Lung Cancer）存在这些输入数据，共 700 个匹配文件（文件引用已脱敏）。	["DNA_GENOMIC_ALIGNMENT_BAM"]	["REFERENCE_GENOME_FASTA"]	["结构变异检测"]	["WES", "WGS"]		[{"semantic_format": "DNA_ALIGNMENT_BQSR_BAM", "data_desc": "碱基质量校正后的比对 BAM 数据", "count": 700, "study": "HRA016026", "project_name": "Multi-omics Landscape of Central Nervous System Tumors", "tumor_subtype": "Lung Cancer"}]
class100444	class1_tool_recommend	single_tool	基因融合检测	T054	star_fusion	HRA002693	Multi-center RNA sequencing analysis for acute myeloid leukemia	Acute Myeloid Leukemia	基于Multi-center RNA sequencing analysis for acute myeloid leukemia的原始双端测序数据（R1）做基因融合检测，应该使用什么工具？	推荐工具 star_fusion（基因融合检测）。该工具需要输入：样本元数据、原始双端测序数据（R1）、原始双端测序数据（R2）。图谱中项目 Multi-center RNA sequencing analysis for acute myeloid leukemia 的 HRA002693（癌种：Acute Myeloid Leukemia）存在这些输入数据，共 1311 个匹配文件（文件引用已脱敏）。	["METADATA_SAMPLE_INFO", "RAW_PAIRED_END_R1_FASTQ", "RAW_PAIRED_END_R2_FASTQ"]	[]	["基因融合检测"]	["Clinical", "bulk_RNA"]		[{"semantic_format": "METADATA_SAMPLE_INFO", "data_desc": "样本元数据", "count": 1, "study": "HRA002693", "project_name": "Multi-center RNA sequencing analysis for acute myeloid leukemia", "tumor_subtype": "Acute Myeloid Leukemia"}, {"semantic_format": "RAW_PAIRED_END_R1_FASTQ", "data_desc": "原始双端测序数据（R1）", "count": 655, "study": "HRA002693", "project_name": "Multi-center RNA sequencing analysis for acute myeloid leukemia", "tumor_subtype": "Acute Myeloid Leukemia"}, {"semantic_format": "RAW_PAIRED_END_R2_FASTQ", "data_desc": "原始双端测序数据（R2）", "count": 655, "study": "HRA002693", "project_name": "Multi-center RNA sequencing analysis for acute myeloid leukemia", "tumor_subtype": "Acute Myeloid Leukemia"}]
class100445	class1_tool_recommend	single_tool	测序质量评估	T002	fastqc	HRA002693	Multi-center RNA sequencing analysis for acute myeloid leukemia	Acute Myeloid Leukemia	我想对原始双端测序数据（R1）完成测序质量评估，应该用什么工具？	推荐工具 fastqc（测序质量评估）。该工具需要输入：原始单端测序数据。图谱中项目 Multi-center RNA sequencing analysis for acute myeloid leukemia 的 HRA002693（癌种：Acute Myeloid Leukemia）存在这些输入数据，共 1310 个匹配文件（文件引用已脱敏）。	["RAW_SINGLE_END_FASTQ"]	[]	["可视化与报告", "测序质量评估"]	["WES", "WGS", "bulk_RNA", "sc-RNA"]		[{"semantic_format": "RAW_PAIRED_END_R1_FASTQ", "data_desc": "原始双端测序数据（R1）", "count": 655, "study": "HRA002693", "project_name": "Multi-center RNA sequencing analysis for acute myeloid leukemia", "tumor_subtype": "Acute Myeloid Leukemia"}, {"semantic_format": "RAW_PAIRED_END_R2_FASTQ", "data_desc": "原始双端测序数据（R2）", "count": 655, "study": "HRA002693", "project_name": "Multi-center RNA sequencing analysis for acute myeloid leukemia", "tumor_subtype": "Acute Myeloid Leukemia"}]
class100446	class1_tool_recommend	single_tool	接头与低质量序列修剪	T004	trim_galore	HRA007413	Multi-omics research of acute myeloid leukemia	Acute Myeloid Leukemia	项目Multi-omics research of acute myeloid leukemia中有原始双端测序数据（R1），要完成接头与低质量序列修剪，推荐使用哪个工具？	推荐工具 trim_galore（接头与低质量序列修剪）。该工具需要输入：原始双端测序数据（R1）、原始双端测序数据（R2）。图谱中项目 Multi-omics research of acute myeloid leukemia 的 HRA007413（癌种：Acute Myeloid Leukemia）存在这些输入数据，共 1468 个匹配文件（文件引用已脱敏）。	["RAW_PAIRED_END_R1_FASTQ", "RAW_PAIRED_END_R2_FASTQ"]	[]	["接头与低质量序列修剪"]	["bulk_RNA"]		[{"semantic_format": "RAW_PAIRED_END_R1_FASTQ", "data_desc": "原始双端测序数据（R1）", "count": 734, "study": "HRA007413", "project_name": "Multi-omics research of acute myeloid leukemia", "tumor_subtype": "Acute Myeloid Leukemia"}, {"semantic_format": "RAW_PAIRED_END_R2_FASTQ", "data_desc": "原始双端测序数据（R2）", "count": 734, "study": "HRA007413", "project_name": "Multi-omics research of acute myeloid leukemia", "tumor_subtype": "Acute Myeloid Leukemia"}]
class100447	class1_tool_recommend	single_tool	RNA序列比对	T005	star	HRA007413	Multi-omics research of acute myeloid leukemia	Acute Myeloid Leukemia	我拿到了Multi-omics research of acute myeloid leukemia的原始双端测序数据（R1），目标是RNA序列比对，应该选哪个工具？	推荐工具 star（RNA序列比对）。该工具需要输入：原始双端测序数据（R1）、原始双端测序数据（R2）（另需公共参考资源：参考基因组 FASTA）。图谱中项目 Multi-omics research of acute myeloid leukemia 的 HRA007413（癌种：Acute Myeloid Leukemia）存在这些输入数据，共 1468 个匹配文件（文件引用已脱敏）。	["RAW_PAIRED_END_R1_FASTQ", "RAW_PAIRED_END_R2_FASTQ"]	["REFERENCE_GENOME_FASTA"]	["RNA序列比对"]	["bulk_RNA"]		[{"semantic_format": "RAW_PAIRED_END_R1_FASTQ", "data_desc": "原始双端测序数据（R1）", "count": 734, "study": "HRA007413", "project_name": "Multi-omics research of acute myeloid leukemia", "tumor_subtype": "Acute Myeloid Leukemia"}, {"semantic_format": "RAW_PAIRED_END_R2_FASTQ", "data_desc": "原始双端测序数据（R2）", "count": 734, "study": "HRA007413", "project_name": "Multi-omics research of acute myeloid leukemia", "tumor_subtype": "Acute Myeloid Leukemia"}]
class100448	class1_tool_recommend	single_tool	比对后处理与去重	T007	samtools	HRA006499	Pharmacogenomic profiling of intra-tumor heterogeneity by a large organoid biobank of liver cancer	Liver Cancer	要完成比对后处理与去重，手上有碱基质量校正后的比对 BAM 数据，适合的工具是什么？	推荐工具 samtools（比对后处理与去重）。该工具需要输入：基因组比对 BAM 数据。图谱中项目 Pharmacogenomic profiling of intra-tumor heterogeneity by a large organoid biobank of liver cancer 的 HRA006499（癌种：Liver Cancer）存在这些输入数据，共 763 个匹配文件（文件引用已脱敏）。	["DNA_GENOMIC_ALIGNMENT_BAM"]	[]	["比对后处理与去重"]	["WES", "WGS", "bulk_RNA"]		[{"semantic_format": "DNA_ALIGNMENT_BQSR_BAM", "data_desc": "碱基质量校正后的比对 BAM 数据", "count": 763, "study": "HRA006499", "project_name": "Pharmacogenomic profiling of intra-tumor heterogeneity by a large organoid biobank of liver cancer", "tumor_subtype": "Liver Cancer"}]
class100449	class1_tool_recommend	single_tool	生存分析	T017	her2_pfs_survival	HRA006117	Aging and leukemia	Acute Myeloid Leukemia	基于Aging and leukemia的基因表达矩阵/表格数据做生存分析，应该使用什么工具？	推荐工具 her2_pfs_survival（生存分析）。该工具需要输入：临床表型数据、基因表达矩阵/表格数据。图谱中项目 Aging and leukemia 的 HRA006117（癌种：Acute Myeloid Leukemia）存在这些输入数据，共 4 个匹配文件（文件引用已脱敏）。	["CLINICAL_DATA_EXCEL", "TABULAR_BIO_DATA"]	[]	["可视化与报告", "生存分析"]	["Clinical", "bulk_RNA"]		[{"semantic_format": "CLINICAL_DATA_EXCEL", "data_desc": "临床表型数据", "count": 1, "study": "HRA006117", "project_name": "Aging and leukemia", "tumor_subtype": "Acute Myeloid Leukemia"}, {"semantic_format": "TABULAR_BIO_DATA", "data_desc": "基因表达矩阵/表格数据", "count": 3, "study": "HRA006117", "project_name": "Aging and leukemia", "tumor_subtype": "Acute Myeloid Leukemia"}]
class100450	class1_tool_recommend	single_tool	免疫浸润与微环境分析	T018	immune_infiltration_iobr	HRA006117	Aging and leukemia	Acute Myeloid Leukemia	我想对基因表达矩阵/表格数据完成免疫浸润与微环境分析，应该用什么工具？	推荐工具 immune_infiltration_iobr（免疫浸润与微环境分析）。该工具需要输入：临床表型数据、基因表达矩阵/表格数据。图谱中项目 Aging and leukemia 的 HRA006117（癌种：Acute Myeloid Leukemia）存在这些输入数据，共 4 个匹配文件（文件引用已脱敏）。	["CLINICAL_DATA_EXCEL", "TABULAR_BIO_DATA"]	[]	["免疫浸润与微环境分析", "可视化与报告"]	["Clinical", "bulk_RNA"]		[{"semantic_format": "CLINICAL_DATA_EXCEL", "data_desc": "临床表型数据", "count": 1, "study": "HRA006117", "project_name": "Aging and leukemia", "tumor_subtype": "Acute Myeloid Leukemia"}, {"semantic_format": "TABULAR_BIO_DATA", "data_desc": "基因表达矩阵/表格数据", "count": 3, "study": "HRA006117", "project_name": "Aging and leukemia", "tumor_subtype": "Acute Myeloid Leukemia"}]
class100451	class1_tool_recommend	tool_chain	测序质量评估	T001,T002	fastp -> fastqc	HRA000071	Chinese Glioma Genome Altas (CGGA) - WES dataset	Malignant Glioma	要完成测序质量评估，从原始双端测序数据（R1）开始需要经过哪些工具依次处理？	推荐工具链：fastp -> fastqc。流程为：接头与低质量序列修剪。起始输入为项目 Chinese Glioma Genome Altas (CGGA) - WES dataset（HRA000071）中的 原始双端测序数据（R1），该数据真实存在（文件引用已脱敏），可依次完成目标：测序质量评估。	["RAW_PAIRED_END_R1_FASTQ", "RAW_PAIRED_END_R2_FASTQ"]	[]	"接头与低质量序列修剪"	[]		[{"study": "HRA000071", "project_name": "Chinese Glioma Genome Altas (CGGA) - WES dataset", "tumor_subtype": "Malignant Glioma", "semantic_format": "RAW_PAIRED_END_R1_FASTQ", "data_desc": "原始双端测序数据（R1）", "count": 572}]
class100452	class1_tool_recommend	tool_chain	RNA序列比对	T001,T005	fastp -> star	HRA000071	Chinese Glioma Genome Altas (CGGA) - WES dataset	Malignant Glioma	项目Chinese Glioma Genome Altas (CGGA) - WES dataset中有原始双端测序数据（R1），如果要RNA序列比对，推荐一条包含2个工具的处理流程是什么？	推荐工具链：fastp -> star。流程为：接头与低质量序列修剪。起始输入为项目 Chinese Glioma Genome Altas (CGGA) - WES dataset（HRA000071）中的 原始双端测序数据（R1），该数据真实存在（文件引用已脱敏），可依次完成目标：RNA序列比对。	["RAW_PAIRED_END_R1_FASTQ", "RAW_PAIRED_END_R2_FASTQ"]	[]	"接头与低质量序列修剪"	[]		[{"study": "HRA000071", "project_name": "Chinese Glioma Genome Altas (CGGA) - WES dataset", "tumor_subtype": "Malignant Glioma", "semantic_format": "RAW_PAIRED_END_R1_FASTQ", "data_desc": "原始双端测序数据（R1）", "count": 572}]
class100453	class1_tool_recommend	tool_chain	DNA序列比对	T001,T006	fastp -> bwa	HRA000071	Chinese Glioma Genome Altas (CGGA) - WES dataset	Malignant Glioma	我想从原始双端测序数据（R1）出发，依次完成接头与低质量序列修剪，最终DNA序列比对，应该使用哪些工具？	推荐工具链：fastp -> bwa。流程为：接头与低质量序列修剪。起始输入为项目 Chinese Glioma Genome Altas (CGGA) - WES dataset（HRA000071）中的 原始双端测序数据（R1），该数据真实存在（文件引用已脱敏），可依次完成目标：DNA序列比对。	["RAW_PAIRED_END_R1_FASTQ", "RAW_PAIRED_END_R2_FASTQ"]	[]	"接头与低质量序列修剪"	[]		[{"study": "HRA000071", "project_name": "Chinese Glioma Genome Altas (CGGA) - WES dataset", "tumor_subtype": "Malignant Glioma", "semantic_format": "RAW_PAIRED_END_R1_FASTQ", "data_desc": "原始双端测序数据（R1）", "count": 572}]
class100454	class1_tool_recommend	tool_chain	测序质量评估	T001,T002	fastp -> fastqc	HRA000122	Integrated Genomic Analyses Identify High-Risk Factors Associated with Poor Outcomes of T-ALL	Acute T cell leukemia	要完成测序质量评估，从原始双端测序数据（R1）开始需要经过哪些工具依次处理？	推荐工具链：fastp -> fastqc。流程为：接头与低质量序列修剪。起始输入为项目 Integrated Genomic Analyses Identify High-Risk Factors Associated with Poor Outcomes of T-ALL（HRA000122）中的 原始双端测序数据（R1），该数据真实存在（文件引用已脱敏），可依次完成目标：测序质量评估。	["RAW_PAIRED_END_R1_FASTQ", "RAW_PAIRED_END_R2_FASTQ"]	[]	"接头与低质量序列修剪"	[]		[{"study": "HRA000122", "project_name": "Integrated Genomic Analyses Identify High-Risk Factors Associated with Poor Outcomes of T-ALL", "tumor_subtype": "Acute T cell leukemia", "semantic_format": "RAW_PAIRED_END_R1_FASTQ", "data_desc": "原始双端测序数据（R1）", "count": 348}]
class100455	class1_tool_recommend	tool_chain	RNA序列比对	T001,T005	fastp -> star	HRA000122	Integrated Genomic Analyses Identify High-Risk Factors Associated with Poor Outcomes of T-ALL	Acute T cell leukemia	项目Integrated Genomic Analyses Identify High-Risk Factors Associated with Poor Outcomes of T-ALL中有原始双端测序数据（R1），如果要RNA序列比对，推荐一条包含2个工具的处理流程是什么？	推荐工具链：fastp -> star。流程为：接头与低质量序列修剪。起始输入为项目 Integrated Genomic Analyses Identify High-Risk Factors Associated with Poor Outcomes of T-ALL（HRA000122）中的 原始双端测序数据（R1），该数据真实存在（文件引用已脱敏），可依次完成目标：RNA序列比对。	["RAW_PAIRED_END_R1_FASTQ", "RAW_PAIRED_END_R2_FASTQ"]	[]	"接头与低质量序列修剪"	[]		[{"study": "HRA000122", "project_name": "Integrated Genomic Analyses Identify High-Risk Factors Associated with Poor Outcomes of T-ALL", "tumor_subtype": "Acute T cell leukemia", "semantic_format": "RAW_PAIRED_END_R1_FASTQ", "data_desc": "原始双端测序数据（R1）", "count": 348}]
class100456	class1_tool_recommend	tool_chain	DNA序列比对	T001,T006	fastp -> bwa	HRA000122	Integrated Genomic Analyses Identify High-Risk Factors Associated with Poor Outcomes of T-ALL	Acute T cell leukemia	我想从原始双端测序数据（R1）出发，依次完成接头与低质量序列修剪，最终DNA序列比对，应该使用哪些工具？	推荐工具链：fastp -> bwa。流程为：接头与低质量序列修剪。起始输入为项目 Integrated Genomic Analyses Identify High-Risk Factors Associated with Poor Outcomes of T-ALL（HRA000122）中的 原始双端测序数据（R1），该数据真实存在（文件引用已脱敏），可依次完成目标：DNA序列比对。	["RAW_PAIRED_END_R1_FASTQ", "RAW_PAIRED_END_R2_FASTQ"]	[]	"接头与低质量序列修剪"	[]		[{"study": "HRA000122", "project_name": "Integrated Genomic Analyses Identify High-Risk Factors Associated with Poor Outcomes of T-ALL", "tumor_subtype": "Acute T cell leukemia", "semantic_format": "RAW_PAIRED_END_R1_FASTQ", "data_desc": "原始双端测序数据（R1）", "count": 348}]
class100457	class1_tool_recommend	tool_chain	测序质量评估	T001,T002	fastp -> fastqc	HRA000873	Whole  exome sequencing  of patients with CRC from the Changkang project	Colorectal Cancer	要完成测序质量评估，从原始双端测序数据（R1）开始需要经过哪些工具依次处理？	推荐工具链：fastp -> fastqc。流程为：接头与低质量序列修剪。起始输入为项目 Whole  exome sequencing  of patients with CRC from the Changkang project（HRA000873）中的 原始双端测序数据（R1），该数据真实存在（文件引用已脱敏），可依次完成目标：测序质量评估。	["RAW_PAIRED_END_R1_FASTQ", "RAW_PAIRED_END_R2_FASTQ"]	[]	"接头与低质量序列修剪"	[]		[{"study": "HRA000873", "project_name": "Whole  exome sequencing  of patients with CRC from the Changkang project", "tumor_subtype": "Colorectal Cancer", "semantic_format": "RAW_PAIRED_END_R1_FASTQ", "data_desc": "原始双端测序数据（R1）", "count": 2030}]
class100458	class1_tool_recommend	tool_chain	RNA序列比对	T001,T005	fastp -> star	HRA000873	Whole  exome sequencing  of patients with CRC from the Changkang project	Colorectal Cancer	项目Whole  exome sequencing  of patients with CRC from the Changkang project中有原始双端测序数据（R1），如果要RNA序列比对，推荐一条包含2个工具的处理流程是什么？	推荐工具链：fastp -> star。流程为：接头与低质量序列修剪。起始输入为项目 Whole  exome sequencing  of patients with CRC from the Changkang project（HRA000873）中的 原始双端测序数据（R1），该数据真实存在（文件引用已脱敏），可依次完成目标：RNA序列比对。	["RAW_PAIRED_END_R1_FASTQ", "RAW_PAIRED_END_R2_FASTQ"]	[]	"接头与低质量序列修剪"	[]		[{"study": "HRA000873", "project_name": "Whole  exome sequencing  of patients with CRC from the Changkang project", "tumor_subtype": "Colorectal Cancer", "semantic_format": "RAW_PAIRED_END_R1_FASTQ", "data_desc": "原始双端测序数据（R1）", "count": 2030}]
class100459	class1_tool_recommend	tool_chain	DNA序列比对	T001,T006	fastp -> bwa	HRA000873	Whole  exome sequencing  of patients with CRC from the Changkang project	Colorectal Cancer	我想从原始双端测序数据（R1）出发，依次完成接头与低质量序列修剪，最终DNA序列比对，应该使用哪些工具？	推荐工具链：fastp -> bwa。流程为：接头与低质量序列修剪。起始输入为项目 Whole  exome sequencing  of patients with CRC from the Changkang project（HRA000873）中的 原始双端测序数据（R1），该数据真实存在（文件引用已脱敏），可依次完成目标：DNA序列比对。	["RAW_PAIRED_END_R1_FASTQ", "RAW_PAIRED_END_R2_FASTQ"]	[]	"接头与低质量序列修剪"	[]		[{"study": "HRA000873", "project_name": "Whole  exome sequencing  of patients with CRC from the Changkang project", "tumor_subtype": "Colorectal Cancer", "semantic_format": "RAW_PAIRED_END_R1_FASTQ", "data_desc": "原始双端测序数据（R1）", "count": 2030}]
class100460	class1_tool_recommend	tool_chain	测序质量评估	T001,T002	fastp -> fastqc	HRA001272	Integrated genomic and transcriptomic profiling dissects spatiotemporal evolution of metastatic hepatocellular carcinoma	Hepatocellular carcinoma	要完成测序质量评估，从原始双端测序数据（R1）开始需要经过哪些工具依次处理？	推荐工具链：fastp -> fastqc。流程为：接头与低质量序列修剪。起始输入为项目 Integrated genomic and transcriptomic profiling dissects spatiotemporal evolution of metastatic hepatocellular carcinoma（HRA001272）中的 原始双端测序数据（R1），该数据真实存在（文件引用已脱敏），可依次完成目标：测序质量评估。	["RAW_PAIRED_END_R1_FASTQ", "RAW_PAIRED_END_R2_FASTQ"]	[]	"接头与低质量序列修剪"	[]		[{"study": "HRA001272", "project_name": "Integrated genomic and transcriptomic profiling dissects spatiotemporal evolution of metastatic hepatocellular carcinoma", "tumor_subtype": "Hepatocellular carcinoma", "semantic_format": "RAW_PAIRED_END_R1_FASTQ", "data_desc": "原始双端测序数据（R1）", "count": 1180}]
class100461	class1_tool_recommend	tool_chain	RNA序列比对	T001,T005	fastp -> star	HRA001272	Integrated genomic and transcriptomic profiling dissects spatiotemporal evolution of metastatic hepatocellular carcinoma	Hepatocellular carcinoma	项目Integrated genomic and transcriptomic profiling dissects spatiotemporal evolution of metastatic hepatocellular carcinoma中有原始双端测序数据（R1），如果要RNA序列比对，推荐一条包含2个工具的处理流程是什么？	推荐工具链：fastp -> star。流程为：接头与低质量序列修剪。起始输入为项目 Integrated genomic and transcriptomic profiling dissects spatiotemporal evolution of metastatic hepatocellular carcinoma（HRA001272）中的 原始双端测序数据（R1），该数据真实存在（文件引用已脱敏），可依次完成目标：RNA序列比对。	["RAW_PAIRED_END_R1_FASTQ", "RAW_PAIRED_END_R2_FASTQ"]	[]	"接头与低质量序列修剪"	[]		[{"study": "HRA001272", "project_name": "Integrated genomic and transcriptomic profiling dissects spatiotemporal evolution of metastatic hepatocellular carcinoma", "tumor_subtype": "Hepatocellular carcinoma", "semantic_format": "RAW_PAIRED_END_R1_FASTQ", "data_desc": "原始双端测序数据（R1）", "count": 1180}]
class100462	class1_tool_recommend	tool_chain	DNA序列比对	T001,T006	fastp -> bwa	HRA001272	Integrated genomic and transcriptomic profiling dissects spatiotemporal evolution of metastatic hepatocellular carcinoma	Hepatocellular carcinoma	我想从原始双端测序数据（R1）出发，依次完成接头与低质量序列修剪，最终DNA序列比对，应该使用哪些工具？	推荐工具链：fastp -> bwa。流程为：接头与低质量序列修剪。起始输入为项目 Integrated genomic and transcriptomic profiling dissects spatiotemporal evolution of metastatic hepatocellular carcinoma（HRA001272）中的 原始双端测序数据（R1），该数据真实存在（文件引用已脱敏），可依次完成目标：DNA序列比对。	["RAW_PAIRED_END_R1_FASTQ", "RAW_PAIRED_END_R2_FASTQ"]	[]	"接头与低质量序列修剪"	[]		[{"study": "HRA001272", "project_name": "Integrated genomic and transcriptomic profiling dissects spatiotemporal evolution of metastatic hepatocellular carcinoma", "tumor_subtype": "Hepatocellular carcinoma", "semantic_format": "RAW_PAIRED_END_R1_FASTQ", "data_desc": "原始双端测序数据（R1）", "count": 1180}]
class100463	class1_tool_recommend	tool_chain	测序质量评估	T001,T002	fastp -> fastqc	HRA001749	scRNA-seq of liver cancer	Liver Cancer	要完成测序质量评估，从原始双端测序数据（R1）开始需要经过哪些工具依次处理？	推荐工具链：fastp -> fastqc。流程为：接头与低质量序列修剪。起始输入为项目 scRNA-seq of liver cancer（HRA001749）中的 原始双端测序数据（R1），该数据真实存在（文件引用已脱敏），可依次完成目标：测序质量评估。	["RAW_PAIRED_END_R1_FASTQ", "RAW_PAIRED_END_R2_FASTQ"]	[]	"接头与低质量序列修剪"	[]		[{"study": "HRA001749", "project_name": "scRNA-seq of liver cancer", "tumor_subtype": "Liver Cancer", "semantic_format": "RAW_PAIRED_END_R1_FASTQ", "data_desc": "原始双端测序数据（R1）", "count": 178}]
class100464	class1_tool_recommend	tool_chain	RNA序列比对	T001,T005	fastp -> star	HRA001749	scRNA-seq of liver cancer	Liver Cancer	项目scRNA-seq of liver cancer中有原始双端测序数据（R1），如果要RNA序列比对，推荐一条包含2个工具的处理流程是什么？	推荐工具链：fastp -> star。流程为：接头与低质量序列修剪。起始输入为项目 scRNA-seq of liver cancer（HRA001749）中的 原始双端测序数据（R1），该数据真实存在（文件引用已脱敏），可依次完成目标：RNA序列比对。	["RAW_PAIRED_END_R1_FASTQ", "RAW_PAIRED_END_R2_FASTQ"]	[]	"接头与低质量序列修剪"	[]		[{"study": "HRA001749", "project_name": "scRNA-seq of liver cancer", "tumor_subtype": "Liver Cancer", "semantic_format": "RAW_PAIRED_END_R1_FASTQ", "data_desc": "原始双端测序数据（R1）", "count": 178}]
class100465	class1_tool_recommend	tool_chain	DNA序列比对	T001,T006	fastp -> bwa	HRA001749	scRNA-seq of liver cancer	Liver Cancer	我想从原始双端测序数据（R1）出发，依次完成接头与低质量序列修剪，最终DNA序列比对，应该使用哪些工具？	推荐工具链：fastp -> bwa。流程为：接头与低质量序列修剪。起始输入为项目 scRNA-seq of liver cancer（HRA001749）中的 原始双端测序数据（R1），该数据真实存在（文件引用已脱敏），可依次完成目标：DNA序列比对。	["RAW_PAIRED_END_R1_FASTQ", "RAW_PAIRED_END_R2_FASTQ"]	[]	"接头与低质量序列修剪"	[]		[{"study": "HRA001749", "project_name": "scRNA-seq of liver cancer", "tumor_subtype": "Liver Cancer", "semantic_format": "RAW_PAIRED_END_R1_FASTQ", "data_desc": "原始双端测序数据（R1）", "count": 178}]
class100466	class1_tool_recommend	tool_chain	测序质量评估	T001,T002	fastp -> fastqc	HRA006499	Pharmacogenomic profiling of intra-tumor heterogeneity by a large organoid biobank of liver cancer	Liver Cancer	要完成测序质量评估，从原始双端测序数据（R1）开始需要经过哪些工具依次处理？	推荐工具链：fastp -> fastqc。流程为：接头与低质量序列修剪。起始输入为项目 Pharmacogenomic profiling of intra-tumor heterogeneity by a large organoid biobank of liver cancer（HRA006499）中的 原始双端测序数据（R1），该数据真实存在（文件引用已脱敏），可依次完成目标：测序质量评估。	["RAW_PAIRED_END_R1_FASTQ", "RAW_PAIRED_END_R2_FASTQ"]	[]	"接头与低质量序列修剪"	[]		[{"study": "HRA006499", "project_name": "Pharmacogenomic profiling of intra-tumor heterogeneity by a large organoid biobank of liver cancer", "tumor_subtype": "Liver Cancer", "semantic_format": "RAW_PAIRED_END_R1_FASTQ", "data_desc": "原始双端测序数据（R1）", "count": 763}]
class100467	class1_tool_recommend	tool_chain	RNA序列比对	T001,T005	fastp -> star	HRA006499	Pharmacogenomic profiling of intra-tumor heterogeneity by a large organoid biobank of liver cancer	Liver Cancer	项目Pharmacogenomic profiling of intra-tumor heterogeneity by a large organoid biobank of liver cancer中有原始双端测序数据（R1），如果要RNA序列比对，推荐一条包含2个工具的处理流程是什么？	推荐工具链：fastp -> star。流程为：接头与低质量序列修剪。起始输入为项目 Pharmacogenomic profiling of intra-tumor heterogeneity by a large organoid biobank of liver cancer（HRA006499）中的 原始双端测序数据（R1），该数据真实存在（文件引用已脱敏），可依次完成目标：RNA序列比对。	["RAW_PAIRED_END_R1_FASTQ", "RAW_PAIRED_END_R2_FASTQ"]	[]	"接头与低质量序列修剪"	[]		[{"study": "HRA006499", "project_name": "Pharmacogenomic profiling of intra-tumor heterogeneity by a large organoid biobank of liver cancer", "tumor_subtype": "Liver Cancer", "semantic_format": "RAW_PAIRED_END_R1_FASTQ", "data_desc": "原始双端测序数据（R1）", "count": 763}]
class100468	class1_tool_recommend	tool_chain	DNA序列比对	T001,T006	fastp -> bwa	HRA006499	Pharmacogenomic profiling of intra-tumor heterogeneity by a large organoid biobank of liver cancer	Liver Cancer	我想从原始双端测序数据（R1）出发，依次完成接头与低质量序列修剪，最终DNA序列比对，应该使用哪些工具？	推荐工具链：fastp -> bwa。流程为：接头与低质量序列修剪。起始输入为项目 Pharmacogenomic profiling of intra-tumor heterogeneity by a large organoid biobank of liver cancer（HRA006499）中的 原始双端测序数据（R1），该数据真实存在（文件引用已脱敏），可依次完成目标：DNA序列比对。	["RAW_PAIRED_END_R1_FASTQ", "RAW_PAIRED_END_R2_FASTQ"]	[]	"接头与低质量序列修剪"	[]		[{"study": "HRA006499", "project_name": "Pharmacogenomic profiling of intra-tumor heterogeneity by a large organoid biobank of liver cancer", "tumor_subtype": "Liver Cancer", "semantic_format": "RAW_PAIRED_END_R1_FASTQ", "data_desc": "原始双端测序数据（R1）", "count": 763}]
class100469	class1_tool_recommend	tool_chain	测序质量评估	T001,T002	fastp -> fastqc	HRA007169	Multi-omics of acral melanoma	Acral melanoma	要完成测序质量评估，从原始双端测序数据（R1）开始需要经过哪些工具依次处理？	推荐工具链：fastp -> fastqc。流程为：接头与低质量序列修剪。起始输入为项目 Multi-omics of acral melanoma（HRA007169）中的 原始双端测序数据（R1），该数据真实存在（文件引用已脱敏），可依次完成目标：测序质量评估。	["RAW_PAIRED_END_R1_FASTQ", "RAW_PAIRED_END_R2_FASTQ"]	[]	"接头与低质量序列修剪"	[]		[{"study": "HRA007169", "project_name": "Multi-omics of acral melanoma", "tumor_subtype": "Acral melanoma", "semantic_format": "RAW_PAIRED_END_R1_FASTQ", "data_desc": "原始双端测序数据（R1）", "count": 168}]
class100470	class1_tool_recommend	tool_chain	RNA序列比对	T001,T005	fastp -> star	HRA007169	Multi-omics of acral melanoma	Acral melanoma	项目Multi-omics of acral melanoma中有原始双端测序数据（R1），如果要RNA序列比对，推荐一条包含2个工具的处理流程是什么？	推荐工具链：fastp -> star。流程为：接头与低质量序列修剪。起始输入为项目 Multi-omics of acral melanoma（HRA007169）中的 原始双端测序数据（R1），该数据真实存在（文件引用已脱敏），可依次完成目标：RNA序列比对。	["RAW_PAIRED_END_R1_FASTQ", "RAW_PAIRED_END_R2_FASTQ"]	[]	"接头与低质量序列修剪"	[]		[{"study": "HRA007169", "project_name": "Multi-omics of acral melanoma", "tumor_subtype": "Acral melanoma", "semantic_format": "RAW_PAIRED_END_R1_FASTQ", "data_desc": "原始双端测序数据（R1）", "count": 168}]
class100471	class1_tool_recommend	tool_chain	DNA序列比对	T001,T006	fastp -> bwa	HRA007169	Multi-omics of acral melanoma	Acral melanoma	我想从原始双端测序数据（R1）出发，依次完成接头与低质量序列修剪，最终DNA序列比对，应该使用哪些工具？	推荐工具链：fastp -> bwa。流程为：接头与低质量序列修剪。起始输入为项目 Multi-omics of acral melanoma（HRA007169）中的 原始双端测序数据（R1），该数据真实存在（文件引用已脱敏），可依次完成目标：DNA序列比对。	["RAW_PAIRED_END_R1_FASTQ", "RAW_PAIRED_END_R2_FASTQ"]	[]	"接头与低质量序列修剪"	[]		[{"study": "HRA007169", "project_name": "Multi-omics of acral melanoma", "tumor_subtype": "Acral melanoma", "semantic_format": "RAW_PAIRED_END_R1_FASTQ", "data_desc": "原始双端测序数据（R1）", "count": 168}]
class100472	class1_tool_recommend	tool_chain	测序质量评估	T001,T002	fastp -> fastqc	HRA007413	Multi-omics research of acute myeloid leukemia	Acute Myeloid Leukemia	要完成测序质量评估，从原始双端测序数据（R1）开始需要经过哪些工具依次处理？	推荐工具链：fastp -> fastqc。流程为：接头与低质量序列修剪。起始输入为项目 Multi-omics research of acute myeloid leukemia（HRA007413）中的 原始双端测序数据（R1），该数据真实存在（文件引用已脱敏），可依次完成目标：测序质量评估。	["RAW_PAIRED_END_R1_FASTQ", "RAW_PAIRED_END_R2_FASTQ"]	[]	"接头与低质量序列修剪"	[]		[{"study": "HRA007413", "project_name": "Multi-omics research of acute myeloid leukemia", "tumor_subtype": "Acute Myeloid Leukemia", "semantic_format": "RAW_PAIRED_END_R1_FASTQ", "data_desc": "原始双端测序数据（R1）", "count": 734}]
class100473	class1_tool_recommend	tool_chain	RNA序列比对	T001,T005	fastp -> star	HRA007413	Multi-omics research of acute myeloid leukemia	Acute Myeloid Leukemia	项目Multi-omics research of acute myeloid leukemia中有原始双端测序数据（R1），如果要RNA序列比对，推荐一条包含2个工具的处理流程是什么？	推荐工具链：fastp -> star。流程为：接头与低质量序列修剪。起始输入为项目 Multi-omics research of acute myeloid leukemia（HRA007413）中的 原始双端测序数据（R1），该数据真实存在（文件引用已脱敏），可依次完成目标：RNA序列比对。	["RAW_PAIRED_END_R1_FASTQ", "RAW_PAIRED_END_R2_FASTQ"]	[]	"接头与低质量序列修剪"	[]		[{"study": "HRA007413", "project_name": "Multi-omics research of acute myeloid leukemia", "tumor_subtype": "Acute Myeloid Leukemia", "semantic_format": "RAW_PAIRED_END_R1_FASTQ", "data_desc": "原始双端测序数据（R1）", "count": 734}]
class100474	class1_tool_recommend	tool_chain	DNA序列比对	T001,T006	fastp -> bwa	HRA007413	Multi-omics research of acute myeloid leukemia	Acute Myeloid Leukemia	我想从原始双端测序数据（R1）出发，依次完成接头与低质量序列修剪，最终DNA序列比对，应该使用哪些工具？	推荐工具链：fastp -> bwa。流程为：接头与低质量序列修剪。起始输入为项目 Multi-omics research of acute myeloid leukemia（HRA007413）中的 原始双端测序数据（R1），该数据真实存在（文件引用已脱敏），可依次完成目标：DNA序列比对。	["RAW_PAIRED_END_R1_FASTQ", "RAW_PAIRED_END_R2_FASTQ"]	[]	"接头与低质量序列修剪"	[]		[{"study": "HRA007413", "project_name": "Multi-omics research of acute myeloid leukemia", "tumor_subtype": "Acute Myeloid Leukemia", "semantic_format": "RAW_PAIRED_END_R1_FASTQ", "data_desc": "原始双端测序数据（R1）", "count": 734}]
class100475	class1_tool_recommend	tool_chain	测序质量评估	T001,T002	fastp -> fastqc	HRA016026	Multi-omics Landscape of Central Nervous System Tumors	Lung Cancer	要完成测序质量评估，从原始双端测序数据（R1）开始需要经过哪些工具依次处理？	推荐工具链：fastp -> fastqc。流程为：接头与低质量序列修剪。起始输入为项目 Multi-omics Landscape of Central Nervous System Tumors（HRA016026）中的 原始双端测序数据（R1），该数据真实存在（文件引用已脱敏），可依次完成目标：测序质量评估。	["RAW_PAIRED_END_R1_FASTQ", "RAW_PAIRED_END_R2_FASTQ"]	[]	"接头与低质量序列修剪"	[]		[{"study": "HRA016026", "project_name": "Multi-omics Landscape of Central Nervous System Tumors", "tumor_subtype": "Lung Cancer", "semantic_format": "RAW_PAIRED_END_R1_FASTQ", "data_desc": "原始双端测序数据（R1）", "count": 1384}]
class100476	class1_tool_recommend	tool_chain	RNA序列比对	T001,T005	fastp -> star	HRA016026	Multi-omics Landscape of Central Nervous System Tumors	Lung Cancer	项目Multi-omics Landscape of Central Nervous System Tumors中有原始双端测序数据（R1），如果要RNA序列比对，推荐一条包含2个工具的处理流程是什么？	推荐工具链：fastp -> star。流程为：接头与低质量序列修剪。起始输入为项目 Multi-omics Landscape of Central Nervous System Tumors（HRA016026）中的 原始双端测序数据（R1），该数据真实存在（文件引用已脱敏），可依次完成目标：RNA序列比对。	["RAW_PAIRED_END_R1_FASTQ", "RAW_PAIRED_END_R2_FASTQ"]	[]	"接头与低质量序列修剪"	[]		[{"study": "HRA016026", "project_name": "Multi-omics Landscape of Central Nervous System Tumors", "tumor_subtype": "Lung Cancer", "semantic_format": "RAW_PAIRED_END_R1_FASTQ", "data_desc": "原始双端测序数据（R1）", "count": 1384}]
class100477	class1_tool_recommend	tool_chain	DNA序列比对	T001,T006	fastp -> bwa	HRA016026	Multi-omics Landscape of Central Nervous System Tumors	Lung Cancer	我想从原始双端测序数据（R1）出发，依次完成接头与低质量序列修剪，最终DNA序列比对，应该使用哪些工具？	推荐工具链：fastp -> bwa。流程为：接头与低质量序列修剪。起始输入为项目 Multi-omics Landscape of Central Nervous System Tumors（HRA016026）中的 原始双端测序数据（R1），该数据真实存在（文件引用已脱敏），可依次完成目标：DNA序列比对。	["RAW_PAIRED_END_R1_FASTQ", "RAW_PAIRED_END_R2_FASTQ"]	[]	"接头与低质量序列修剪"	[]		[{"study": "HRA016026", "project_name": "Multi-omics Landscape of Central Nervous System Tumors", "tumor_subtype": "Lung Cancer", "semantic_format": "RAW_PAIRED_END_R1_FASTQ", "data_desc": "原始双端测序数据（R1）", "count": 1384}]
class100478	class1_tool_recommend	tool_chain	RNA序列比对	T004,T005	trim_galore -> star	HRA000073	Chinese Glioma Genome Altas (CGGA) - RNA-seq dataset (325)	Malignant Glioma	要完成RNA序列比对，从原始双端测序数据（R1）开始需要经过哪些工具依次处理？	推荐工具链：trim_galore -> star。流程为：接头与低质量序列修剪。起始输入为项目 Chinese Glioma Genome Altas (CGGA) - RNA-seq dataset (325)（HRA000073）中的 原始双端测序数据（R1），该数据真实存在（文件引用已脱敏），可依次完成目标：RNA序列比对。	["RAW_PAIRED_END_R1_FASTQ", "RAW_PAIRED_END_R2_FASTQ"]	[]	"接头与低质量序列修剪"	[]		[{"study": "HRA000073", "project_name": "Chinese Glioma Genome Altas (CGGA) - RNA-seq dataset (325)", "tumor_subtype": "Malignant Glioma", "semantic_format": "RAW_PAIRED_END_R1_FASTQ", "data_desc": "原始双端测序数据（R1）", "count": 325}]
class100479	class1_tool_recommend	tool_chain	RNA序列比对	T004,T005	trim_galore -> star	HRA000074	Chinese Glioma Genome Altas (CGGA) - RNA-seq dataset (693)	High grade glioma	项目Chinese Glioma Genome Altas (CGGA) - RNA-seq dataset (693)中有原始双端测序数据（R1），如果要RNA序列比对，推荐一条包含2个工具的处理流程是什么？	推荐工具链：trim_galore -> star。流程为：接头与低质量序列修剪。起始输入为项目 Chinese Glioma Genome Altas (CGGA) - RNA-seq dataset (693)（HRA000074）中的 原始双端测序数据（R1），该数据真实存在（文件引用已脱敏），可依次完成目标：RNA序列比对。	["RAW_PAIRED_END_R1_FASTQ", "RAW_PAIRED_END_R2_FASTQ"]	[]	"接头与低质量序列修剪"	[]		[{"study": "HRA000074", "project_name": "Chinese Glioma Genome Altas (CGGA) - RNA-seq dataset (693)", "tumor_subtype": "High grade glioma", "semantic_format": "RAW_PAIRED_END_R1_FASTQ", "data_desc": "原始双端测序数据（R1）", "count": 693}]
class100480	class1_tool_recommend	tool_chain	RNA序列比对	T004,T005	trim_galore -> star	HRA000087	Single-cell RNA analysis reveals an epithelial-immune dual feature of tumor cells in nasopharyngeal carcinoma	Nasopharynx Carcinoma	我想从原始双端测序数据（R1）出发，依次完成接头与低质量序列修剪，最终RNA序列比对，应该使用哪些工具？	推荐工具链：trim_galore -> star。流程为：接头与低质量序列修剪。起始输入为项目 Single-cell RNA analysis reveals an epithelial-immune dual feature of tumor cells in nasopharyngeal carcinoma（HRA000087）中的 原始双端测序数据（R1），该数据真实存在（文件引用已脱敏），可依次完成目标：RNA序列比对。	["RAW_PAIRED_END_R1_FASTQ", "RAW_PAIRED_END_R2_FASTQ"]	[]	"接头与低质量序列修剪"	[]		[{"study": "HRA000087", "project_name": "Single-cell RNA analysis reveals an epithelial-immune dual feature of tumor cells in nasopharyngeal carcinoma", "tumor_subtype": "Nasopharynx Carcinoma", "semantic_format": "RAW_PAIRED_END_R1_FASTQ", "data_desc": "原始双端测序数据（R1）", "count": 1553}]
class100481	class1_tool_recommend	tool_chain	RNA序列比对	T004,T005	trim_galore -> star	HRA000122	Integrated Genomic Analyses Identify High-Risk Factors Associated with Poor Outcomes of T-ALL	Acute T cell leukemia	要完成RNA序列比对，从原始双端测序数据（R1）开始需要经过哪些工具依次处理？	推荐工具链：trim_galore -> star。流程为：接头与低质量序列修剪。起始输入为项目 Integrated Genomic Analyses Identify High-Risk Factors Associated with Poor Outcomes of T-ALL（HRA000122）中的 原始双端测序数据（R1），该数据真实存在（文件引用已脱敏），可依次完成目标：RNA序列比对。	["RAW_PAIRED_END_R1_FASTQ", "RAW_PAIRED_END_R2_FASTQ"]	[]	"接头与低质量序列修剪"	[]		[{"study": "HRA000122", "project_name": "Integrated Genomic Analyses Identify High-Risk Factors Associated with Poor Outcomes of T-ALL", "tumor_subtype": "Acute T cell leukemia", "semantic_format": "RAW_PAIRED_END_R1_FASTQ", "data_desc": "原始双端测序数据（R1）", "count": 348}]
class100482	class1_tool_recommend	tool_chain	RNA序列比对	T004,T005	trim_galore -> star	HRA001272	Integrated genomic and transcriptomic profiling dissects spatiotemporal evolution of metastatic hepatocellular carcinoma	Hepatocellular carcinoma	项目Integrated genomic and transcriptomic profiling dissects spatiotemporal evolution of metastatic hepatocellular carcinoma中有原始双端测序数据（R1），如果要RNA序列比对，推荐一条包含2个工具的处理流程是什么？	推荐工具链：trim_galore -> star。流程为：接头与低质量序列修剪。起始输入为项目 Integrated genomic and transcriptomic profiling dissects spatiotemporal evolution of metastatic hepatocellular carcinoma（HRA001272）中的 原始双端测序数据（R1），该数据真实存在（文件引用已脱敏），可依次完成目标：RNA序列比对。	["RAW_PAIRED_END_R1_FASTQ", "RAW_PAIRED_END_R2_FASTQ"]	[]	"接头与低质量序列修剪"	[]		[{"study": "HRA001272", "project_name": "Integrated genomic and transcriptomic profiling dissects spatiotemporal evolution of metastatic hepatocellular carcinoma", "tumor_subtype": "Hepatocellular carcinoma", "semantic_format": "RAW_PAIRED_END_R1_FASTQ", "data_desc": "原始双端测序数据（R1）", "count": 1180}]
class100483	class1_tool_recommend	tool_chain	RNA序列比对	T004,T005	trim_galore -> star	HRA002693	Multi-center RNA sequencing analysis for acute myeloid leukemia	Acute Myeloid Leukemia	我想从原始双端测序数据（R1）出发，依次完成接头与低质量序列修剪，最终RNA序列比对，应该使用哪些工具？	推荐工具链：trim_galore -> star。流程为：接头与低质量序列修剪。起始输入为项目 Multi-center RNA sequencing analysis for acute myeloid leukemia（HRA002693）中的 原始双端测序数据（R1），该数据真实存在（文件引用已脱敏），可依次完成目标：RNA序列比对。	["RAW_PAIRED_END_R1_FASTQ", "RAW_PAIRED_END_R2_FASTQ"]	[]	"接头与低质量序列修剪"	[]		[{"study": "HRA002693", "project_name": "Multi-center RNA sequencing analysis for acute myeloid leukemia", "tumor_subtype": "Acute Myeloid Leukemia", "semantic_format": "RAW_PAIRED_END_R1_FASTQ", "data_desc": "原始双端测序数据（R1）", "count": 655}]
class100484	class1_tool_recommend	tool_chain	RNA序列比对	T004,T005	trim_galore -> star	HRA003107	Multi-omics integrative analysis of esophageal squamous carcinoma	Esophageal Squamous Cell Carcinoma	要完成RNA序列比对，从原始双端测序数据（R1）开始需要经过哪些工具依次处理？	推荐工具链：trim_galore -> star。流程为：接头与低质量序列修剪。起始输入为项目 Multi-omics integrative analysis of esophageal squamous carcinoma（HRA003107）中的 原始双端测序数据（R1），该数据真实存在（文件引用已脱敏），可依次完成目标：RNA序列比对。	["RAW_PAIRED_END_R1_FASTQ", "RAW_PAIRED_END_R2_FASTQ"]	[]	"接头与低质量序列修剪"	[]		[{"study": "HRA003107", "project_name": "Multi-omics integrative analysis of esophageal squamous carcinoma", "tumor_subtype": "Esophageal Squamous Cell Carcinoma", "semantic_format": "RAW_PAIRED_END_R1_FASTQ", "data_desc": "原始双端测序数据（R1）", "count": 576}]
class100485	class1_tool_recommend	tool_chain	RNA序列比对	T004,T005	trim_galore -> star	HRA005191	Immune Correlates of Response and Resistance to Neoadjuvant Chemo-immunotherapy in Non-small Cell Lung Cancer	Non-small cell lung carcinoma	项目Immune Correlates of Response and Resistance to Neoadjuvant Chemo-immunotherapy in Non-small Cell Lung Cancer中有原始双端测序数据（R1），如果要RNA序列比对，推荐一条包含2个工具的处理流程是什么？	推荐工具链：trim_galore -> star。流程为：接头与低质量序列修剪。起始输入为项目 Immune Correlates of Response and Resistance to Neoadjuvant Chemo-immunotherapy in Non-small Cell Lung Cancer（HRA005191）中的 原始双端测序数据（R1），该数据真实存在（文件引用已脱敏），可依次完成目标：RNA序列比对。	["RAW_PAIRED_END_R1_FASTQ", "RAW_PAIRED_END_R2_FASTQ"]	[]	"接头与低质量序列修剪"	[]		[{"study": "HRA005191", "project_name": "Immune Correlates of Response and Resistance to Neoadjuvant Chemo-immunotherapy in Non-small Cell Lung Cancer", "tumor_subtype": "Non-small cell lung carcinoma", "semantic_format": "RAW_PAIRED_END_R1_FASTQ", "data_desc": "原始双端测序数据（R1）", "count": 485}]
class100486	class1_tool_recommend	tool_chain	RNA序列比对	T004,T005	trim_galore -> star	HRA006117	Aging and leukemia	Acute Myeloid Leukemia	我想从原始双端测序数据（R1）出发，依次完成接头与低质量序列修剪，最终RNA序列比对，应该使用哪些工具？	推荐工具链：trim_galore -> star。流程为：接头与低质量序列修剪。起始输入为项目 Aging and leukemia（HRA006117）中的 原始双端测序数据（R1），该数据真实存在（文件引用已脱敏），可依次完成目标：RNA序列比对。	["RAW_PAIRED_END_R1_FASTQ", "RAW_PAIRED_END_R2_FASTQ"]	[]	"接头与低质量序列修剪"	[]		[{"study": "HRA006117", "project_name": "Aging and leukemia", "tumor_subtype": "Acute Myeloid Leukemia", "semantic_format": "RAW_PAIRED_END_R1_FASTQ", "data_desc": "原始双端测序数据（R1）", "count": 835}]
class100487	class1_tool_recommend	tool_chain	RNA序列比对	T004,T005	trim_galore -> star	HRA006499	Pharmacogenomic profiling of intra-tumor heterogeneity by a large organoid biobank of liver cancer	Liver Cancer	要完成RNA序列比对，从原始双端测序数据（R1）开始需要经过哪些工具依次处理？	推荐工具链：trim_galore -> star。流程为：接头与低质量序列修剪。起始输入为项目 Pharmacogenomic profiling of intra-tumor heterogeneity by a large organoid biobank of liver cancer（HRA006499）中的 原始双端测序数据（R1），该数据真实存在（文件引用已脱敏），可依次完成目标：RNA序列比对。	["RAW_PAIRED_END_R1_FASTQ", "RAW_PAIRED_END_R2_FASTQ"]	[]	"接头与低质量序列修剪"	[]		[{"study": "HRA006499", "project_name": "Pharmacogenomic profiling of intra-tumor heterogeneity by a large organoid biobank of liver cancer", "tumor_subtype": "Liver Cancer", "semantic_format": "RAW_PAIRED_END_R1_FASTQ", "data_desc": "原始双端测序数据（R1）", "count": 763}]
class100488	class1_tool_recommend	tool_chain	RNA序列比对	T004,T005	trim_galore -> star	HRA007167	Multi-omics of acral melanoma	Acral melanoma	项目Multi-omics of acral melanoma中有原始双端测序数据（R1），如果要RNA序列比对，推荐一条包含2个工具的处理流程是什么？	推荐工具链：trim_galore -> star。流程为：接头与低质量序列修剪。起始输入为项目 Multi-omics of acral melanoma（HRA007167）中的 原始双端测序数据（R1），该数据真实存在（文件引用已脱敏），可依次完成目标：RNA序列比对。	["RAW_PAIRED_END_R1_FASTQ", "RAW_PAIRED_END_R2_FASTQ"]	[]	"接头与低质量序列修剪"	[]		[{"study": "HRA007167", "project_name": "Multi-omics of acral melanoma", "tumor_subtype": "Acral melanoma", "semantic_format": "RAW_PAIRED_END_R1_FASTQ", "data_desc": "原始双端测序数据（R1）", "count": 81}]
class100489	class1_tool_recommend	tool_chain	RNA序列比对	T004,T005	trim_galore -> star	HRA007413	Multi-omics research of acute myeloid leukemia	Acute Myeloid Leukemia	我想从原始双端测序数据（R1）出发，依次完成接头与低质量序列修剪，最终RNA序列比对，应该使用哪些工具？	推荐工具链：trim_galore -> star。流程为：接头与低质量序列修剪。起始输入为项目 Multi-omics research of acute myeloid leukemia（HRA007413）中的 原始双端测序数据（R1），该数据真实存在（文件引用已脱敏），可依次完成目标：RNA序列比对。	["RAW_PAIRED_END_R1_FASTQ", "RAW_PAIRED_END_R2_FASTQ"]	[]	"接头与低质量序列修剪"	[]		[{"study": "HRA007413", "project_name": "Multi-omics research of acute myeloid leukemia", "tumor_subtype": "Acute Myeloid Leukemia", "semantic_format": "RAW_PAIRED_END_R1_FASTQ", "data_desc": "原始双端测序数据（R1）", "count": 734}]
class100490	class1_tool_recommend	tool_chain	RNA序列比对	T004,T005	trim_galore -> star	HRA016026	Multi-omics Landscape of Central Nervous System Tumors	Lung Cancer	要完成RNA序列比对，从原始双端测序数据（R1）开始需要经过哪些工具依次处理？	推荐工具链：trim_galore -> star。流程为：接头与低质量序列修剪。起始输入为项目 Multi-omics Landscape of Central Nervous System Tumors（HRA016026）中的 原始双端测序数据（R1），该数据真实存在（文件引用已脱敏），可依次完成目标：RNA序列比对。	["RAW_PAIRED_END_R1_FASTQ", "RAW_PAIRED_END_R2_FASTQ"]	[]	"接头与低质量序列修剪"	[]		[{"study": "HRA016026", "project_name": "Multi-omics Landscape of Central Nervous System Tumors", "tumor_subtype": "Lung Cancer", "semantic_format": "RAW_PAIRED_END_R1_FASTQ", "data_desc": "原始双端测序数据（R1）", "count": 1384}]
class100491	class1_tool_recommend	tool_chain	表达定量	T005,T011	star -> rsem	HRA000073	Chinese Glioma Genome Altas (CGGA) - RNA-seq dataset (325)	Malignant Glioma	项目Chinese Glioma Genome Altas (CGGA) - RNA-seq dataset (325)中有原始双端测序数据（R1），如果要表达定量，推荐一条包含2个工具的处理流程是什么？	推荐工具链：star -> rsem。流程为：RNA序列比对。起始输入为项目 Chinese Glioma Genome Altas (CGGA) - RNA-seq dataset (325)（HRA000073）中的 原始双端测序数据（R1），该数据真实存在（文件引用已脱敏），可依次完成目标：表达定量。	["RAW_PAIRED_END_R1_FASTQ", "RAW_PAIRED_END_R2_FASTQ"]	["REFERENCE_GENOME_FASTA"]	"RNA序列比对"	[]		[{"study": "HRA000073", "project_name": "Chinese Glioma Genome Altas (CGGA) - RNA-seq dataset (325)", "tumor_subtype": "Malignant Glioma", "semantic_format": "RAW_PAIRED_END_R1_FASTQ", "data_desc": "原始双端测序数据（R1）", "count": 325}]
class100492	class1_tool_recommend	tool_chain	比对后处理与去重	T005,T007	star -> samtools	HRA000073	Chinese Glioma Genome Altas (CGGA) - RNA-seq dataset (325)	Malignant Glioma	我想从原始双端测序数据（R1）出发，依次完成RNA序列比对，最终比对后处理与去重，应该使用哪些工具？	推荐工具链：star -> samtools。流程为：RNA序列比对。起始输入为项目 Chinese Glioma Genome Altas (CGGA) - RNA-seq dataset (325)（HRA000073）中的 原始双端测序数据（R1），该数据真实存在（文件引用已脱敏），可依次完成目标：比对后处理与去重。	["RAW_PAIRED_END_R1_FASTQ", "RAW_PAIRED_END_R2_FASTQ"]	["REFERENCE_GENOME_FASTA"]	"RNA序列比对"	[]		[{"study": "HRA000073", "project_name": "Chinese Glioma Genome Altas (CGGA) - RNA-seq dataset (325)", "tumor_subtype": "Malignant Glioma", "semantic_format": "RAW_PAIRED_END_R1_FASTQ", "data_desc": "原始双端测序数据（R1）", "count": 325}]
class100493	class1_tool_recommend	tool_chain	表达定量	T005,T011	star -> rsem	HRA000074	Chinese Glioma Genome Altas (CGGA) - RNA-seq dataset (693)	High grade glioma	要完成表达定量，从原始双端测序数据（R1）开始需要经过哪些工具依次处理？	推荐工具链：star -> rsem。流程为：RNA序列比对。起始输入为项目 Chinese Glioma Genome Altas (CGGA) - RNA-seq dataset (693)（HRA000074）中的 原始双端测序数据（R1），该数据真实存在（文件引用已脱敏），可依次完成目标：表达定量。	["RAW_PAIRED_END_R1_FASTQ", "RAW_PAIRED_END_R2_FASTQ"]	["REFERENCE_GENOME_FASTA"]	"RNA序列比对"	[]		[{"study": "HRA000074", "project_name": "Chinese Glioma Genome Altas (CGGA) - RNA-seq dataset (693)", "tumor_subtype": "High grade glioma", "semantic_format": "RAW_PAIRED_END_R1_FASTQ", "data_desc": "原始双端测序数据（R1）", "count": 693}]
class100494	class1_tool_recommend	tool_chain	比对后处理与去重	T005,T007	star -> samtools	HRA000074	Chinese Glioma Genome Altas (CGGA) - RNA-seq dataset (693)	High grade glioma	项目Chinese Glioma Genome Altas (CGGA) - RNA-seq dataset (693)中有原始双端测序数据（R1），如果要比对后处理与去重，推荐一条包含2个工具的处理流程是什么？	推荐工具链：star -> samtools。流程为：RNA序列比对。起始输入为项目 Chinese Glioma Genome Altas (CGGA) - RNA-seq dataset (693)（HRA000074）中的 原始双端测序数据（R1），该数据真实存在（文件引用已脱敏），可依次完成目标：比对后处理与去重。	["RAW_PAIRED_END_R1_FASTQ", "RAW_PAIRED_END_R2_FASTQ"]	["REFERENCE_GENOME_FASTA"]	"RNA序列比对"	[]		[{"study": "HRA000074", "project_name": "Chinese Glioma Genome Altas (CGGA) - RNA-seq dataset (693)", "tumor_subtype": "High grade glioma", "semantic_format": "RAW_PAIRED_END_R1_FASTQ", "data_desc": "原始双端测序数据（R1）", "count": 693}]
class100495	class1_tool_recommend	tool_chain	表达定量	T005,T011	star -> rsem	HRA000087	Single-cell RNA analysis reveals an epithelial-immune dual feature of tumor cells in nasopharyngeal carcinoma	Nasopharynx Carcinoma	我想从原始双端测序数据（R1）出发，依次完成RNA序列比对，最终表达定量，应该使用哪些工具？	推荐工具链：star -> rsem。流程为：RNA序列比对。起始输入为项目 Single-cell RNA analysis reveals an epithelial-immune dual feature of tumor cells in nasopharyngeal carcinoma（HRA000087）中的 原始双端测序数据（R1），该数据真实存在（文件引用已脱敏），可依次完成目标：表达定量。	["RAW_PAIRED_END_R1_FASTQ", "RAW_PAIRED_END_R2_FASTQ"]	["REFERENCE_GENOME_FASTA"]	"RNA序列比对"	[]		[{"study": "HRA000087", "project_name": "Single-cell RNA analysis reveals an epithelial-immune dual feature of tumor cells in nasopharyngeal carcinoma", "tumor_subtype": "Nasopharynx Carcinoma", "semantic_format": "RAW_PAIRED_END_R1_FASTQ", "data_desc": "原始双端测序数据（R1）", "count": 1553}]
class100496	class1_tool_recommend	tool_chain	比对后处理与去重	T005,T007	star -> samtools	HRA000087	Single-cell RNA analysis reveals an epithelial-immune dual feature of tumor cells in nasopharyngeal carcinoma	Nasopharynx Carcinoma	要完成比对后处理与去重，从原始双端测序数据（R1）开始需要经过哪些工具依次处理？	推荐工具链：star -> samtools。流程为：RNA序列比对。起始输入为项目 Single-cell RNA analysis reveals an epithelial-immune dual feature of tumor cells in nasopharyngeal carcinoma（HRA000087）中的 原始双端测序数据（R1），该数据真实存在（文件引用已脱敏），可依次完成目标：比对后处理与去重。	["RAW_PAIRED_END_R1_FASTQ", "RAW_PAIRED_END_R2_FASTQ"]	["REFERENCE_GENOME_FASTA"]	"RNA序列比对"	[]		[{"study": "HRA000087", "project_name": "Single-cell RNA analysis reveals an epithelial-immune dual feature of tumor cells in nasopharyngeal carcinoma", "tumor_subtype": "Nasopharynx Carcinoma", "semantic_format": "RAW_PAIRED_END_R1_FASTQ", "data_desc": "原始双端测序数据（R1）", "count": 1553}]
class100497	class1_tool_recommend	tool_chain	表达定量	T005,T011	star -> rsem	HRA000122	Integrated Genomic Analyses Identify High-Risk Factors Associated with Poor Outcomes of T-ALL	Acute T cell leukemia	项目Integrated Genomic Analyses Identify High-Risk Factors Associated with Poor Outcomes of T-ALL中有原始双端测序数据（R1），如果要表达定量，推荐一条包含2个工具的处理流程是什么？	推荐工具链：star -> rsem。流程为：RNA序列比对。起始输入为项目 Integrated Genomic Analyses Identify High-Risk Factors Associated with Poor Outcomes of T-ALL（HRA000122）中的 原始双端测序数据（R1），该数据真实存在（文件引用已脱敏），可依次完成目标：表达定量。	["RAW_PAIRED_END_R1_FASTQ", "RAW_PAIRED_END_R2_FASTQ"]	["REFERENCE_GENOME_FASTA"]	"RNA序列比对"	[]		[{"study": "HRA000122", "project_name": "Integrated Genomic Analyses Identify High-Risk Factors Associated with Poor Outcomes of T-ALL", "tumor_subtype": "Acute T cell leukemia", "semantic_format": "RAW_PAIRED_END_R1_FASTQ", "data_desc": "原始双端测序数据（R1）", "count": 348}]
class100498	class1_tool_recommend	tool_chain	比对后处理与去重	T005,T007	star -> samtools	HRA000122	Integrated Genomic Analyses Identify High-Risk Factors Associated with Poor Outcomes of T-ALL	Acute T cell leukemia	我想从原始双端测序数据（R1）出发，依次完成RNA序列比对，最终比对后处理与去重，应该使用哪些工具？	推荐工具链：star -> samtools。流程为：RNA序列比对。起始输入为项目 Integrated Genomic Analyses Identify High-Risk Factors Associated with Poor Outcomes of T-ALL（HRA000122）中的 原始双端测序数据（R1），该数据真实存在（文件引用已脱敏），可依次完成目标：比对后处理与去重。	["RAW_PAIRED_END_R1_FASTQ", "RAW_PAIRED_END_R2_FASTQ"]	["REFERENCE_GENOME_FASTA"]	"RNA序列比对"	[]		[{"study": "HRA000122", "project_name": "Integrated Genomic Analyses Identify High-Risk Factors Associated with Poor Outcomes of T-ALL", "tumor_subtype": "Acute T cell leukemia", "semantic_format": "RAW_PAIRED_END_R1_FASTQ", "data_desc": "原始双端测序数据（R1）", "count": 348}]
class100499	class1_tool_recommend	tool_chain	表达定量	T005,T011	star -> rsem	HRA001272	Integrated genomic and transcriptomic profiling dissects spatiotemporal evolution of metastatic hepatocellular carcinoma	Hepatocellular carcinoma	要完成表达定量，从原始双端测序数据（R1）开始需要经过哪些工具依次处理？	推荐工具链：star -> rsem。流程为：RNA序列比对。起始输入为项目 Integrated genomic and transcriptomic profiling dissects spatiotemporal evolution of metastatic hepatocellular carcinoma（HRA001272）中的 原始双端测序数据（R1），该数据真实存在（文件引用已脱敏），可依次完成目标：表达定量。	["RAW_PAIRED_END_R1_FASTQ", "RAW_PAIRED_END_R2_FASTQ"]	["REFERENCE_GENOME_FASTA"]	"RNA序列比对"	[]		[{"study": "HRA001272", "project_name": "Integrated genomic and transcriptomic profiling dissects spatiotemporal evolution of metastatic hepatocellular carcinoma", "tumor_subtype": "Hepatocellular carcinoma", "semantic_format": "RAW_PAIRED_END_R1_FASTQ", "data_desc": "原始双端测序数据（R1）", "count": 1180}]
class100500	class1_tool_recommend	tool_chain	比对后处理与去重	T005,T007	star -> samtools	HRA001272	Integrated genomic and transcriptomic profiling dissects spatiotemporal evolution of metastatic hepatocellular carcinoma	Hepatocellular carcinoma	项目Integrated genomic and transcriptomic profiling dissects spatiotemporal evolution of metastatic hepatocellular carcinoma中有原始双端测序数据（R1），如果要比对后处理与去重，推荐一条包含2个工具的处理流程是什么？	推荐工具链：star -> samtools。流程为：RNA序列比对。起始输入为项目 Integrated genomic and transcriptomic profiling dissects spatiotemporal evolution of metastatic hepatocellular carcinoma（HRA001272）中的 原始双端测序数据（R1），该数据真实存在（文件引用已脱敏），可依次完成目标：比对后处理与去重。	["RAW_PAIRED_END_R1_FASTQ", "RAW_PAIRED_END_R2_FASTQ"]	["REFERENCE_GENOME_FASTA"]	"RNA序列比对"	[]		[{"study": "HRA001272", "project_name": "Integrated genomic and transcriptomic profiling dissects spatiotemporal evolution of metastatic hepatocellular carcinoma", "tumor_subtype": "Hepatocellular carcinoma", "semantic_format": "RAW_PAIRED_END_R1_FASTQ", "data_desc": "原始双端测序数据（R1）", "count": 1180}]
class100501	class1_tool_recommend	negative	相关分析	T013	multiqc				工具 multiqc 可以处理哪些数据？	工具 multiqc 在图谱中未登记任何数据类必需输入格式，无法为其配对具体数据，因此暂时不能生成工具-数据配对问答。	[]	[]	[]	[]	no_matching_data	[]
class100502	class1_tool_recommend	negative	相关分析	T025	bootstrap_stability				工具 bootstrap_stability 可以处理哪些数据？	工具 bootstrap_stability 在图谱中未登记任何数据类必需输入格式，无法为其配对具体数据，因此暂时不能生成工具-数据配对问答。	[]	[]	[]	[]	no_matching_data	[]
class100503	class1_tool_recommend	negative	相关分析	T037	hvg_pca_gmm				工具 hvg_pca_gmm 可以处理哪些数据？	工具 hvg_pca_gmm 在图谱中未登记任何数据类必需输入格式，无法为其配对具体数据，因此暂时不能生成工具-数据配对问答。	[]	[]	[]	[]	no_matching_data	[]
class100504	class1_tool_recommend	negative	单细胞比对与定量	T003	cellranger_workflow	HRA000087	Single-cell RNA analysis reveals an epithelial-immune dual feature of tumor cells in nasopharyngeal carcinoma		项目Single-cell RNA analysis reveals an epithelial-immune dual feature of tumor cells in nasopharyngeal carcinoma中有原始单端测序数据，想用cellranger_workflow做单细胞比对与定量，这个数据是否足够？	不建议直接使用 cellranger_workflow。图谱中项目 Single-cell RNA analysis reveals an epithelial-immune dual feature of tumor cells in nasopharyngeal carcinoma（HRA000087）缺少该工具必需的输入：基因组比对 BAM 数据，无法满足严格匹配条件。	[]	[]	[]	[]	no_matching_data	[]
class100505	class1_tool_recommend	negative	单细胞比对与定量	T003	cellranger_workflow	HRA001748	scRNA-seq of liver cancer		我手上有scRNA-seq of liver cancer的原始单端测序数据，能否直接用cellranger_workflow完成单细胞比对与定量？	不建议直接使用 cellranger_workflow。图谱中项目 scRNA-seq of liver cancer（HRA001748）缺少该工具必需的输入：基因组比对 BAM 数据，无法满足严格匹配条件。	[]	[]	[]	[]	no_matching_data	[]
class100506	class1_tool_recommend	negative	单细胞比对与定量	T003	cellranger_workflow	HRA005191	Immune Correlates of Response and Resistance to Neoadjuvant Chemo-immunotherapy in Non-small Cell Lung Cancer		项目Immune Correlates of Response and Resistance to Neoadjuvant Chemo-immunotherapy in Non-small Cell Lung Cancer中有原始单端测序数据，想用cellranger_workflow做单细胞比对与定量，这个数据是否足够？	不建议直接使用 cellranger_workflow。图谱中项目 Immune Correlates of Response and Resistance to Neoadjuvant Chemo-immunotherapy in Non-small Cell Lung Cancer（HRA005191）缺少该工具必需的输入：基因组比对 BAM 数据，无法满足严格匹配条件。	[]	[]	[]	[]	no_matching_data	[]
class100507	class1_tool_recommend	negative	单细胞比对与定量	T003	cellranger_workflow	HRA000001	CAS Precision Medicine Initiative, capital Initiative		我手上有CAS Precision Medicine Initiative, capital Initiative的原始单端测序数据，能否直接用cellranger_workflow完成单细胞比对与定量？	不建议直接使用 cellranger_workflow。图谱中项目 CAS Precision Medicine Initiative, capital Initiative（HRA000001）缺少该工具必需的输入：基因组比对 BAM 数据，无法满足严格匹配条件。	[]	[]	[]	[]	no_matching_data	[]
class100508	class1_tool_recommend	negative	比对后处理与去重	T007	samtools	HRA000087	Single-cell RNA analysis reveals an epithelial-immune dual feature of tumor cells in nasopharyngeal carcinoma		项目Single-cell RNA analysis reveals an epithelial-immune dual feature of tumor cells in nasopharyngeal carcinoma中有基因组比对 BAM 数据，想用samtools做比对后处理与去重，这个数据是否足够？	不建议直接使用 samtools。图谱中项目 Single-cell RNA analysis reveals an epithelial-immune dual feature of tumor cells in nasopharyngeal carcinoma（HRA000087）缺少该工具必需的输入：基因组比对 BAM 数据，无法满足严格匹配条件。	[]	[]	[]	[]	no_matching_data	[]
class100509	class1_tool_recommend	negative	比对后处理与去重	T007	samtools	HRA001748	scRNA-seq of liver cancer		我手上有scRNA-seq of liver cancer的基因组比对 BAM 数据，能否直接用samtools完成比对后处理与去重？	不建议直接使用 samtools。图谱中项目 scRNA-seq of liver cancer（HRA001748）缺少该工具必需的输入：基因组比对 BAM 数据，无法满足严格匹配条件。	[]	[]	[]	[]	no_matching_data	[]
class100510	class1_tool_recommend	negative	比对后处理与去重	T007	samtools	HRA005191	Immune Correlates of Response and Resistance to Neoadjuvant Chemo-immunotherapy in Non-small Cell Lung Cancer		项目Immune Correlates of Response and Resistance to Neoadjuvant Chemo-immunotherapy in Non-small Cell Lung Cancer中有基因组比对 BAM 数据，想用samtools做比对后处理与去重，这个数据是否足够？	不建议直接使用 samtools。图谱中项目 Immune Correlates of Response and Resistance to Neoadjuvant Chemo-immunotherapy in Non-small Cell Lung Cancer（HRA005191）缺少该工具必需的输入：基因组比对 BAM 数据，无法满足严格匹配条件。	[]	[]	[]	[]	no_matching_data	[]
class100511	class1_tool_recommend	negative	比对后处理与去重	T007	samtools	HRA000001	CAS Precision Medicine Initiative, capital Initiative		我手上有CAS Precision Medicine Initiative, capital Initiative的基因组比对 BAM 数据，能否直接用samtools完成比对后处理与去重？	不建议直接使用 samtools。图谱中项目 CAS Precision Medicine Initiative, capital Initiative（HRA000001）缺少该工具必需的输入：基因组比对 BAM 数据，无法满足严格匹配条件。	[]	[]	[]	[]	no_matching_data	[]
class100512	class1_tool_recommend	negative	体细胞变异检测	T008	gatk	HRA000087	Single-cell RNA analysis reveals an epithelial-immune dual feature of tumor cells in nasopharyngeal carcinoma		项目Single-cell RNA analysis reveals an epithelial-immune dual feature of tumor cells in nasopharyngeal carcinoma中有基因组比对 BAM 数据，想用gatk做体细胞变异检测，这个数据是否足够？	不建议直接使用 gatk。图谱中项目 Single-cell RNA analysis reveals an epithelial-immune dual feature of tumor cells in nasopharyngeal carcinoma（HRA000087）缺少该工具必需的输入：基因组比对 BAM 数据，无法满足严格匹配条件。	[]	[]	[]	[]	no_matching_data	[]
class100513	class1_tool_recommend	negative	体细胞变异检测	T008	gatk	HRA001748	scRNA-seq of liver cancer		我手上有scRNA-seq of liver cancer的基因组比对 BAM 数据，能否直接用gatk完成体细胞变异检测？	不建议直接使用 gatk。图谱中项目 scRNA-seq of liver cancer（HRA001748）缺少该工具必需的输入：基因组比对 BAM 数据，无法满足严格匹配条件。	[]	[]	[]	[]	no_matching_data	[]
class100514	class1_tool_recommend	negative	体细胞变异检测	T008	gatk	HRA005191	Immune Correlates of Response and Resistance to Neoadjuvant Chemo-immunotherapy in Non-small Cell Lung Cancer		项目Immune Correlates of Response and Resistance to Neoadjuvant Chemo-immunotherapy in Non-small Cell Lung Cancer中有基因组比对 BAM 数据，想用gatk做体细胞变异检测，这个数据是否足够？	不建议直接使用 gatk。图谱中项目 Immune Correlates of Response and Resistance to Neoadjuvant Chemo-immunotherapy in Non-small Cell Lung Cancer（HRA005191）缺少该工具必需的输入：基因组比对 BAM 数据，无法满足严格匹配条件。	[]	[]	[]	[]	no_matching_data	[]
class100515	class1_tool_recommend	negative	体细胞变异检测	T008	gatk	HRA000001	CAS Precision Medicine Initiative, capital Initiative		我手上有CAS Precision Medicine Initiative, capital Initiative的基因组比对 BAM 数据，能否直接用gatk完成体细胞变异检测？	不建议直接使用 gatk。图谱中项目 CAS Precision Medicine Initiative, capital Initiative（HRA000001）缺少该工具必需的输入：基因组比对 BAM 数据，无法满足严格匹配条件。	[]	[]	[]	[]	no_matching_data	[]
class100516	class1_tool_recommend	negative	变异过滤与处理	T009	bcftools	HRA000021	Whole Genome Sequencing  in Esophageal Squamous Cell Carcinoma		项目Whole Genome Sequencing  in Esophageal Squamous Cell Carcinoma中有VCF 索引数据，想用bcftools做变异过滤与处理，这个数据是否足够？	不建议直接使用 bcftools。图谱中项目 Whole Genome Sequencing  in Esophageal Squamous Cell Carcinoma（HRA000021）缺少该工具必需的输入：VCF 索引数据、变异 VCF 数据，无法满足严格匹配条件。	[]	[]	[]	[]	no_matching_data	[]
class100517	class1_tool_recommend	negative	变异过滤与处理	T009	bcftools	HRA000071	Chinese Glioma Genome Altas (CGGA) - WES dataset		我手上有Chinese Glioma Genome Altas (CGGA) - WES dataset的变异 VCF 数据，能否直接用bcftools完成变异过滤与处理？	不建议直接使用 bcftools。图谱中项目 Chinese Glioma Genome Altas (CGGA) - WES dataset（HRA000071）缺少该工具必需的输入：VCF 索引数据，无法满足严格匹配条件。	[]	[]	[]	[]	no_matching_data	[]
class100518	class1_tool_recommend	negative	变异过滤与处理	T009	bcftools	HRA000073	Chinese Glioma Genome Altas (CGGA) - RNA-seq dataset (325)		项目Chinese Glioma Genome Altas (CGGA) - RNA-seq dataset (325)中有VCF 索引数据，想用bcftools做变异过滤与处理，这个数据是否足够？	不建议直接使用 bcftools。图谱中项目 Chinese Glioma Genome Altas (CGGA) - RNA-seq dataset (325)（HRA000073）缺少该工具必需的输入：VCF 索引数据、变异 VCF 数据，无法满足严格匹配条件。	[]	[]	[]	[]	no_matching_data	[]
class100519	class1_tool_recommend	negative	变异过滤与处理	T009	bcftools	HRA000074	Chinese Glioma Genome Altas (CGGA) - RNA-seq dataset (693)		我手上有Chinese Glioma Genome Altas (CGGA) - RNA-seq dataset (693)的VCF 索引数据，能否直接用bcftools完成变异过滤与处理？	不建议直接使用 bcftools。图谱中项目 Chinese Glioma Genome Altas (CGGA) - RNA-seq dataset (693)（HRA000074）缺少该工具必需的输入：VCF 索引数据、变异 VCF 数据，无法满足严格匹配条件。	[]	[]	[]	[]	no_matching_data	[]
class100520	class1_tool_recommend	negative	变异过滤与处理	T009	bcftools	HRA000087	Single-cell RNA analysis reveals an epithelial-immune dual feature of tumor cells in nasopharyngeal carcinoma		项目Single-cell RNA analysis reveals an epithelial-immune dual feature of tumor cells in nasopharyngeal carcinoma中有VCF 索引数据，想用bcftools做变异过滤与处理，这个数据是否足够？	不建议直接使用 bcftools。图谱中项目 Single-cell RNA analysis reveals an epithelial-immune dual feature of tumor cells in nasopharyngeal carcinoma（HRA000087）缺少该工具必需的输入：VCF 索引数据、变异 VCF 数据，无法满足严格匹配条件。	[]	[]	[]	[]	no_matching_data	[]
class100521	class1_tool_recommend	negative	变异过滤与处理	T009	bcftools	HRA000122	Integrated Genomic Analyses Identify High-Risk Factors Associated with Poor Outcomes of T-ALL		我手上有Integrated Genomic Analyses Identify High-Risk Factors Associated with Poor Outcomes of T-ALL的VCF 索引数据，能否直接用bcftools完成变异过滤与处理？	不建议直接使用 bcftools。图谱中项目 Integrated Genomic Analyses Identify High-Risk Factors Associated with Poor Outcomes of T-ALL（HRA000122）缺少该工具必需的输入：VCF 索引数据、变异 VCF 数据，无法满足严格匹配条件。	[]	[]	[]	[]	no_matching_data	[]
class100522	class1_tool_recommend	negative	变异过滤与处理	T009	bcftools	HRA001748	scRNA-seq of liver cancer		项目scRNA-seq of liver cancer中有VCF 索引数据，想用bcftools做变异过滤与处理，这个数据是否足够？	不建议直接使用 bcftools。图谱中项目 scRNA-seq of liver cancer（HRA001748）缺少该工具必需的输入：VCF 索引数据、变异 VCF 数据，无法满足严格匹配条件。	[]	[]	[]	[]	no_matching_data	[]
class100523	class1_tool_recommend	negative	变异过滤与处理	T009	bcftools	HRA001749	scRNA-seq of liver cancer		我手上有scRNA-seq of liver cancer的变异 VCF 数据，能否直接用bcftools完成变异过滤与处理？	不建议直接使用 bcftools。图谱中项目 scRNA-seq of liver cancer（HRA001749）缺少该工具必需的输入：VCF 索引数据，无法满足严格匹配条件。	[]	[]	[]	[]	no_matching_data	[]
class100524	class1_tool_recommend	negative	变异过滤与处理	T009	bcftools	HRA002693	Multi-center RNA sequencing analysis for acute myeloid leukemia		项目Multi-center RNA sequencing analysis for acute myeloid leukemia中有VCF 索引数据，想用bcftools做变异过滤与处理，这个数据是否足够？	不建议直接使用 bcftools。图谱中项目 Multi-center RNA sequencing analysis for acute myeloid leukemia（HRA002693）缺少该工具必需的输入：VCF 索引数据、变异 VCF 数据，无法满足严格匹配条件。	[]	[]	[]	[]	no_matching_data	[]
class100525	class1_tool_recommend	negative	变异过滤与处理	T009	bcftools	HRA003107	Multi-omics integrative analysis of esophageal squamous carcinoma		我手上有Multi-omics integrative analysis of esophageal squamous carcinoma的VCF 索引数据，能否直接用bcftools完成变异过滤与处理？	不建议直接使用 bcftools。图谱中项目 Multi-omics integrative analysis of esophageal squamous carcinoma（HRA003107）缺少该工具必需的输入：VCF 索引数据、变异 VCF 数据，无法满足严格匹配条件。	[]	[]	[]	[]	no_matching_data	[]
class100526	class1_tool_recommend	negative	变异过滤与处理	T009	bcftools	HRA005191	Immune Correlates of Response and Resistance to Neoadjuvant Chemo-immunotherapy in Non-small Cell Lung Cancer		项目Immune Correlates of Response and Resistance to Neoadjuvant Chemo-immunotherapy in Non-small Cell Lung Cancer中有VCF 索引数据，想用bcftools做变异过滤与处理，这个数据是否足够？	不建议直接使用 bcftools。图谱中项目 Immune Correlates of Response and Resistance to Neoadjuvant Chemo-immunotherapy in Non-small Cell Lung Cancer（HRA005191）缺少该工具必需的输入：VCF 索引数据、变异 VCF 数据，无法满足严格匹配条件。	[]	[]	[]	[]	no_matching_data	[]
class100527	class1_tool_recommend	negative	变异过滤与处理	T009	bcftools	HRA006117	Aging and leukemia		我手上有Aging and leukemia的VCF 索引数据，能否直接用bcftools完成变异过滤与处理？	不建议直接使用 bcftools。图谱中项目 Aging and leukemia（HRA006117）缺少该工具必需的输入：VCF 索引数据、变异 VCF 数据，无法满足严格匹配条件。	[]	[]	[]	[]	no_matching_data	[]
class100528	class1_tool_recommend	negative	变异过滤与处理	T009	bcftools	HRA007167	Multi-omics of acral melanoma		项目Multi-omics of acral melanoma中有VCF 索引数据，想用bcftools做变异过滤与处理，这个数据是否足够？	不建议直接使用 bcftools。图谱中项目 Multi-omics of acral melanoma（HRA007167）缺少该工具必需的输入：VCF 索引数据、变异 VCF 数据，无法满足严格匹配条件。	[]	[]	[]	[]	no_matching_data	[]
class100529	class1_tool_recommend	negative	变异过滤与处理	T009	bcftools	HRA007413	Multi-omics research of acute myeloid leukemia		我手上有Multi-omics research of acute myeloid leukemia的VCF 索引数据，能否直接用bcftools完成变异过滤与处理？	不建议直接使用 bcftools。图谱中项目 Multi-omics research of acute myeloid leukemia（HRA007413）缺少该工具必需的输入：VCF 索引数据、变异 VCF 数据，无法满足严格匹配条件。	[]	[]	[]	[]	no_matching_data	[]
class100530	class1_tool_recommend	negative	变异过滤与处理	T009	bcftools	HRA000001	CAS Precision Medicine Initiative, capital Initiative		项目CAS Precision Medicine Initiative, capital Initiative中有变异 VCF 数据，想用bcftools做变异过滤与处理，这个数据是否足够？	不建议直接使用 bcftools。图谱中项目 CAS Precision Medicine Initiative, capital Initiative（HRA000001）缺少该工具必需的输入：VCF 索引数据，无法满足严格匹配条件。	[]	[]	[]	[]	no_matching_data	[]
class100531	class1_tool_recommend	negative	生存分析			HRA000071	Chinese Glioma Genome Altas (CGGA) - WES dataset		Chinese Glioma Genome Altas (CGGA) - WES dataset是否登记了可用于判断生存分析适用性的癌种信息？	项目 Chinese Glioma Genome Altas (CGGA) - WES dataset 未登记可用于判断 生存分析 适用性的癌种信息，无法确认是否适用，建议补充癌种标注后再确认。	[]	[]	[]	[]	missing_tumor_type	[]
class100532	class1_tool_recommend	negative	生存分析			HRA000073	Chinese Glioma Genome Altas (CGGA) - RNA-seq dataset (325)		项目Chinese Glioma Genome Altas (CGGA) - RNA-seq dataset (325)的数据能不能用于生存分析分析？	项目 Chinese Glioma Genome Altas (CGGA) - RNA-seq dataset (325) 未登记可用于判断 生存分析 适用性的癌种信息，无法确认是否适用，建议补充癌种标注后再确认。	[]	[]	[]	[]	missing_tumor_type	[]
class100533	class1_tool_recommend	negative	生存分析			HRA000087	Single-cell RNA analysis reveals an epithelial-immune dual feature of tumor cells in nasopharyngeal carcinoma		Single-cell RNA analysis reveals an epithelial-immune dual feature of tumor cells in nasopharyngeal carcinoma是否登记了可用于判断生存分析适用性的癌种信息？	项目 Single-cell RNA analysis reveals an epithelial-immune dual feature of tumor cells in nasopharyngeal carcinoma 未登记可用于判断 生存分析 适用性的癌种信息，无法确认是否适用，建议补充癌种标注后再确认。	[]	[]	[]	[]	missing_tumor_type	[]
class100534	class1_tool_recommend	negative	生存分析			HRA002693	Multi-center RNA sequencing analysis for acute myeloid leukemia		项目Multi-center RNA sequencing analysis for acute myeloid leukemia的数据能不能用于生存分析分析？	项目 Multi-center RNA sequencing analysis for acute myeloid leukemia 未登记可用于判断 生存分析 适用性的癌种信息，无法确认是否适用，建议补充癌种标注后再确认。	[]	[]	[]	[]	missing_tumor_type	[]
class100535	class1_tool_recommend	negative	生存分析			HRA006117	Aging and leukemia		Aging and leukemia是否登记了可用于判断生存分析适用性的癌种信息？	项目 Aging and leukemia 未登记可用于判断 生存分析 适用性的癌种信息，无法确认是否适用，建议补充癌种标注后再确认。	[]	[]	[]	[]	missing_tumor_type	[]
class100536	class1_tool_recommend	negative	生存分析			HRA007413	Multi-omics research of acute myeloid leukemia		项目Multi-omics research of acute myeloid leukemia的数据能不能用于生存分析分析？	项目 Multi-omics research of acute myeloid leukemia 未登记可用于判断 生存分析 适用性的癌种信息，无法确认是否适用，建议补充癌种标注后再确认。	[]	[]	[]	[]	missing_tumor_type	[]
class100537	class1_tool_recommend	negative	生存分析			HRA016026	Multi-omics Landscape of Central Nervous System Tumors		Multi-omics Landscape of Central Nervous System Tumors是否登记了可用于判断生存分析适用性的癌种信息？	项目 Multi-omics Landscape of Central Nervous System Tumors 未登记可用于判断 生存分析 适用性的癌种信息，无法确认是否适用，建议补充癌种标注后再确认。	[]	[]	[]	[]	missing_tumor_type	[]
class100538	class1_tool_recommend	negative	相关分析						我拿到了临床数据，想做分析，图谱中是否有对应工具？	图谱中未找到以 临床数据 作为必需输入的对应工具。该数据（CLINICAL）当前没有可用的分析工具覆盖。	[]	[]	[]	[]	no_tool	[]
class100539	class1_tool_recommend	negative	相关分析						对于BAM 索引数据，目前有没有可以直接使用的分析工具？	图谱中未找到以 BAM 索引数据 作为必需输入的对应工具。该数据（DNA_ALIGNMENT_INDEX_BAI）当前没有可用的分析工具覆盖。	[]	[]	[]	[]	no_tool	[]
class100540	class1_tool_recommend	negative	相关分析						我拿到了变异统计报告数据，想做分析，图谱中是否有对应工具？	图谱中未找到以 变异统计报告数据 作为必需输入的对应工具。该数据（DNA_VARIANT_STATS_REPORT）当前没有可用的分析工具覆盖。	[]	[]	[]	[]	no_tool	[]
class100541	class1_tool_recommend	negative	相关分析						对于个体元数据，目前有没有可以直接使用的分析工具？	图谱中未找到以 个体元数据 作为必需输入的对应工具。该数据（INDIVIDUAL_META）当前没有可用的分析工具覆盖。	[]	[]	[]	[]	no_tool	[]
class100542	class1_tool_recommend	negative	相关分析						我拿到了其他未分类数据，想做分析，图谱中是否有对应工具？	图谱中未找到以 其他未分类数据 作为必需输入的对应工具。该数据（OTHER_UNCLASSIFIED_DATA）当前没有可用的分析工具覆盖。	[]	[]	[]	[]	no_tool	[]
class100543	class1_tool_recommend	negative	相关分析						对于项目元数据，目前有没有可以直接使用的分析工具？	图谱中未找到以 项目元数据 作为必需输入的对应工具。该数据（PROJECT_META）当前没有可用的分析工具覆盖。	[]	[]	[]	[]	no_tool	[]
class100544	class1_tool_recommend	negative	相关分析						我拿到了剪接位点表格数据，想做分析，图谱中是否有对应工具？	图谱中未找到以 剪接位点表格数据 作为必需输入的对应工具。该数据（RNA_SPLICEJUNCTION_TAB）当前没有可用的分析工具覆盖。	[]	[]	[]	[]	no_tool	[]
class100545	class1_tool_recommend	negative	相关分析						对于样本元数据，目前有没有可以直接使用的分析工具？	图谱中未找到以 样本元数据 作为必需输入的对应工具。该数据（SAMPLE_META）当前没有可用的分析工具覆盖。	[]	[]	[]	[]	no_tool	[]
class100546	class1_tool_recommend	negative	相关分析						我拿到了研究元数据，想做分析，图谱中是否有对应工具？	图谱中未找到以 研究元数据 作为必需输入的对应工具。该数据（STUDY_META）当前没有可用的分析工具覆盖。	[]	[]	[]	[]	no_tool	[]
class100547	class1_tool_recommend	negative	相关分析						对于一级文件元数据，目前有没有可以直接使用的分析工具？	图谱中未找到以 一级文件元数据 作为必需输入的对应工具。该数据（T1_META）当前没有可用的分析工具覆盖。	[]	[]	[]	[]	no_tool	[]
class100548	class1_tool_recommend	negative	变异注释	T010	snpeff	HRA000021	Whole Genome Sequencing  in Esophageal Squamous Cell Carcinoma		项目Whole Genome Sequencing  in Esophageal Squamous Cell Carcinoma中有变异 VCF 数据，想用snpeff做变异注释，这个数据是否足够？	不建议直接使用 snpeff。图谱中项目 Whole Genome Sequencing  in Esophageal Squamous Cell Carcinoma（HRA000021）缺少该工具必需的输入：变异 VCF 数据，无法满足严格匹配条件。	[]	[]	[]	[]	no_matching_data	[]
class100549	class1_tool_recommend	negative	变异注释	T010	snpeff	HRA000073	Chinese Glioma Genome Altas (CGGA) - RNA-seq dataset (325)		我手上有Chinese Glioma Genome Altas (CGGA) - RNA-seq dataset (325)的变异 VCF 数据，能否直接用snpeff完成变异注释？	不建议直接使用 snpeff。图谱中项目 Chinese Glioma Genome Altas (CGGA) - RNA-seq dataset (325)（HRA000073）缺少该工具必需的输入：变异 VCF 数据，无法满足严格匹配条件。	[]	[]	[]	[]	no_matching_data	[]
class100550	class1_tool_recommend	negative	变异注释	T010	snpeff	HRA000074	Chinese Glioma Genome Altas (CGGA) - RNA-seq dataset (693)		项目Chinese Glioma Genome Altas (CGGA) - RNA-seq dataset (693)中有变异 VCF 数据，想用snpeff做变异注释，这个数据是否足够？	不建议直接使用 snpeff。图谱中项目 Chinese Glioma Genome Altas (CGGA) - RNA-seq dataset (693)（HRA000074）缺少该工具必需的输入：变异 VCF 数据，无法满足严格匹配条件。	[]	[]	[]	[]	no_matching_data	[]
